preset	collection	source	zone	type	gender	uvX	uvY	scaleX	scaleY	rot	txd	txt
FM_CREW_M_000_A	multiplayer_overlays	common.rpf/data/effects/peds/multiplayer_overlays.xml	ZONE_TORSO	TYPE_BADGE	GENDER_MALE	0.845000	0.680000	0.050000	0.050000	0.000000	CREW_EMBLEM_TEXTURE	CREW_EMBLEM_TEXTURE
FM_CREW_M_000_B	multiplayer_overlays	common.rpf/data/effects/peds/multiplayer_overlays.xml	ZONE_TORSO	TYPE_BADGE	GENDER_MALE	0.745000	0.620000	0.120000	0.120000	-4.320000	CREW_EMBLEM_TEXTURE	CREW_EMBLEM_TEXTURE
FM_CREW_M_000_C	multiplayer_overlays	common.rpf/data/effects/peds/multiplayer_overlays.xml	ZONE_TORSO	TYPE_BADGE	GENDER_MALE	1.245000	0.670000	0.130000	0.130000	-4.320000	CREW_EMBLEM_TEXTURE	CREW_EMBLEM_TEXTURE
FM_CREW_M_000_D	multiplayer_overlays	common.rpf/data/effects/peds/multiplayer_overlays.xml	ZONE_TORSO	TYPE_BADGE	GENDER_MALE	0.820000	0.650000	0.050000	0.050000	0.000000	CREW_EMBLEM_TEXTURE	CREW_EMBLEM_TEXTURE
FM_CREW_M_000_E	multiplayer_overlays	common.rpf/data/effects/peds/multiplayer_overlays.xml	ZONE_TORSO	TYPE_BADGE	GENDER_MALE	0.740000	0.575000	0.100000	0.110000	0.000000	CREW_EMBLEM_TEXTURE	CREW_EMBLEM_TEXTURE
FM_CREW_M_000_F	multiplayer_overlays	common.rpf/data/effects/peds/multiplayer_overlays.xml	ZONE_TORSO	TYPE_BADGE	GENDER_MALE	0.234000	0.675000	0.110000	0.110000	0.000000	CREW_EMBLEM_TEXTURE	CREW_EMBLEM_TEXTURE
FM_CREW_F_000_A	multiplayer_overlays	common.rpf/data/effects/peds/multiplayer_overlays.xml	ZONE_TORSO	TYPE_BADGE	GENDER_FEMALE	0.810000	0.610000	0.040000	0.040000	0.000000	CREW_EMBLEM_TEXTURE	CREW_EMBLEM_TEXTURE
FM_CREW_F_000_B	multiplayer_overlays	common.rpf/data/effects/peds/multiplayer_overlays.xml	ZONE_TORSO	TYPE_BADGE	GENDER_FEMALE	0.810000	0.650000	0.040000	0.040000	-9.360000	CREW_EMBLEM_TEXTURE	CREW_EMBLEM_TEXTURE
FM_CREW_F_000_C	multiplayer_overlays	common.rpf/data/effects/peds/multiplayer_overlays.xml	ZONE_TORSO	TYPE_BADGE	GENDER_FEMALE	0.740000	0.500000	0.100000	0.100000	0.000000	CREW_EMBLEM_TEXTURE	CREW_EMBLEM_TEXTURE
FM_CREW_F_000_D	multiplayer_overlays	common.rpf/data/effects/peds/multiplayer_overlays.xml	ZONE_TORSO	TYPE_BADGE	GENDER_FEMALE	0.740000	0.600000	0.100000	0.100000	0.000000	CREW_EMBLEM_TEXTURE	CREW_EMBLEM_TEXTURE
FM_Tat_Award_M_000	multiplayer_overlays	common.rpf/data/effects/peds/multiplayer_overlays.xml	ZONE_HEAD	TYPE_TATTOO	GENDER_MALE	-0.500000	0.600000	0.450000	0.300000	0.000000	mp_fm_tat_award_000	mp_fm_tat_award_000
FM_Tat_Award_M_001	multiplayer_overlays	common.rpf/data/effects/peds/multiplayer_overlays.xml	ZONE_LEFT_ARM	TYPE_TATTOO	GENDER_MALE	-0.250000	0.480000	0.120000	0.125000	0.000000	mp_fm_tat_award_001	mp_fm_tat_award_001
FM_Tat_Award_M_002	multiplayer_overlays	common.rpf/data/effects/peds/multiplayer_overlays.xml	ZONE_RIGHT_ARM	TYPE_TATTOO	GENDER_MALE	-0.530000	0.770000	0.115000	0.180000	0.000000	mp_fm_tat_award_002	mp_fm_tat_award_002
FM_Tat_Award_M_003	multiplayer_overlays	common.rpf/data/effects/peds/multiplayer_overlays.xml	ZONE_TORSO	TYPE_TATTOO	GENDER_MALE	-0.370000	0.610000	0.130000	0.130000	0.000000	mp_fm_tat_award_003	mp_fm_tat_award_003
FM_Tat_Award_M_004	multiplayer_overlays	common.rpf/data/effects/peds/multiplayer_overlays.xml	ZONE_TORSO	TYPE_TATTOO	GENDER_MALE	-0.265000	0.275000	0.250000	0.280000	0.000000	mp_fm_tat_award_004	mp_fm_tat_award_004
FM_Tat_Award_M_005	multiplayer_overlays	common.rpf/data/effects/peds/multiplayer_overlays.xml	ZONE_TORSO	TYPE_TATTOO	GENDER_MALE	0.230000	0.570000	0.220000	0.250000	0.000000	mp_fm_tat_award_005	mp_fm_tat_award_005
FM_Tat_Award_M_006	multiplayer_overlays	common.rpf/data/effects/peds/multiplayer_overlays.xml	ZONE_RIGHT_LEG	TYPE_TATTOO	GENDER_MALE	-0.330000	0.300000	0.200000	0.200000	0.000000	mp_fm_tat_award_006	mp_fm_tat_award_006
FM_Tat_Award_M_007	multiplayer_overlays	common.rpf/data/effects/peds/multiplayer_overlays.xml	ZONE_LEFT_ARM	TYPE_TATTOO	GENDER_MALE	-0.500000	0.800000	0.180000	0.200000	0.000000	mp_fm_tat_award_007	mp_fm_tat_award_007
FM_Tat_Award_M_008	multiplayer_overlays	common.rpf/data/effects/peds/multiplayer_overlays.xml	ZONE_TORSO	TYPE_TATTOO	GENDER_MALE	0.230000	0.250000	0.150000	0.150000	0.000000	mp_fm_tat_award_008	mp_fm_tat_award_008
FM_Tat_Award_M_009	multiplayer_overlays	common.rpf/data/effects/peds/multiplayer_overlays.xml	ZONE_LEFT_LEG	TYPE_TATTOO	GENDER_MALE	-0.750000	0.350000	0.200000	0.200000	0.000000	mp_fm_tat_award_009	mp_fm_tat_award_009
FM_Tat_Award_M_010	multiplayer_overlays	common.rpf/data/effects/peds/multiplayer_overlays.xml	ZONE_RIGHT_ARM	TYPE_TATTOO	GENDER_MALE	-0.300000	0.450000	0.150000	0.180000	90.000000	mp_fm_tat_award_010	mp_fm_tat_award_010
FM_Tat_Award_M_011	multiplayer_overlays	common.rpf/data/effects/peds/multiplayer_overlays.xml	ZONE_TORSO	TYPE_TATTOO	GENDER_MALE	-0.180000	0.600000	0.120000	0.120000	-6.840000	mp_fm_tat_award_011	mp_fm_tat_award_011
FM_Tat_Award_M_012	multiplayer_overlays	common.rpf/data/effects/peds/multiplayer_overlays.xml	ZONE_TORSO	TYPE_TATTOO	GENDER_MALE	-0.180000	0.600000	0.120000	0.120000	-6.840000	mp_fm_tat_award_012	mp_fm_tat_award_012
FM_Tat_Award_M_013	multiplayer_overlays	common.rpf/data/effects/peds/multiplayer_overlays.xml	ZONE_TORSO	TYPE_TATTOO	GENDER_MALE	-0.180000	0.600000	0.120000	0.120000	-6.840000	mp_fm_tat_award_013	mp_fm_tat_award_013
FM_Tat_Award_M_014	multiplayer_overlays	common.rpf/data/effects/peds/multiplayer_overlays.xml	ZONE_TORSO	TYPE_TATTOO	GENDER_MALE	0.225000	0.230000	0.220000	0.250000	0.000000	mp_fm_tat_award_014	mp_fm_tat_award_014
FM_Tat_Award_M_015	multiplayer_overlays	common.rpf/data/effects/peds/multiplayer_overlays.xml	ZONE_LEFT_ARM	TYPE_TATTOO	GENDER_MALE	-0.500000	0.810000	0.180000	0.220000	0.000000	mp_fm_tat_award_015	mp_fm_tat_award_015
FM_Tat_Award_M_016	multiplayer_overlays	common.rpf/data/effects/peds/multiplayer_overlays.xml	ZONE_TORSO	TYPE_TATTOO	GENDER_MALE	0.225000	0.550000	0.215000	0.325000	0.000000	mp_fm_tat_award_016	mp_fm_tat_award_016
FM_Tat_Award_M_017	multiplayer_overlays	common.rpf/data/effects/peds/multiplayer_overlays.xml	ZONE_TORSO	TYPE_TATTOO	GENDER_MALE	0.225000	0.550000	0.215000	0.325000	0.000000	mp_fm_tat_award_017	mp_fm_tat_award_017
FM_Tat_Award_M_018	multiplayer_overlays	common.rpf/data/effects/peds/multiplayer_overlays.xml	ZONE_TORSO	TYPE_TATTOO	GENDER_MALE	0.225000	0.550000	0.215000	0.325000	0.000000	mp_fm_tat_award_018	mp_fm_tat_award_018
FM_Tat_Award_M_019	multiplayer_overlays	common.rpf/data/effects/peds/multiplayer_overlays.xml	ZONE_TORSO	TYPE_TATTOO	GENDER_MALE	0.225000	0.550000	0.215000	0.325000	0.000000	mp_fm_tat_award_019	mp_fm_tat_award_019
FM_Tat_M_000	multiplayer_overlays	common.rpf/data/effects/peds/multiplayer_overlays.xml	ZONE_RIGHT_ARM	TYPE_TATTOO	GENDER_DONTCARE	-0.345000	0.638000	0.250000	0.330000	0.000000	mp_fm_tat_000	mp_fm_tat_000
FM_Tat_M_001	multiplayer_overlays	common.rpf/data/effects/peds/multiplayer_overlays.xml	ZONE_RIGHT_ARM	TYPE_TATTOO	GENDER_MALE	0.510000	0.600000	0.300000	0.360000	0.000000	mp_fm_tat_001	mp_fm_tat_001
FM_Tat_M_002	multiplayer_overlays	common.rpf/data/effects/peds/multiplayer_overlays.xml	ZONE_LEFT_LEG	TYPE_TATTOO	GENDER_MALE	0.150000	0.350000	0.350000	0.250000	0.000000	mp_fm_tat_002	mp_fm_tat_002
FM_Tat_M_003	multiplayer_overlays	common.rpf/data/effects/peds/multiplayer_overlays.xml	ZONE_RIGHT_ARM	TYPE_TATTOO	GENDER_MALE	0.500000	0.755000	0.180000	0.200000	0.000000	mp_fm_tat_003	mp_fm_tat_003
FM_Tat_M_004	multiplayer_overlays	common.rpf/data/effects/peds/multiplayer_overlays.xml	ZONE_TORSO	TYPE_TATTOO	GENDER_MALE	0.720000	0.325000	0.270000	0.240000	0.000000	mp_fm_tat_004	mp_fm_tat_004
FM_Tat_M_005	multiplayer_overlays	common.rpf/data/effects/peds/multiplayer_overlays.xml	ZONE_LEFT_ARM	TYPE_TATTOO	GENDER_MALE	-0.240000	0.560000	0.200000	0.350000	0.000000	mp_fm_tat_005	mp_fm_tat_005
FM_Tat_M_006	multiplayer_overlays	common.rpf/data/effects/peds/multiplayer_overlays.xml	ZONE_LEFT_ARM	TYPE_TATTOO	GENDER_MALE	-0.260000	0.540000	0.147000	0.370000	0.000000	mp_fm_tat_006	mp_fm_tat_006
FM_Tat_M_007	multiplayer_overlays	common.rpf/data/effects/peds/multiplayer_overlays.xml	ZONE_RIGHT_LEG	TYPE_TATTOO	GENDER_MALE	-0.140000	0.320000	0.200000	0.260000	0.000000	mp_fm_tat_007	mp_fm_tat_007
FM_Tat_M_008	multiplayer_overlays	common.rpf/data/effects/peds/multiplayer_overlays.xml	ZONE_LEFT_LEG	TYPE_TATTOO	GENDER_MALE	0.250000	0.320000	-0.192000	0.200000	0.000000	mp_fm_tat_008	mp_fm_tat_008
FM_Tat_M_009	multiplayer_overlays	common.rpf/data/effects/peds/multiplayer_overlays.xml	ZONE_TORSO	TYPE_TATTOO	GENDER_MALE	0.230000	0.490000	0.240000	0.350000	0.000000	mp_fm_tat_009	mp_fm_tat_009
FM_Tat_M_010	multiplayer_overlays	common.rpf/data/effects/peds/multiplayer_overlays.xml	ZONE_TORSO	TYPE_TATTOO	GENDER_MALE	0.830000	0.600000	0.120000	0.150000	0.000000	mp_fm_tat_010	mp_fm_tat_010
FM_Tat_M_011	multiplayer_overlays	common.rpf/data/effects/peds/multiplayer_overlays.xml	ZONE_TORSO	TYPE_TATTOO	GENDER_MALE	0.140000	0.650000	0.100000	0.100000	9.720000	mp_fm_tat_011	mp_fm_tat_011
FM_Tat_M_012	multiplayer_overlays	common.rpf/data/effects/peds/multiplayer_overlays.xml	ZONE_TORSO	TYPE_TATTOO	GENDER_MALE	0.750000	0.285000	0.300000	0.340000	0.000000	mp_fm_tat_012	mp_fm_tat_012
FM_Tat_M_013	multiplayer_overlays	common.rpf/data/effects/peds/multiplayer_overlays.xml	ZONE_TORSO	TYPE_TATTOO	GENDER_MALE	0.280000	0.640000	0.130000	0.130000	0.000000	mp_fm_tat_013	mp_fm_tat_013
FM_Tat_M_014	multiplayer_overlays	common.rpf/data/effects/peds/multiplayer_overlays.xml	ZONE_RIGHT_ARM	TYPE_TATTOO	GENDER_MALE	0.700000	0.530000	0.147000	0.310000	0.000000	mp_fm_tat_014	mp_fm_tat_014
FM_Tat_M_015	multiplayer_overlays	common.rpf/data/effects/peds/multiplayer_overlays.xml	ZONE_LEFT_ARM	TYPE_TATTOO	GENDER_MALE	0.480000	0.880000	0.060000	0.080000	0.000000	mp_fm_tat_015	mp_fm_tat_015
FM_Tat_M_016	multiplayer_overlays	common.rpf/data/effects/peds/multiplayer_overlays.xml	ZONE_TORSO	TYPE_TATTOO	GENDER_MALE	0.225000	0.470000	0.240000	0.360000	0.000000	mp_fm_tat_016	mp_fm_tat_016
FM_Tat_M_017	multiplayer_overlays	common.rpf/data/effects/peds/multiplayer_overlays.xml	ZONE_RIGHT_LEG	TYPE_TATTOO	GENDER_MALE	0.380000	0.320000	0.233000	0.250000	0.000000	mp_fm_tat_017	mp_fm_tat_017
FM_Tat_M_018	multiplayer_overlays	common.rpf/data/effects/peds/multiplayer_overlays.xml	ZONE_RIGHT_ARM	TYPE_TATTOO	GENDER_MALE	0.280000	0.530000	0.300000	0.330000	0.000000	mp_fm_tat_018	mp_fm_tat_018
FM_Tat_M_019	multiplayer_overlays	common.rpf/data/effects/peds/multiplayer_overlays.xml	ZONE_TORSO	TYPE_TATTOO	GENDER_MALE	0.220000	0.470000	0.270000	0.360000	0.000000	mp_fm_tat_019	mp_fm_tat_019
FM_Tat_M_020	multiplayer_overlays	common.rpf/data/effects/peds/multiplayer_overlays.xml	ZONE_TORSO	TYPE_TATTOO	GENDER_MALE	0.230000	0.480000	0.250000	0.350000	0.000000	mp_fm_tat_020	mp_fm_tat_020
FM_Tat_M_021	multiplayer_overlays	common.rpf/data/effects/peds/multiplayer_overlays.xml	ZONE_LEFT_LEG	TYPE_TATTOO	GENDER_MALE	0.240000	0.320000	0.230000	0.250000	0.000000	mp_fm_tat_021	mp_fm_tat_021
FM_Tat_M_022	multiplayer_overlays	common.rpf/data/effects/peds/multiplayer_overlays.xml	ZONE_RIGHT_LEG	TYPE_TATTOO	GENDER_MALE	0.800000	0.320000	0.230000	0.250000	0.000000	mp_fm_tat_022	mp_fm_tat_022
FM_Tat_M_023	multiplayer_overlays	common.rpf/data/effects/peds/multiplayer_overlays.xml	ZONE_LEFT_LEG	TYPE_TATTOO	GENDER_MALE	0.240000	0.350000	0.230000	0.250000	0.000000	mp_fm_tat_023	mp_fm_tat_023
FM_Tat_M_024	multiplayer_overlays	common.rpf/data/effects/peds/multiplayer_overlays.xml	ZONE_TORSO	TYPE_TATTOO	GENDER_MALE	0.725000	0.460000	0.280000	0.290000	0.000000	mp_fm_tat_024	mp_fm_tat_024
FM_Tat_M_025	multiplayer_overlays	common.rpf/data/effects/peds/multiplayer_overlays.xml	ZONE_TORSO	TYPE_TATTOO	GENDER_MALE	0.640000	0.600000	0.100000	0.100000	0.000000	mp_fm_tat_025	mp_fm_tat_025
FM_Tat_M_026	multiplayer_overlays	common.rpf/data/effects/peds/multiplayer_overlays.xml	ZONE_LEFT_LEG	TYPE_TATTOO	GENDER_MALE	0.240000	0.300000	0.200000	0.300000	0.000000	mp_fm_tat_026	mp_fm_tat_026
FM_Tat_M_027	multiplayer_overlays	common.rpf/data/effects/peds/multiplayer_overlays.xml	ZONE_RIGHT_ARM	TYPE_TATTOO	GENDER_MALE	0.520000	0.760000	0.250000	0.250000	0.000000	mp_fm_tat_027	mp_fm_tat_027
FM_Tat_M_028	multiplayer_overlays	common.rpf/data/effects/peds/multiplayer_overlays.xml	ZONE_RIGHT_ARM	TYPE_TATTOO	GENDER_MALE	0.440000	0.440000	0.240000	0.220000	0.000000	mp_fm_tat_028	mp_fm_tat_028
FM_Tat_M_029	multiplayer_overlays	common.rpf/data/effects/peds/multiplayer_overlays.xml	ZONE_TORSO	TYPE_TATTOO	GENDER_MALE	0.900000	0.240000	0.150000	0.150000	0.000000	mp_fm_tat_029	mp_fm_tat_029
FM_Tat_M_030	multiplayer_overlays	common.rpf/data/effects/peds/multiplayer_overlays.xml	ZONE_TORSO	TYPE_TATTOO	GENDER_MALE	0.225000	0.660000	0.110000	0.130000	0.000000	mp_fm_tat_030	mp_fm_tat_030
FM_Tat_M_031	multiplayer_overlays	common.rpf/data/effects/peds/multiplayer_overlays.xml	ZONE_LEFT_ARM	TYPE_TATTOO	GENDER_MALE	0.528000	0.770000	0.256000	0.256000	0.000000	mp_fm_tat_031	mp_fm_tat_031
FM_Tat_M_032	multiplayer_overlays	common.rpf/data/effects/peds/multiplayer_overlays.xml	ZONE_LEFT_LEG	TYPE_TATTOO	GENDER_MALE	0.260000	0.350000	0.200000	0.200000	0.000000	mp_fm_tat_032	mp_fm_tat_032
FM_Tat_M_033	multiplayer_overlays	common.rpf/data/effects/peds/multiplayer_overlays.xml	ZONE_LEFT_LEG	TYPE_TATTOO	GENDER_MALE	0.260000	0.640000	0.400000	0.340000	0.000000	mp_fm_tat_033	mp_fm_tat_033
FM_Tat_M_034	multiplayer_overlays	common.rpf/data/effects/peds/multiplayer_overlays.xml	ZONE_TORSO	TYPE_TATTOO	GENDER_MALE	0.840000	0.600000	0.200000	0.200000	0.000000	mp_fm_tat_034	mp_fm_tat_034
FM_Tat_M_035	multiplayer_overlays	common.rpf/data/effects/peds/multiplayer_overlays.xml	ZONE_LEFT_LEG	TYPE_TATTOO	GENDER_MALE	1.100000	0.350000	0.300000	0.260000	0.000000	mp_fm_tat_035	mp_fm_tat_035
FM_Tat_M_036	multiplayer_overlays	common.rpf/data/effects/peds/multiplayer_overlays.xml	ZONE_TORSO	TYPE_TATTOO	GENDER_MALE	0.725000	0.315000	0.300000	0.150000	0.000000	mp_fm_tat_036	mp_fm_tat_036
FM_Tat_M_037	multiplayer_overlays	common.rpf/data/effects/peds/multiplayer_overlays.xml	ZONE_LEFT_LEG	TYPE_TATTOO	GENDER_MALE	0.250000	0.320000	0.200000	0.230000	0.000000	mp_fm_tat_037	mp_fm_tat_037
FM_Tat_M_038	multiplayer_overlays	common.rpf/data/effects/peds/multiplayer_overlays.xml	ZONE_RIGHT_ARM	TYPE_TATTOO	GENDER_MALE	-0.550000	0.450000	0.280000	0.250000	-180.000000	mp_fm_tat_038	mp_fm_tat_038
FM_Tat_M_039	multiplayer_overlays	common.rpf/data/effects/peds/multiplayer_overlays.xml	ZONE_RIGHT_LEG	TYPE_TATTOO	GENDER_MALE	-0.250000	0.350000	0.200000	0.200000	0.000000	mp_fm_tat_039	mp_fm_tat_039
FM_Tat_M_040	multiplayer_overlays	common.rpf/data/effects/peds/multiplayer_overlays.xml	ZONE_RIGHT_LEG	TYPE_TATTOO	GENDER_MALE	0.300000	0.550000	0.400000	0.300000	0.000000	mp_fm_tat_040	mp_fm_tat_040
FM_Tat_M_041	multiplayer_overlays	common.rpf/data/effects/peds/multiplayer_overlays.xml	ZONE_LEFT_ARM	TYPE_TATTOO	GENDER_MALE	0.480000	0.850000	0.150000	0.100000	0.000000	mp_fm_tat_041	mp_fm_tat_041
FM_Tat_M_042	multiplayer_overlays	common.rpf/data/effects/peds/multiplayer_overlays.xml	ZONE_RIGHT_LEG	TYPE_TATTOO	GENDER_MALE	0.300000	0.400000	0.280000	0.280000	0.000000	mp_fm_tat_042	mp_fm_tat_042
FM_Tat_M_043	multiplayer_overlays	common.rpf/data/effects/peds/multiplayer_overlays.xml	ZONE_RIGHT_LEG	TYPE_TATTOO	GENDER_MALE	-0.250000	0.350000	0.200000	0.200000	0.000000	mp_fm_tat_043	mp_fm_tat_043
FM_Tat_M_044	multiplayer_overlays	common.rpf/data/effects/peds/multiplayer_overlays.xml	ZONE_TORSO	TYPE_TATTOO	GENDER_MALE	-0.275000	0.490000	0.250000	0.250000	0.000000	mp_fm_tat_044	mp_fm_tat_044
FM_Tat_M_045	multiplayer_overlays	common.rpf/data/effects/peds/multiplayer_overlays.xml	ZONE_TORSO	TYPE_TATTOO	GENDER_MALE	0.230000	0.480000	0.300000	0.370000	0.000000	mp_fm_tat_045	mp_fm_tat_045
FM_Tat_M_046	multiplayer_overlays	common.rpf/data/effects/peds/multiplayer_overlays.xml	ZONE_TORSO	TYPE_TATTOO	GENDER_MALE	0.225000	0.485000	0.340000	0.330000	0.000000	mp_fm_tat_046	mp_fm_tat_046
FM_Tat_M_047	multiplayer_overlays	common.rpf/data/effects/peds/multiplayer_overlays.xml	ZONE_RIGHT_ARM	TYPE_TATTOO	GENDER_MALE	0.500000	0.880000	0.100000	0.140000	0.000000	mp_fm_tat_047	mp_fm_tat_047
FM_Tat_Award_F_000	multiplayer_overlays	common.rpf/data/effects/peds/multiplayer_overlays.xml	ZONE_HEAD	TYPE_TATTOO	GENDER_FEMALE	-0.500000	0.600000	0.450000	0.300000	0.000000	mp_fm_tat_award_000	mp_fm_tat_award_000
FM_Tat_Award_F_001	multiplayer_overlays	common.rpf/data/effects/peds/multiplayer_overlays.xml	ZONE_LEFT_ARM	TYPE_TATTOO	GENDER_FEMALE	-0.350000	0.440000	0.130000	0.130000	0.000000	mp_fm_tat_award_001	mp_fm_tat_award_001
FM_Tat_Award_F_002	multiplayer_overlays	common.rpf/data/effects/peds/multiplayer_overlays.xml	ZONE_RIGHT_ARM	TYPE_TATTOO	GENDER_FEMALE	-0.500000	0.760000	0.150000	0.190000	0.000000	mp_fm_tat_award_002	mp_fm_tat_award_002
FM_Tat_Award_F_003	multiplayer_overlays	common.rpf/data/effects/peds/multiplayer_overlays.xml	ZONE_TORSO	TYPE_TATTOO	GENDER_FEMALE	-0.350000	0.620000	0.150000	0.100000	0.000000	mp_fm_tat_award_003	mp_fm_tat_award_003
FM_Tat_Award_F_004	multiplayer_overlays	common.rpf/data/effects/peds/multiplayer_overlays.xml	ZONE_TORSO	TYPE_TATTOO	GENDER_FEMALE	-0.270000	0.350000	0.200000	0.200000	0.000000	mp_fm_tat_award_004	mp_fm_tat_award_004
FM_Tat_Award_F_005	multiplayer_overlays	common.rpf/data/effects/peds/multiplayer_overlays.xml	ZONE_TORSO	TYPE_TATTOO	GENDER_FEMALE	0.240000	0.570000	0.260000	0.260000	0.000000	mp_fm_tat_award_005	mp_fm_tat_award_005
FM_Tat_Award_F_006	multiplayer_overlays	common.rpf/data/effects/peds/multiplayer_overlays.xml	ZONE_RIGHT_LEG	TYPE_TATTOO	GENDER_FEMALE	-0.365000	0.300000	0.250000	0.250000	0.000000	mp_fm_tat_award_006	mp_fm_tat_award_006
FM_Tat_Award_F_007	multiplayer_overlays	common.rpf/data/effects/peds/multiplayer_overlays.xml	ZONE_LEFT_ARM	TYPE_TATTOO	GENDER_FEMALE	-0.465000	0.800000	0.200000	0.200000	0.000000	mp_fm_tat_award_007	mp_fm_tat_award_007
FM_Tat_Award_F_008	multiplayer_overlays	common.rpf/data/effects/peds/multiplayer_overlays.xml	ZONE_TORSO	TYPE_TATTOO	GENDER_FEMALE	0.230000	0.380000	0.200000	0.100000	0.000000	mp_fm_tat_award_008	mp_fm_tat_award_008
FM_Tat_Award_F_009	multiplayer_overlays	common.rpf/data/effects/peds/multiplayer_overlays.xml	ZONE_LEFT_LEG	TYPE_TATTOO	GENDER_FEMALE	-0.730000	0.330000	0.250000	0.200000	0.000000	mp_fm_tat_award_009	mp_fm_tat_award_009
FM_Tat_Award_F_010	multiplayer_overlays	common.rpf/data/effects/peds/multiplayer_overlays.xml	ZONE_RIGHT_ARM	TYPE_TATTOO	GENDER_FEMALE	0.700000	0.380000	0.180000	0.200000	88.559998	mp_fm_tat_award_010	mp_fm_tat_award_010
FM_Tat_Award_F_011	multiplayer_overlays	common.rpf/data/effects/peds/multiplayer_overlays.xml	ZONE_TORSO	TYPE_TATTOO	GENDER_FEMALE	-0.170000	0.610000	0.100000	0.100000	-5.400000	mp_fm_tat_award_011	mp_fm_tat_award_011
FM_Tat_Award_F_012	multiplayer_overlays	common.rpf/data/effects/peds/multiplayer_overlays.xml	ZONE_TORSO	TYPE_TATTOO	GENDER_FEMALE	-0.170000	0.610000	0.100000	0.100000	-5.400000	mp_fm_tat_award_012	mp_fm_tat_award_012
FM_Tat_Award_F_013	multiplayer_overlays	common.rpf/data/effects/peds/multiplayer_overlays.xml	ZONE_TORSO	TYPE_TATTOO	GENDER_FEMALE	-0.170000	0.610000	0.100000	0.100000	-5.400000	mp_fm_tat_award_013	mp_fm_tat_award_013
FM_Tat_Award_F_014	multiplayer_overlays	common.rpf/data/effects/peds/multiplayer_overlays.xml	ZONE_TORSO	TYPE_TATTOO	GENDER_FEMALE	0.220000	0.350000	0.250000	0.150000	-4.600000	mp_fm_tat_award_014	mp_fm_tat_award_014
FM_Tat_Award_F_015	multiplayer_overlays	common.rpf/data/effects/peds/multiplayer_overlays.xml	ZONE_LEFT_ARM	TYPE_TATTOO	GENDER_FEMALE	0.490000	0.800000	0.200000	0.200000	0.000000	mp_fm_tat_award_015	mp_fm_tat_award_015
FM_Tat_Award_F_016	multiplayer_overlays	common.rpf/data/effects/peds/multiplayer_overlays.xml	ZONE_TORSO	TYPE_TATTOO	GENDER_FEMALE	0.234000	0.550000	0.245000	0.390000	0.000000	mp_fm_tat_award_016	mp_fm_tat_award_016
FM_Tat_Award_F_017	multiplayer_overlays	common.rpf/data/effects/peds/multiplayer_overlays.xml	ZONE_TORSO	TYPE_TATTOO	GENDER_FEMALE	0.234000	0.550000	0.245000	0.390000	0.000000	mp_fm_tat_award_017	mp_fm_tat_award_017
FM_Tat_Award_F_018	multiplayer_overlays	common.rpf/data/effects/peds/multiplayer_overlays.xml	ZONE_TORSO	TYPE_TATTOO	GENDER_FEMALE	0.234000	0.550000	0.245000	0.390000	0.000000	mp_fm_tat_award_018	mp_fm_tat_award_018
FM_Tat_Award_F_019	multiplayer_overlays	common.rpf/data/effects/peds/multiplayer_overlays.xml	ZONE_TORSO	TYPE_TATTOO	GENDER_FEMALE	0.234000	0.550000	0.245000	0.390000	0.000000	mp_fm_tat_award_019	mp_fm_tat_award_019
FM_Tat_F_001	multiplayer_overlays	common.rpf/data/effects/peds/multiplayer_overlays.xml	ZONE_RIGHT_ARM	TYPE_TATTOO	GENDER_FEMALE	0.530000	0.600000	0.320000	0.320000	0.000000	mp_fm_tat_001	mp_fm_tat_001
FM_Tat_F_002	multiplayer_overlays	common.rpf/data/effects/peds/multiplayer_overlays.xml	ZONE_LEFT_LEG	TYPE_TATTOO	GENDER_FEMALE	0.330000	0.450000	0.460000	0.350000	0.000000	mp_fm_tat_002	mp_fm_tat_002
FM_Tat_F_003	multiplayer_overlays	common.rpf/data/effects/peds/multiplayer_overlays.xml	ZONE_RIGHT_ARM	TYPE_TATTOO	GENDER_FEMALE	0.500000	0.780000	0.170000	0.200000	0.000000	mp_fm_tat_003	mp_fm_tat_003
FM_Tat_F_004	multiplayer_overlays	common.rpf/data/effects/peds/multiplayer_overlays.xml	ZONE_TORSO	TYPE_TATTOO	GENDER_FEMALE	0.730000	0.360000	0.270000	0.180000	0.000000	mp_fm_tat_004	mp_fm_tat_004
FM_Tat_F_005	multiplayer_overlays	common.rpf/data/effects/peds/multiplayer_overlays.xml	ZONE_LEFT_ARM	TYPE_TATTOO	GENDER_FEMALE	0.440000	0.500000	0.200000	0.300000	0.000000	mp_fm_tat_005	mp_fm_tat_005
FM_Tat_F_006	multiplayer_overlays	common.rpf/data/effects/peds/multiplayer_overlays.xml	ZONE_LEFT_ARM	TYPE_TATTOO	GENDER_FEMALE	-0.060000	0.490000	0.147000	0.320000	0.000000	mp_fm_tat_006	mp_fm_tat_006
FM_Tat_F_007	multiplayer_overlays	common.rpf/data/effects/peds/multiplayer_overlays.xml	ZONE_RIGHT_LEG	TYPE_TATTOO	GENDER_FEMALE	-0.040000	0.300000	0.200000	0.240000	0.000000	mp_fm_tat_007	mp_fm_tat_007
FM_Tat_F_008	multiplayer_overlays	common.rpf/data/effects/peds/multiplayer_overlays.xml	ZONE_LEFT_LEG	TYPE_TATTOO	GENDER_FEMALE	0.250000	0.380000	-0.192000	0.250000	0.000000	mp_fm_tat_008	mp_fm_tat_008
FM_Tat_F_009	multiplayer_overlays	common.rpf/data/effects/peds/multiplayer_overlays.xml	ZONE_TORSO	TYPE_TATTOO	GENDER_FEMALE	0.230000	0.550000	0.330000	0.280000	0.000000	mp_fm_tat_009	mp_fm_tat_009
FM_Tat_F_010	multiplayer_overlays	common.rpf/data/effects/peds/multiplayer_overlays.xml	ZONE_TORSO	TYPE_TATTOO	GENDER_FEMALE	0.650000	0.620000	0.130000	0.130000	0.000000	mp_fm_tat_010	mp_fm_tat_010
FM_Tat_F_011	multiplayer_overlays	common.rpf/data/effects/peds/multiplayer_overlays.xml	ZONE_TORSO	TYPE_TATTOO	GENDER_FEMALE	0.140000	0.720000	0.080000	0.080000	9.720000	mp_fm_tat_011	mp_fm_tat_011
FM_Tat_F_012	multiplayer_overlays	common.rpf/data/effects/peds/multiplayer_overlays.xml	ZONE_TORSO	TYPE_TATTOO	GENDER_FEMALE	0.740000	0.345000	0.280000	0.250000	0.000000	mp_fm_tat_012	mp_fm_tat_012
FM_Tat_F_013	multiplayer_overlays	common.rpf/data/effects/peds/multiplayer_overlays.xml	ZONE_TORSO	TYPE_TATTOO	GENDER_FEMALE	0.330000	0.730000	0.120000	0.120000	0.000000	mp_fm_tat_013	mp_fm_tat_013
FM_Tat_F_014	multiplayer_overlays	common.rpf/data/effects/peds/multiplayer_overlays.xml	ZONE_RIGHT_ARM	TYPE_TATTOO	GENDER_FEMALE	0.100000	0.480000	0.147000	0.300000	0.000000	mp_fm_tat_014	mp_fm_tat_014
FM_Tat_F_015	multiplayer_overlays	common.rpf/data/effects/peds/multiplayer_overlays.xml	ZONE_LEFT_ARM	TYPE_TATTOO	GENDER_FEMALE	0.470000	0.870000	0.070000	0.080000	0.000000	mp_fm_tat_015	mp_fm_tat_015
FM_Tat_F_016	multiplayer_overlays	common.rpf/data/effects/peds/multiplayer_overlays.xml	ZONE_TORSO	TYPE_TATTOO	GENDER_FEMALE	0.220000	0.560000	0.300000	0.280000	0.000000	mp_fm_tat_016	mp_fm_tat_016
FM_Tat_F_017	multiplayer_overlays	common.rpf/data/effects/peds/multiplayer_overlays.xml	ZONE_RIGHT_LEG	TYPE_TATTOO	GENDER_FEMALE	0.680000	0.350000	0.232000	0.300000	0.000000	mp_fm_tat_017	mp_fm_tat_017
FM_Tat_F_018	multiplayer_overlays	common.rpf/data/effects/peds/multiplayer_overlays.xml	ZONE_RIGHT_ARM	TYPE_TATTOO	GENDER_FEMALE	0.480000	0.540000	0.240000	0.300000	0.000000	mp_fm_tat_018	mp_fm_tat_018
FM_Tat_F_019	multiplayer_overlays	common.rpf/data/effects/peds/multiplayer_overlays.xml	ZONE_TORSO	TYPE_TATTOO	GENDER_FEMALE	0.225000	0.540000	0.330000	0.300000	0.000000	mp_fm_tat_019	mp_fm_tat_019
FM_Tat_F_020	multiplayer_overlays	common.rpf/data/effects/peds/multiplayer_overlays.xml	ZONE_TORSO	TYPE_TATTOO	GENDER_FEMALE	0.225000	0.550000	0.325000	0.290000	0.000000	mp_fm_tat_020	mp_fm_tat_020
FM_Tat_F_021	multiplayer_overlays	common.rpf/data/effects/peds/multiplayer_overlays.xml	ZONE_LEFT_LEG	TYPE_TATTOO	GENDER_FEMALE	0.240000	0.360000	0.230000	0.250000	0.000000	mp_fm_tat_021	mp_fm_tat_021
FM_Tat_F_022	multiplayer_overlays	common.rpf/data/effects/peds/multiplayer_overlays.xml	ZONE_RIGHT_LEG	TYPE_TATTOO	GENDER_FEMALE	0.800000	0.320000	0.230000	0.250000	0.000000	mp_fm_tat_022	mp_fm_tat_022
FM_Tat_F_023	multiplayer_overlays	common.rpf/data/effects/peds/multiplayer_overlays.xml	ZONE_LEFT_LEG	TYPE_TATTOO	GENDER_FEMALE	0.240000	0.350000	0.230000	0.250000	0.000000	mp_fm_tat_023	mp_fm_tat_023
FM_Tat_F_024	multiplayer_overlays	common.rpf/data/effects/peds/multiplayer_overlays.xml	ZONE_TORSO	TYPE_TATTOO	GENDER_FEMALE	0.730000	0.510000	0.300000	0.250000	0.000000	mp_fm_tat_024	mp_fm_tat_024
FM_Tat_F_025	multiplayer_overlays	common.rpf/data/effects/peds/multiplayer_overlays.xml	ZONE_TORSO	TYPE_TATTOO	GENDER_FEMALE	0.670000	0.620000	0.080000	0.080000	0.000000	mp_fm_tat_025	mp_fm_tat_025
FM_Tat_F_026	multiplayer_overlays	common.rpf/data/effects/peds/multiplayer_overlays.xml	ZONE_LEFT_LEG	TYPE_TATTOO	GENDER_FEMALE	0.240000	0.300000	0.200000	0.250000	0.000000	mp_fm_tat_026	mp_fm_tat_026
FM_Tat_F_027	multiplayer_overlays	common.rpf/data/effects/peds/multiplayer_overlays.xml	ZONE_RIGHT_ARM	TYPE_TATTOO	GENDER_FEMALE	0.490000	0.780000	0.250000	0.250000	0.000000	mp_fm_tat_027	mp_fm_tat_027
FM_Tat_F_028	multiplayer_overlays	common.rpf/data/effects/peds/multiplayer_overlays.xml	ZONE_RIGHT_ARM	TYPE_TATTOO	GENDER_FEMALE	0.540000	0.440000	0.240000	0.200000	0.000000	mp_fm_tat_028	mp_fm_tat_028
FM_Tat_F_029	multiplayer_overlays	common.rpf/data/effects/peds/multiplayer_overlays.xml	ZONE_TORSO	TYPE_TATTOO	GENDER_FEMALE	0.800000	0.320000	0.100000	0.100000	0.000000	mp_fm_tat_029	mp_fm_tat_029
FM_Tat_F_030	multiplayer_overlays	common.rpf/data/effects/peds/multiplayer_overlays.xml	ZONE_TORSO	TYPE_TATTOO	GENDER_FEMALE	0.230000	0.740000	0.100000	0.100000	0.000000	mp_fm_tat_030	mp_fm_tat_030
FM_Tat_F_031	multiplayer_overlays	common.rpf/data/effects/peds/multiplayer_overlays.xml	ZONE_LEFT_ARM	TYPE_TATTOO	GENDER_FEMALE	0.528000	0.800000	0.240000	0.200000	0.000000	mp_fm_tat_031	mp_fm_tat_031
FM_Tat_F_032	multiplayer_overlays	common.rpf/data/effects/peds/multiplayer_overlays.xml	ZONE_LEFT_LEG	TYPE_TATTOO	GENDER_FEMALE	0.260000	0.350000	0.200000	0.200000	0.000000	mp_fm_tat_032	mp_fm_tat_032
FM_Tat_F_033	multiplayer_overlays	common.rpf/data/effects/peds/multiplayer_overlays.xml	ZONE_LEFT_LEG	TYPE_TATTOO	GENDER_FEMALE	0.160000	0.360000	0.400000	0.300000	0.000000	mp_fm_tat_033	mp_fm_tat_033
FM_Tat_F_034	multiplayer_overlays	common.rpf/data/effects/peds/multiplayer_overlays.xml	ZONE_TORSO	TYPE_TATTOO	GENDER_FEMALE	0.650000	0.630000	0.200000	0.160000	0.000000	mp_fm_tat_034	mp_fm_tat_034
FM_Tat_F_035	multiplayer_overlays	common.rpf/data/effects/peds/multiplayer_overlays.xml	ZONE_LEFT_LEG	TYPE_TATTOO	GENDER_FEMALE	1.100000	0.350000	0.300000	0.260000	0.000000	mp_fm_tat_035	mp_fm_tat_035
FM_Tat_F_036	multiplayer_overlays	common.rpf/data/effects/peds/multiplayer_overlays.xml	ZONE_TORSO	TYPE_TATTOO	GENDER_FEMALE	0.736000	0.375000	0.300000	0.120000	0.000000	mp_fm_tat_036	mp_fm_tat_036
FM_Tat_F_037	multiplayer_overlays	common.rpf/data/effects/peds/multiplayer_overlays.xml	ZONE_LEFT_LEG	TYPE_TATTOO	GENDER_FEMALE	0.250000	0.320000	0.200000	0.230000	0.000000	mp_fm_tat_037	mp_fm_tat_037
FM_Tat_F_038	multiplayer_overlays	common.rpf/data/effects/peds/multiplayer_overlays.xml	ZONE_RIGHT_ARM	TYPE_TATTOO	GENDER_FEMALE	-0.450000	0.430000	0.240000	0.200000	-180.000000	mp_fm_tat_038	mp_fm_tat_038
FM_Tat_F_039	multiplayer_overlays	common.rpf/data/effects/peds/multiplayer_overlays.xml	ZONE_RIGHT_LEG	TYPE_TATTOO	GENDER_FEMALE	-0.250000	0.350000	0.200000	0.200000	0.000000	mp_fm_tat_039	mp_fm_tat_039
FM_Tat_F_040	multiplayer_overlays	common.rpf/data/effects/peds/multiplayer_overlays.xml	ZONE_RIGHT_LEG	TYPE_TATTOO	GENDER_FEMALE	0.280000	0.560000	0.400000	0.400000	0.000000	mp_fm_tat_040	mp_fm_tat_040
FM_Tat_F_041	multiplayer_overlays	common.rpf/data/effects/peds/multiplayer_overlays.xml	ZONE_LEFT_ARM	TYPE_TATTOO	GENDER_FEMALE	0.500000	0.870000	0.150000	0.100000	0.000000	mp_fm_tat_041	mp_fm_tat_041
FM_Tat_F_042	multiplayer_overlays	common.rpf/data/effects/peds/multiplayer_overlays.xml	ZONE_RIGHT_LEG	TYPE_TATTOO	GENDER_FEMALE	1.200000	0.400000	0.280000	0.280000	0.000000	mp_fm_tat_042	mp_fm_tat_042
FM_Tat_F_043	multiplayer_overlays	common.rpf/data/effects/peds/multiplayer_overlays.xml	ZONE_RIGHT_LEG	TYPE_TATTOO	GENDER_FEMALE	-0.250000	0.350000	0.200000	0.200000	0.000000	mp_fm_tat_043	mp_fm_tat_043
FM_Tat_F_044	multiplayer_overlays	common.rpf/data/effects/peds/multiplayer_overlays.xml	ZONE_TORSO	TYPE_TATTOO	GENDER_FEMALE	0.730000	0.520000	0.250000	0.180000	0.000000	mp_fm_tat_044	mp_fm_tat_044
FM_Tat_F_045	multiplayer_overlays	common.rpf/data/effects/peds/multiplayer_overlays.xml	ZONE_TORSO	TYPE_TATTOO	GENDER_FEMALE	0.246000	0.550000	0.380000	0.300000	0.000000	mp_fm_tat_045	mp_fm_tat_045
FM_Tat_F_046	multiplayer_overlays	common.rpf/data/effects/peds/multiplayer_overlays.xml	ZONE_TORSO	TYPE_TATTOO	GENDER_FEMALE	0.225000	0.555000	0.300000	0.280000	0.000000	mp_fm_tat_046	mp_fm_tat_046
FM_Tat_F_047	multiplayer_overlays	common.rpf/data/effects/peds/multiplayer_overlays.xml	ZONE_RIGHT_ARM	TYPE_TATTOO	GENDER_FEMALE	0.460000	0.850000	0.120000	0.140000	0.000000	mp_fm_tat_047	mp_fm_tat_047
FM_Tshirt_Award_000	multiplayer_overlays	common.rpf/data/effects/peds/multiplayer_overlays.xml	ZONE_TORSO	TYPE_BADGE	GENDER_MALE	-0.260000	0.600000	0.170000	0.170000	0.000000	mp_fm_tshirt_award_000	mp_fm_tshirt_award_000
FM_Tshirt_Award_001	multiplayer_overlays	common.rpf/data/effects/peds/multiplayer_overlays.xml	ZONE_TORSO	TYPE_BADGE	GENDER_MALE	-0.260000	0.600000	0.250000	0.250000	0.000000	mp_fm_tshirt_award_001	mp_fm_tshirt_award_001
FM_Tshirt_Award_002	multiplayer_overlays	common.rpf/data/effects/peds/multiplayer_overlays.xml	ZONE_TORSO	TYPE_BADGE	GENDER_MALE	-0.260000	0.620000	0.100000	0.100000	0.000000	mp_fm_tshirt_award_002	mp_fm_tshirt_award_002
FM_Tshirt_Award_F_000	multiplayer_overlays	common.rpf/data/effects/peds/multiplayer_overlays.xml	ZONE_TORSO	TYPE_BADGE	GENDER_FEMALE	-0.260000	0.480000	0.150000	0.150000	0.000000	mp_fm_tshirt_award_000	mp_fm_tshirt_award_000
FM_Tshirt_Award_F_001	multiplayer_overlays	common.rpf/data/effects/peds/multiplayer_overlays.xml	ZONE_TORSO	TYPE_BADGE	GENDER_FEMALE	-0.270000	0.480000	0.250000	0.250000	0.000000	mp_fm_tshirt_award_001	mp_fm_tshirt_award_001
FM_Tshirt_Award_F_002	multiplayer_overlays	common.rpf/data/effects/peds/multiplayer_overlays.xml	ZONE_TORSO	TYPE_BADGE	GENDER_FEMALE	-0.260000	0.500000	0.100000	0.100000	0.000000	mp_fm_tshirt_award_002	mp_fm_tshirt_award_002
FM_F_Hair_003_a	multiplayer_overlays	common.rpf/data/effects/peds/multiplayer_overlays.xml	ZONE_HEAD	TYPE_TATTOO	GENDER_DONTCARE	0.500000	0.500000	0.600000	0.500000	0.000000	mp_fm_f_hair_003_a	mp_fm_f_hair_003_a
FM_F_Hair_003_b	multiplayer_overlays	common.rpf/data/effects/peds/multiplayer_overlays.xml	ZONE_HEAD	TYPE_TATTOO	GENDER_DONTCARE	0.500000	0.500000	0.600000	0.500000	0.000000	mp_fm_f_hair_003_b	mp_fm_f_hair_003_b
FM_F_Hair_003_c	multiplayer_overlays	common.rpf/data/effects/peds/multiplayer_overlays.xml	ZONE_HEAD	TYPE_TATTOO	GENDER_DONTCARE	0.500000	0.500000	0.600000	0.500000	0.000000	mp_fm_f_hair_003_c	mp_fm_f_hair_003_c
FM_F_Hair_003_d	multiplayer_overlays	common.rpf/data/effects/peds/multiplayer_overlays.xml	ZONE_HEAD	TYPE_TATTOO	GENDER_DONTCARE	0.500000	0.500000	0.600000	0.500000	0.000000	mp_fm_f_hair_003_d	mp_fm_f_hair_003_d
FM_F_Hair_003_e	multiplayer_overlays	common.rpf/data/effects/peds/multiplayer_overlays.xml	ZONE_HEAD	TYPE_TATTOO	GENDER_DONTCARE	0.500000	0.500000	0.600000	0.500000	0.000000	mp_fm_f_hair_003_e	mp_fm_f_hair_003_e
FM_F_Hair_005_a	multiplayer_overlays	common.rpf/data/effects/peds/multiplayer_overlays.xml	ZONE_HEAD	TYPE_TATTOO	GENDER_FEMALE	0.500000	0.500000	0.600000	0.500000	0.000000	mp_fm_f_hair_005_a	mp_fm_f_hair_005_a
FM_F_Hair_005_b	multiplayer_overlays	common.rpf/data/effects/peds/multiplayer_overlays.xml	ZONE_HEAD	TYPE_TATTOO	GENDER_FEMALE	0.500000	0.500000	0.600000	0.500000	0.000000	mp_fm_f_hair_005_b	mp_fm_f_hair_005_b
FM_F_Hair_005_c	multiplayer_overlays	common.rpf/data/effects/peds/multiplayer_overlays.xml	ZONE_HEAD	TYPE_TATTOO	GENDER_FEMALE	0.500000	0.500000	0.600000	0.500000	0.000000	mp_fm_f_hair_005_c	mp_fm_f_hair_005_c
FM_F_Hair_005_d	multiplayer_overlays	common.rpf/data/effects/peds/multiplayer_overlays.xml	ZONE_HEAD	TYPE_TATTOO	GENDER_FEMALE	0.500000	0.500000	0.600000	0.500000	0.000000	mp_fm_f_hair_005_d	mp_fm_f_hair_005_d
FM_F_Hair_005_e	multiplayer_overlays	common.rpf/data/effects/peds/multiplayer_overlays.xml	ZONE_HEAD	TYPE_TATTOO	GENDER_FEMALE	0.500000	0.500000	0.600000	0.500000	0.000000	mp_fm_f_hair_005_e	mp_fm_f_hair_005_e
FM_F_Hair_006_a	multiplayer_overlays	common.rpf/data/effects/peds/multiplayer_overlays.xml	ZONE_HEAD	TYPE_TATTOO	GENDER_FEMALE	0.500000	0.500000	0.600000	0.500000	0.000000	mp_fm_f_hair_006_a	mp_fm_f_hair_006_a
FM_F_Hair_006_b	multiplayer_overlays	common.rpf/data/effects/peds/multiplayer_overlays.xml	ZONE_HEAD	TYPE_TATTOO	GENDER_FEMALE	0.500000	0.500000	0.600000	0.500000	0.000000	mp_fm_f_hair_006_b	mp_fm_f_hair_006_b
FM_F_Hair_006_c	multiplayer_overlays	common.rpf/data/effects/peds/multiplayer_overlays.xml	ZONE_HEAD	TYPE_TATTOO	GENDER_FEMALE	0.500000	0.500000	0.600000	0.500000	0.000000	mp_fm_f_hair_006_c	mp_fm_f_hair_006_c
FM_F_Hair_006_d	multiplayer_overlays	common.rpf/data/effects/peds/multiplayer_overlays.xml	ZONE_HEAD	TYPE_TATTOO	GENDER_FEMALE	0.500000	0.500000	0.600000	0.500000	0.000000	mp_fm_f_hair_006_d	mp_fm_f_hair_006_d
FM_F_Hair_006_e	multiplayer_overlays	common.rpf/data/effects/peds/multiplayer_overlays.xml	ZONE_HEAD	TYPE_TATTOO	GENDER_FEMALE	0.500000	0.500000	0.600000	0.500000	0.000000	mp_fm_f_hair_006_e	mp_fm_f_hair_006_e
FM_F_Hair_013_a	multiplayer_overlays	common.rpf/data/effects/peds/multiplayer_overlays.xml	ZONE_HEAD	TYPE_TATTOO	GENDER_FEMALE	0.500000	0.500000	0.600000	0.500000	0.000000	mp_fm_f_hair_013_a	mp_fm_f_hair_013_a
FM_F_Hair_013_b	multiplayer_overlays	common.rpf/data/effects/peds/multiplayer_overlays.xml	ZONE_HEAD	TYPE_TATTOO	GENDER_FEMALE	0.500000	0.500000	0.600000	0.500000	0.000000	mp_fm_f_hair_013_b	mp_fm_f_hair_013_b
FM_F_Hair_013_c	multiplayer_overlays	common.rpf/data/effects/peds/multiplayer_overlays.xml	ZONE_HEAD	TYPE_TATTOO	GENDER_FEMALE	0.500000	0.500000	0.600000	0.500000	0.000000	mp_fm_f_hair_013_c	mp_fm_f_hair_013_c
FM_F_Hair_013_d	multiplayer_overlays	common.rpf/data/effects/peds/multiplayer_overlays.xml	ZONE_HEAD	TYPE_TATTOO	GENDER_FEMALE	0.500000	0.500000	0.600000	0.500000	0.000000	mp_fm_f_hair_013_d	mp_fm_f_hair_013_d
FM_F_Hair_013_e	multiplayer_overlays	common.rpf/data/effects/peds/multiplayer_overlays.xml	ZONE_HEAD	TYPE_TATTOO	GENDER_FEMALE	0.500000	0.500000	0.600000	0.500000	0.000000	mp_fm_f_hair_013_e	mp_fm_f_hair_013_e
FM_F_Hair_014_a	multiplayer_overlays	common.rpf/data/effects/peds/multiplayer_overlays.xml	ZONE_HEAD	TYPE_TATTOO	GENDER_FEMALE	0.500000	0.500000	0.600000	0.500000	0.000000	mp_fm_f_hair_014_a	mp_fm_f_hair_014_a
FM_F_Hair_014_b	multiplayer_overlays	common.rpf/data/effects/peds/multiplayer_overlays.xml	ZONE_HEAD	TYPE_TATTOO	GENDER_FEMALE	0.500000	0.500000	0.600000	0.500000	0.000000	mp_fm_f_hair_014_b	mp_fm_f_hair_014_b
FM_F_Hair_014_c	multiplayer_overlays	common.rpf/data/effects/peds/multiplayer_overlays.xml	ZONE_HEAD	TYPE_TATTOO	GENDER_FEMALE	0.500000	0.500000	0.600000	0.500000	0.000000	mp_fm_f_hair_014_c	mp_fm_f_hair_014_c
FM_F_Hair_014_d	multiplayer_overlays	common.rpf/data/effects/peds/multiplayer_overlays.xml	ZONE_HEAD	TYPE_TATTOO	GENDER_FEMALE	0.500000	0.500000	0.600000	0.500000	0.000000	mp_fm_f_hair_014_d	mp_fm_f_hair_014_d
FM_F_Hair_014_e	multiplayer_overlays	common.rpf/data/effects/peds/multiplayer_overlays.xml	ZONE_HEAD	TYPE_TATTOO	GENDER_FEMALE	0.500000	0.500000	0.600000	0.500000	0.000000	mp_fm_f_hair_014_e	mp_fm_f_hair_014_e
FM_F_Hair_long_a	multiplayer_overlays	common.rpf/data/effects/peds/multiplayer_overlays.xml	ZONE_HEAD	TYPE_TATTOO	GENDER_FEMALE	0.500000	0.500000	0.600000	0.500000	0.000000	mp_fm_f_hair_long_a	mp_fm_f_hair_long_a
FM_F_Hair_long_b	multiplayer_overlays	common.rpf/data/effects/peds/multiplayer_overlays.xml	ZONE_HEAD	TYPE_TATTOO	GENDER_FEMALE	0.500000	0.500000	0.600000	0.500000	0.000000	mp_fm_f_hair_long_b	mp_fm_f_hair_long_b
FM_F_Hair_long_c	multiplayer_overlays	common.rpf/data/effects/peds/multiplayer_overlays.xml	ZONE_HEAD	TYPE_TATTOO	GENDER_FEMALE	0.500000	0.500000	0.600000	0.500000	0.000000	mp_fm_f_hair_long_c	mp_fm_f_hair_long_c
FM_F_Hair_long_d	multiplayer_overlays	common.rpf/data/effects/peds/multiplayer_overlays.xml	ZONE_HEAD	TYPE_TATTOO	GENDER_FEMALE	0.500000	0.500000	0.600000	0.500000	0.000000	mp_fm_f_hair_long_d	mp_fm_f_hair_long_d
FM_F_Hair_long_e	multiplayer_overlays	common.rpf/data/effects/peds/multiplayer_overlays.xml	ZONE_HEAD	TYPE_TATTOO	GENDER_FEMALE	0.500000	0.500000	0.600000	0.500000	0.000000	mp_fm_f_hair_long_e	mp_fm_f_hair_long_e
FM_M_Hair_001_a	multiplayer_overlays	common.rpf/data/effects/peds/multiplayer_overlays.xml	ZONE_HEAD	TYPE_TATTOO	GENDER_MALE	0.500000	0.500000	0.600000	0.500000	0.000000	mp_fm_m_hair_001_a	mp_fm_m_hair_001_a
FM_M_Hair_001_b	multiplayer_overlays	common.rpf/data/effects/peds/multiplayer_overlays.xml	ZONE_HEAD	TYPE_TATTOO	GENDER_MALE	0.500000	0.500000	0.600000	0.500000	0.000000	mp_fm_m_hair_001_b	mp_fm_m_hair_001_b
FM_M_Hair_001_c	multiplayer_overlays	common.rpf/data/effects/peds/multiplayer_overlays.xml	ZONE_HEAD	TYPE_TATTOO	GENDER_MALE	0.500000	0.500000	0.600000	0.500000	0.000000	mp_fm_m_hair_001_c	mp_fm_m_hair_001_c
FM_M_Hair_001_d	multiplayer_overlays	common.rpf/data/effects/peds/multiplayer_overlays.xml	ZONE_HEAD	TYPE_TATTOO	GENDER_MALE	0.500000	0.500000	0.600000	0.500000	0.000000	mp_fm_m_hair_001_d	mp_fm_m_hair_001_d
FM_M_Hair_001_e	multiplayer_overlays	common.rpf/data/effects/peds/multiplayer_overlays.xml	ZONE_HEAD	TYPE_TATTOO	GENDER_MALE	0.500000	0.500000	0.600000	0.500000	0.000000	mp_fm_m_hair_001_e	mp_fm_m_hair_001_e
FM_M_Hair_003_a	multiplayer_overlays	common.rpf/data/effects/peds/multiplayer_overlays.xml	ZONE_HEAD	TYPE_TATTOO	GENDER_MALE	0.500000	0.500000	0.600000	0.500000	0.000000	mp_fm_m_hair_003_a	mp_fm_m_hair_003_a
FM_M_Hair_003_b	multiplayer_overlays	common.rpf/data/effects/peds/multiplayer_overlays.xml	ZONE_HEAD	TYPE_TATTOO	GENDER_MALE	0.500000	0.500000	0.600000	0.500000	0.000000	mp_fm_m_hair_003_b	mp_fm_m_hair_003_b
FM_M_Hair_003_c	multiplayer_overlays	common.rpf/data/effects/peds/multiplayer_overlays.xml	ZONE_HEAD	TYPE_TATTOO	GENDER_MALE	0.500000	0.500000	0.600000	0.500000	0.000000	mp_fm_m_hair_003_c	mp_fm_m_hair_003_c
FM_M_Hair_003_d	multiplayer_overlays	common.rpf/data/effects/peds/multiplayer_overlays.xml	ZONE_HEAD	TYPE_TATTOO	GENDER_MALE	0.500000	0.500000	0.600000	0.500000	0.000000	mp_fm_m_hair_003_d	mp_fm_m_hair_003_d
FM_M_Hair_003_e	multiplayer_overlays	common.rpf/data/effects/peds/multiplayer_overlays.xml	ZONE_HEAD	TYPE_TATTOO	GENDER_MALE	0.500000	0.500000	0.600000	0.500000	0.000000	mp_fm_m_hair_003_e	mp_fm_m_hair_003_e
FM_M_Hair_006_a	multiplayer_overlays	common.rpf/data/effects/peds/multiplayer_overlays.xml	ZONE_HEAD	TYPE_TATTOO	GENDER_MALE	0.500000	0.500000	0.600000	0.500000	0.000000	mp_fm_m_hair_006_a	mp_fm_m_hair_006_a
FM_M_Hair_006_b	multiplayer_overlays	common.rpf/data/effects/peds/multiplayer_overlays.xml	ZONE_HEAD	TYPE_TATTOO	GENDER_MALE	0.500000	0.500000	0.600000	0.500000	0.000000	mp_fm_m_hair_006_b	mp_fm_m_hair_006_b
FM_M_Hair_006_c	multiplayer_overlays	common.rpf/data/effects/peds/multiplayer_overlays.xml	ZONE_HEAD	TYPE_TATTOO	GENDER_MALE	0.500000	0.500000	0.600000	0.500000	0.000000	mp_fm_m_hair_006_c	mp_fm_m_hair_006_c
FM_M_Hair_006_d	multiplayer_overlays	common.rpf/data/effects/peds/multiplayer_overlays.xml	ZONE_HEAD	TYPE_TATTOO	GENDER_MALE	0.500000	0.500000	0.600000	0.500000	0.000000	mp_fm_m_hair_006_d	mp_fm_m_hair_006_d
FM_M_Hair_006_e	multiplayer_overlays	common.rpf/data/effects/peds/multiplayer_overlays.xml	ZONE_HEAD	TYPE_TATTOO	GENDER_MALE	0.500000	0.500000	0.600000	0.500000	0.000000	mp_fm_m_hair_006_e	mp_fm_m_hair_006_e
FM_M_Hair_008_a	multiplayer_overlays	common.rpf/data/effects/peds/multiplayer_overlays.xml	ZONE_HEAD	TYPE_TATTOO	GENDER_MALE	0.500000	0.500000	0.600000	0.500000	0.000000	mp_fm_m_hair_008_a	mp_fm_m_hair_008_a
FM_M_Hair_008_b	multiplayer_overlays	common.rpf/data/effects/peds/multiplayer_overlays.xml	ZONE_HEAD	TYPE_TATTOO	GENDER_MALE	0.500000	0.500000	0.600000	0.500000	0.000000	mp_fm_m_hair_008_b	mp_fm_m_hair_008_b
FM_M_Hair_008_c	multiplayer_overlays	common.rpf/data/effects/peds/multiplayer_overlays.xml	ZONE_HEAD	TYPE_TATTOO	GENDER_MALE	0.500000	0.500000	0.600000	0.500000	0.000000	mp_fm_m_hair_008_c	mp_fm_m_hair_008_c
FM_M_Hair_008_d	multiplayer_overlays	common.rpf/data/effects/peds/multiplayer_overlays.xml	ZONE_HEAD	TYPE_TATTOO	GENDER_MALE	0.500000	0.500000	0.600000	0.500000	0.000000	mp_fm_m_hair_008_d	mp_fm_m_hair_008_d
FM_M_Hair_008_e	multiplayer_overlays	common.rpf/data/effects/peds/multiplayer_overlays.xml	ZONE_HEAD	TYPE_TATTOO	GENDER_MALE	0.500000	0.500000	0.600000	0.500000	0.000000	mp_fm_m_hair_008_e	mp_fm_m_hair_008_e
FM_M_Hair_long_a	multiplayer_overlays	common.rpf/data/effects/peds/multiplayer_overlays.xml	ZONE_HEAD	TYPE_TATTOO	GENDER_MALE	0.500000	0.500000	0.600000	0.500000	0.000000	mp_fm_m_hair_long_a	mp_fm_m_hair_long_a
FM_M_Hair_long_b	multiplayer_overlays	common.rpf/data/effects/peds/multiplayer_overlays.xml	ZONE_HEAD	TYPE_TATTOO	GENDER_MALE	0.500000	0.500000	0.600000	0.500000	0.000000	mp_fm_m_hair_long_b	mp_fm_m_hair_long_b
FM_M_Hair_long_c	multiplayer_overlays	common.rpf/data/effects/peds/multiplayer_overlays.xml	ZONE_HEAD	TYPE_TATTOO	GENDER_MALE	0.500000	0.500000	0.600000	0.500000	0.000000	mp_fm_m_hair_long_c	mp_fm_m_hair_long_c
FM_M_Hair_long_d	multiplayer_overlays	common.rpf/data/effects/peds/multiplayer_overlays.xml	ZONE_HEAD	TYPE_TATTOO	GENDER_MALE	0.500000	0.500000	0.600000	0.500000	0.000000	mp_fm_m_hair_long_d	mp_fm_m_hair_long_d
FM_M_Hair_long_e	multiplayer_overlays	common.rpf/data/effects/peds/multiplayer_overlays.xml	ZONE_HEAD	TYPE_TATTOO	GENDER_MALE	0.500000	0.500000	0.600000	0.500000	0.000000	mp_fm_m_hair_long_e	mp_fm_m_hair_long_e
mp_fm_branding_001	multiplayer_overlays	common.rpf/data/effects/peds/multiplayer_overlays.xml	ZONE_TORSO	TYPE_BADGE	GENDER_MALE	-0.260000	0.550000	0.250000	0.225000	0.000000	mp_fm_branding_001	mp_fm_branding_001
mp_fm_branding_002	multiplayer_overlays	common.rpf/data/effects/peds/multiplayer_overlays.xml	ZONE_TORSO	TYPE_BADGE	GENDER_MALE	-0.260000	0.660000	0.200000	0.150000	0.000000	mp_fm_branding_002	mp_fm_branding_002
mp_fm_branding_003	multiplayer_overlays	common.rpf/data/effects/peds/multiplayer_overlays.xml	ZONE_TORSO	TYPE_BADGE	GENDER_MALE	-0.260000	0.660000	0.180000	0.180000	0.000000	mp_fm_branding_003	mp_fm_branding_003
mp_fm_branding_004	multiplayer_overlays	common.rpf/data/effects/peds/multiplayer_overlays.xml	ZONE_TORSO	TYPE_BADGE	GENDER_MALE	-0.260000	0.630000	0.180000	0.180000	0.000000	mp_fm_branding_004	mp_fm_branding_004
mp_fm_branding_005	multiplayer_overlays	common.rpf/data/effects/peds/multiplayer_overlays.xml	ZONE_TORSO	TYPE_BADGE	GENDER_MALE	-0.260000	0.600000	0.220000	0.250000	0.000000	mp_fm_branding_005	mp_fm_branding_005
mp_fm_branding_006	multiplayer_overlays	common.rpf/data/effects/peds/multiplayer_overlays.xml	ZONE_TORSO	TYPE_BADGE	GENDER_MALE	-0.260000	0.650000	0.180000	0.180000	0.000000	mp_fm_branding_006	mp_fm_branding_006
mp_fm_branding_007	multiplayer_overlays	common.rpf/data/effects/peds/multiplayer_overlays.xml	ZONE_TORSO	TYPE_BADGE	GENDER_MALE	-0.260000	0.580000	0.180000	0.180000	0.000000	mp_fm_branding_007	mp_fm_branding_007
mp_fm_branding_008	multiplayer_overlays	common.rpf/data/effects/peds/multiplayer_overlays.xml	ZONE_TORSO	TYPE_BADGE	GENDER_MALE	-0.260000	0.580000	0.180000	0.180000	0.000000	mp_fm_branding_008	mp_fm_branding_008
mp_fm_branding_009	multiplayer_overlays	common.rpf/data/effects/peds/multiplayer_overlays.xml	ZONE_TORSO	TYPE_BADGE	GENDER_MALE	-0.260000	0.650000	0.150000	0.150000	0.000000	mp_fm_branding_009	mp_fm_branding_009
mp_fm_branding_010	multiplayer_overlays	common.rpf/data/effects/peds/multiplayer_overlays.xml	ZONE_TORSO	TYPE_BADGE	GENDER_MALE	-0.260000	0.550000	0.180000	0.180000	0.000000	mp_fm_branding_010	mp_fm_branding_010
mp_fm_branding_011	multiplayer_overlays	common.rpf/data/effects/peds/multiplayer_overlays.xml	ZONE_TORSO	TYPE_BADGE	GENDER_MALE	-0.260000	0.550000	0.250000	0.200000	0.000000	mp_fm_branding_011	mp_fm_branding_011
mp_fm_branding_012	multiplayer_overlays	common.rpf/data/effects/peds/multiplayer_overlays.xml	ZONE_TORSO	TYPE_BADGE	GENDER_MALE	-0.100000	0.450000	0.350000	0.200000	0.000000	mp_fm_branding_012	mp_fm_branding_012
mp_fm_branding_013	multiplayer_overlays	common.rpf/data/effects/peds/multiplayer_overlays.xml	ZONE_TORSO	TYPE_BADGE	GENDER_MALE	-0.260000	0.610000	0.180000	0.150000	0.000000	mp_fm_branding_013	mp_fm_branding_013
mp_fm_branding_014	multiplayer_overlays	common.rpf/data/effects/peds/multiplayer_overlays.xml	ZONE_TORSO	TYPE_BADGE	GENDER_MALE	-0.260000	0.630000	0.180000	0.150000	0.000000	mp_fm_branding_014	mp_fm_branding_014
mp_fm_branding_015	multiplayer_overlays	common.rpf/data/effects/peds/multiplayer_overlays.xml	ZONE_TORSO	TYPE_BADGE	GENDER_MALE	-0.260000	0.570000	0.200000	0.180000	0.000000	mp_fm_branding_015	mp_fm_branding_015
mp_fm_branding_016	multiplayer_overlays	common.rpf/data/effects/peds/multiplayer_overlays.xml	ZONE_TORSO	TYPE_BADGE	GENDER_MALE	-0.160000	0.670000	0.060000	0.060000	0.000000	mp_fm_branding_016	mp_fm_branding_016
mp_fm_branding_017	multiplayer_overlays	common.rpf/data/effects/peds/multiplayer_overlays.xml	ZONE_TORSO	TYPE_BADGE	GENDER_MALE	-0.260000	0.570000	0.180000	0.200000	0.000000	mp_fm_branding_017	mp_fm_branding_017
mp_fm_branding_018	multiplayer_overlays	common.rpf/data/effects/peds/multiplayer_overlays.xml	ZONE_TORSO	TYPE_BADGE	GENDER_MALE	-0.260000	0.600000	0.180000	0.200000	0.000000	mp_fm_branding_018	mp_fm_branding_018
mp_fm_branding_019	multiplayer_overlays	common.rpf/data/effects/peds/multiplayer_overlays.xml	ZONE_TORSO	TYPE_BADGE	GENDER_DONTCARE	-0.260000	0.510000	0.280000	0.250000	0.000000	mp_fm_branding_019	mp_fm_branding_019
mp_fm_branding_020	multiplayer_overlays	common.rpf/data/effects/peds/multiplayer_overlays.xml	ZONE_TORSO	TYPE_BADGE	GENDER_MALE	-0.260000	0.600000	0.240000	0.150000	0.000000	mp_fm_branding_020	mp_fm_branding_020
mp_fm_branding_022	multiplayer_overlays	common.rpf/data/effects/peds/multiplayer_overlays.xml	ZONE_TORSO	TYPE_BADGE	GENDER_MALE	-0.270000	0.600000	0.200000	0.200000	0.000000	mp_fm_branding_022	mp_fm_branding_022
mp_fm_branding_023	multiplayer_overlays	common.rpf/data/effects/peds/multiplayer_overlays.xml	ZONE_TORSO	TYPE_BADGE	GENDER_MALE	-0.270000	0.550000	0.200000	0.200000	0.000000	mp_fm_branding_023	mp_fm_branding_023
mp_fm_branding_024	multiplayer_overlays	common.rpf/data/effects/peds/multiplayer_overlays.xml	ZONE_TORSO	TYPE_BADGE	GENDER_MALE	0.250000	0.800000	0.090000	0.050000	0.000000	mp_fm_branding_024	mp_fm_branding_024
mp_fm_branding_025	multiplayer_overlays	common.rpf/data/effects/peds/multiplayer_overlays.xml	ZONE_TORSO	TYPE_BADGE	GENDER_DONTCARE	-0.260000	0.600000	0.180000	0.200000	0.000000	mp_fm_branding_025	mp_fm_branding_025
mp_fm_branding_027	multiplayer_overlays	common.rpf/data/effects/peds/multiplayer_overlays.xml	ZONE_TORSO	TYPE_BADGE	GENDER_MALE	0.236000	0.540000	0.140000	0.200000	0.000000	mp_fm_branding_027	mp_fm_branding_027
mp_fm_branding_028	multiplayer_overlays	common.rpf/data/effects/peds/multiplayer_overlays.xml	ZONE_TORSO	TYPE_BADGE	GENDER_MALE	-0.270000	0.600000	0.200000	0.200000	0.000000	mp_fm_branding_028	mp_fm_branding_028
mp_fm_branding_029	multiplayer_overlays	common.rpf/data/effects/peds/multiplayer_overlays.xml	ZONE_TORSO	TYPE_BADGE	GENDER_MALE	-0.260000	0.500000	0.200000	0.200000	0.000000	mp_fm_branding_029	mp_fm_branding_029
mp_fm_branding_031	multiplayer_overlays	common.rpf/data/effects/peds/multiplayer_overlays.xml	ZONE_TORSO	TYPE_BADGE	GENDER_MALE	-0.260000	0.530000	0.200000	0.200000	0.000000	mp_fm_branding_031	mp_fm_branding_031
mp_fm_branding_032	multiplayer_overlays	common.rpf/data/effects/peds/multiplayer_overlays.xml	ZONE_TORSO	TYPE_BADGE	GENDER_MALE	-0.270000	0.630000	0.200000	0.200000	0.000000	mp_fm_branding_032	mp_fm_branding_032
mp_fm_branding_034	multiplayer_overlays	common.rpf/data/effects/peds/multiplayer_overlays.xml	ZONE_TORSO	TYPE_BADGE	GENDER_MALE	-0.270000	0.630000	0.200000	0.200000	0.000000	mp_fm_branding_034	mp_fm_branding_034
mp_fm_branding_035	multiplayer_overlays	common.rpf/data/effects/peds/multiplayer_overlays.xml	ZONE_TORSO	TYPE_BADGE	GENDER_MALE	-0.260000	0.630000	0.200000	0.200000	0.000000	mp_fm_branding_035	mp_fm_branding_035
mp_fm_branding_036	multiplayer_overlays	common.rpf/data/effects/peds/multiplayer_overlays.xml	ZONE_TORSO	TYPE_BADGE	GENDER_MALE	-0.260000	0.500000	0.340000	0.300000	0.000000	mp_fm_branding_036	mp_fm_branding_036
mp_fm_branding_037	multiplayer_overlays	common.rpf/data/effects/peds/multiplayer_overlays.xml	ZONE_TORSO	TYPE_BADGE	GENDER_DONTCARE	-0.260000	0.560000	0.160000	0.160000	0.000000	mp_fm_branding_037	mp_fm_branding_037
mp_fm_branding_038	multiplayer_overlays	common.rpf/data/effects/peds/multiplayer_overlays.xml	ZONE_TORSO	TYPE_BADGE	GENDER_MALE	-0.270000	0.600000	0.200000	0.240000	0.000000	mp_fm_branding_038	mp_fm_branding_038
mp_fm_branding_039	multiplayer_overlays	common.rpf/data/effects/peds/multiplayer_overlays.xml	ZONE_TORSO	TYPE_BADGE	GENDER_MALE	-0.270000	0.600000	0.200000	0.200000	0.000000	mp_fm_branding_039	mp_fm_branding_039
mp_fm_branding_040	multiplayer_overlays	common.rpf/data/effects/peds/multiplayer_overlays.xml	ZONE_TORSO	TYPE_BADGE	GENDER_MALE	-0.270000	0.600000	0.170000	0.160000	0.000000	mp_fm_branding_040	mp_fm_branding_040
mp_fm_branding_041	multiplayer_overlays	common.rpf/data/effects/peds/multiplayer_overlays.xml	ZONE_TORSO	TYPE_BADGE	GENDER_MALE	-0.270000	0.620000	0.240000	0.200000	0.000000	mp_fm_branding_041	mp_fm_branding_041
mp_fm_branding_042	multiplayer_overlays	common.rpf/data/effects/peds/multiplayer_overlays.xml	ZONE_TORSO	TYPE_BADGE	GENDER_MALE	-0.175000	0.660000	0.080000	0.080000	0.000000	mp_fm_branding_042	mp_fm_branding_042
mp_fm_branding_043	multiplayer_overlays	common.rpf/data/effects/peds/multiplayer_overlays.xml	ZONE_TORSO	TYPE_BADGE	GENDER_MALE	-0.270000	0.620000	0.180000	0.140000	0.000000	mp_fm_branding_043	mp_fm_branding_043
mp_fm_branding_044	multiplayer_overlays	common.rpf/data/effects/peds/multiplayer_overlays.xml	ZONE_TORSO	TYPE_BADGE	GENDER_MALE	-0.175000	0.670000	0.050000	0.050000	0.000000	mp_fm_branding_044	mp_fm_branding_044
mp_fm_branding_045	multiplayer_overlays	common.rpf/data/effects/peds/multiplayer_overlays.xml	ZONE_TORSO	TYPE_BADGE	GENDER_MALE	-0.270000	0.570000	0.160000	0.160000	0.000000	mp_fm_branding_045	mp_fm_branding_045
mp_fm_branding_046	multiplayer_overlays	common.rpf/data/effects/peds/multiplayer_overlays.xml	ZONE_TORSO	TYPE_BADGE	GENDER_MALE	-0.260000	0.600000	0.200000	0.200000	0.000000	mp_fm_branding_046	mp_fm_branding_046
mp_fm_branding_047	multiplayer_overlays	common.rpf/data/effects/peds/multiplayer_overlays.xml	ZONE_TORSO	TYPE_BADGE	GENDER_MALE	-0.260000	0.660000	0.200000	0.150000	0.000000	mp_fm_branding_047	mp_fm_branding_047
mp_fm_branding_048	multiplayer_overlays	common.rpf/data/effects/peds/multiplayer_overlays.xml	ZONE_TORSO	TYPE_BADGE	GENDER_FEMALE	-0.264000	0.520000	0.140000	0.140000	0.000000	mp_fm_branding_048	mp_fm_branding_048
mp_fm_branding_049	multiplayer_overlays	common.rpf/data/effects/peds/multiplayer_overlays.xml	ZONE_TORSO	TYPE_BADGE	GENDER_FEMALE	-0.250000	0.490000	0.140000	0.140000	0.000000	mp_fm_branding_049	mp_fm_branding_049
mp_fm_branding_050	multiplayer_overlays	common.rpf/data/effects/peds/multiplayer_overlays.xml	ZONE_TORSO	TYPE_BADGE	GENDER_FEMALE	-0.264000	0.490000	0.120000	0.110000	0.000000	mp_fm_branding_050	mp_fm_branding_050
mp_fm_branding_051	multiplayer_overlays	common.rpf/data/effects/peds/multiplayer_overlays.xml	ZONE_TORSO	TYPE_BADGE	GENDER_FEMALE	-0.264000	0.480000	0.150000	0.150000	0.000000	mp_fm_branding_051	mp_fm_branding_051
mp_fm_branding_052	multiplayer_overlays	common.rpf/data/effects/peds/multiplayer_overlays.xml	ZONE_TORSO	TYPE_BADGE	GENDER_FEMALE	-0.258000	0.530000	0.145000	0.145000	0.000000	mp_fm_branding_052	mp_fm_branding_052
mp_fm_branding_053	multiplayer_overlays	common.rpf/data/effects/peds/multiplayer_overlays.xml	ZONE_TORSO	TYPE_BADGE	GENDER_FEMALE	-0.258000	0.530000	0.180000	0.180000	0.000000	mp_fm_branding_053	mp_fm_branding_053
mp_fm_branding_054	multiplayer_overlays	common.rpf/data/effects/peds/multiplayer_overlays.xml	ZONE_TORSO	TYPE_BADGE	GENDER_FEMALE	-0.258000	0.530000	0.145000	0.145000	0.000000	mp_fm_branding_054	mp_fm_branding_054
mp_fm_branding_055	multiplayer_overlays	common.rpf/data/effects/peds/multiplayer_overlays.xml	ZONE_TORSO	TYPE_BADGE	GENDER_FEMALE	-0.258000	0.600000	0.145000	0.145000	0.000000	mp_fm_branding_055	mp_fm_branding_055
mp_fm_branding_056	multiplayer_overlays	common.rpf/data/effects/peds/multiplayer_overlays.xml	ZONE_TORSO	TYPE_BADGE	GENDER_FEMALE	-0.260000	0.600000	0.160000	0.160000	0.000000	mp_fm_branding_056	mp_fm_branding_056
mp_fm_branding_057	multiplayer_overlays	common.rpf/data/effects/peds/multiplayer_overlays.xml	ZONE_TORSO	TYPE_BADGE	GENDER_FEMALE	-0.270000	0.600000	0.150000	0.150000	0.000000	mp_fm_branding_057	mp_fm_branding_057
mp_fm_branding_058	multiplayer_overlays	common.rpf/data/effects/peds/multiplayer_overlays.xml	ZONE_TORSO	TYPE_BADGE	GENDER_FEMALE	-0.180000	0.670000	0.050000	0.050000	-12.960000	mp_fm_branding_058	mp_fm_branding_058
mp_fm_branding_059	multiplayer_overlays	common.rpf/data/effects/peds/multiplayer_overlays.xml	ZONE_TORSO	TYPE_BADGE	GENDER_FEMALE	-0.180000	0.670000	0.050000	0.050000	0.720000	mp_fm_branding_059	mp_fm_branding_059
mp_fm_branding_060	multiplayer_overlays	common.rpf/data/effects/peds/multiplayer_overlays.xml	ZONE_TORSO	TYPE_BADGE	GENDER_FEMALE	-0.180000	0.670000	0.050000	0.050000	0.000000	mp_fm_branding_060	mp_fm_branding_060
mp_fm_branding_061	multiplayer_overlays	common.rpf/data/effects/peds/multiplayer_overlays.xml	ZONE_TORSO	TYPE_BADGE	GENDER_FEMALE	-0.270000	0.570000	0.100000	0.070000	0.000000	mp_fm_branding_061	mp_fm_branding_061
mp_fm_branding_062	multiplayer_overlays	common.rpf/data/effects/peds/multiplayer_overlays.xml	ZONE_TORSO	TYPE_BADGE	GENDER_FEMALE	-0.270000	0.570000	0.100000	0.070000	0.000000	mp_fm_branding_062	mp_fm_branding_062
mp_fm_branding_066	multiplayer_overlays	common.rpf/data/effects/peds/multiplayer_overlays.xml	ZONE_TORSO	TYPE_BADGE	GENDER_FEMALE	-0.270000	0.590000	0.150000	0.150000	0.000000	mp_fm_branding_066	mp_fm_branding_066
mp_fm_branding_067	multiplayer_overlays	common.rpf/data/effects/peds/multiplayer_overlays.xml	ZONE_TORSO	TYPE_BADGE	GENDER_FEMALE	-0.270000	0.590000	0.150000	0.150000	0.000000	mp_fm_branding_067	mp_fm_branding_067
mp_fm_branding_068	multiplayer_overlays	common.rpf/data/effects/peds/multiplayer_overlays.xml	ZONE_TORSO	TYPE_BADGE	GENDER_FEMALE	-0.250000	0.590000	0.126000	0.126000	12.960000	mp_fm_branding_068	mp_fm_branding_068
mp_fm_branding_069	multiplayer_overlays	common.rpf/data/effects/peds/multiplayer_overlays.xml	ZONE_TORSO	TYPE_BADGE	GENDER_FEMALE	-0.270000	0.520000	0.126000	0.150000	0.000000	mp_fm_branding_069	mp_fm_branding_069
mp_fm_branding_070	multiplayer_overlays	common.rpf/data/effects/peds/multiplayer_overlays.xml	ZONE_TORSO	TYPE_BADGE	GENDER_FEMALE	-0.270000	0.580000	0.126000	0.150000	0.000000	mp_fm_branding_070	mp_fm_branding_070
mp_fm_branding_027_f	multiplayer_overlays	common.rpf/data/effects/peds/multiplayer_overlays.xml	ZONE_TORSO	TYPE_BADGE	GENDER_FEMALE	-0.264000	0.490000	0.110000	0.160000	0.000000	mp_fm_branding_027	mp_fm_branding_027
mp_fm_branding_028_F	multiplayer_overlays	common.rpf/data/effects/peds/multiplayer_overlays.xml	ZONE_TORSO	TYPE_BADGE	GENDER_FEMALE	-0.270000	0.600000	0.150000	0.150000	0.000000	mp_fm_branding_028	mp_fm_branding_028
mp_fm_branding_034_f	multiplayer_overlays	common.rpf/data/effects/peds/multiplayer_overlays.xml	ZONE_TORSO	TYPE_BADGE	GENDER_FEMALE	-0.264000	0.580000	0.130000	0.150000	0.000000	mp_fm_branding_034	mp_fm_branding_034
mp_fm_branding_036_F	multiplayer_overlays	common.rpf/data/effects/peds/multiplayer_overlays.xml	ZONE_TORSO	TYPE_BADGE	GENDER_FEMALE	-0.770000	0.590000	0.350000	0.150000	0.000000	mp_fm_branding_036	mp_fm_branding_036
mp_fm_branding_039_f	multiplayer_overlays	common.rpf/data/effects/peds/multiplayer_overlays.xml	ZONE_TORSO	TYPE_BADGE	GENDER_FEMALE	-0.264000	0.480000	0.150000	0.150000	0.000000	mp_fm_branding_039	mp_fm_branding_039
	multiplayer_overlays	common.rpf/data/effects/peds/multiplayer_overlays.xml	ZONE_INVALID	TYPE_INVALID	GENDER_DONTCARE	0.234000	0.710000	0.250000	0.300000	0.000000		
mp_fm_OGA_000_m	multiplayer_overlays	common.rpf/data/effects/peds/multiplayer_overlays.xml	ZONE_TORSO	TYPE_BADGE	GENDER_MALE	-0.270000	0.600000	0.180000	0.180000	0.000000	MP_FM_OG_Award_000	MP_FM_OG_Award_000
mp_fm_OGA_001_m	multiplayer_overlays	common.rpf/data/effects/peds/multiplayer_overlays.xml	ZONE_TORSO	TYPE_BADGE	GENDER_MALE	-0.267000	0.630000	0.180000	0.180000	0.000000	MP_FM_OG_Award_001	MP_FM_OG_Award_001
mp_fm_OGA_002_m	multiplayer_overlays	common.rpf/data/effects/peds/multiplayer_overlays.xml	ZONE_TORSO	TYPE_BADGE	GENDER_MALE	-0.270000	0.600000	0.180000	0.180000	0.000000	MP_FM_OG_Award_002	MP_FM_OG_Award_002
mp_fm_OGA_003_m	multiplayer_overlays	common.rpf/data/effects/peds/multiplayer_overlays.xml	ZONE_TORSO	TYPE_BADGE	GENDER_MALE	-0.267000	0.630000	0.180000	0.180000	0.000000	MP_FM_OG_Award_003	MP_FM_OG_Award_003
mp_fm_OGA_000_f	multiplayer_overlays	common.rpf/data/effects/peds/multiplayer_overlays.xml	ZONE_TORSO	TYPE_BADGE	GENDER_FEMALE	-0.290000	0.600000	0.170000	0.170000	0.000000	MP_FM_OG_Award_000	MP_FM_OG_Award_000
mp_fm_OGA_001_f	multiplayer_overlays	common.rpf/data/effects/peds/multiplayer_overlays.xml	ZONE_TORSO	TYPE_BADGE	GENDER_FEMALE	-0.285000	0.670000	0.170000	0.170000	0.000000	MP_FM_OG_Award_001	MP_FM_OG_Award_001
mp_fm_OGA_002_f	multiplayer_overlays	common.rpf/data/effects/peds/multiplayer_overlays.xml	ZONE_TORSO	TYPE_BADGE	GENDER_FEMALE	-0.290000	0.600000	0.170000	0.170000	0.000000	MP_FM_OG_Award_002	MP_FM_OG_Award_002
mp_fm_OGA_003_f	multiplayer_overlays	common.rpf/data/effects/peds/multiplayer_overlays.xml	ZONE_TORSO	TYPE_BADGE	GENDER_FEMALE	-0.285000	0.670000	0.170000	0.170000	0.000000	MP_FM_OG_Award_003	MP_FM_OG_Award_003
mk_000	singleplayer_overlays	common.rpf/data/effects/peds/singleplayer_overlays.xml	ZONE_LEFT_ARM	TYPE_TATTOO	GENDER_MALE	0.450000	0.700000	0.080000	0.080000	0.000000	sp_mi_tat_000	sp_mi_tat_000
mk_001	singleplayer_overlays	common.rpf/data/effects/peds/singleplayer_overlays.xml	ZONE_RIGHT_ARM	TYPE_TATTOO	GENDER_MALE	-0.500000	0.375000	0.150000	0.150000	9.360000	sp_mi_tat_001	sp_mi_tat_001
mk_002	singleplayer_overlays	common.rpf/data/effects/peds/singleplayer_overlays.xml	ZONE_LEFT_LEG	TYPE_TATTOO	GENDER_MALE	-0.800000	0.380000	0.200000	0.200000	0.000000	sp_mi_tat_002	sp_mi_tat_002
mk_003	singleplayer_overlays	common.rpf/data/effects/peds/singleplayer_overlays.xml	ZONE_HEAD	TYPE_TATTOO	GENDER_MALE	-0.750000	0.275000	0.250000	0.250000	-19.440001	sp_mi_tat_003	sp_mi_tat_003
mk_004	singleplayer_overlays	common.rpf/data/effects/peds/singleplayer_overlays.xml	ZONE_TORSO	TYPE_TATTOO	GENDER_MALE	-0.670000	0.750000	0.100000	0.100000	-28.080000	sp_mi_tat_004	sp_mi_tat_004
mk_005	singleplayer_overlays	common.rpf/data/effects/peds/singleplayer_overlays.xml	ZONE_RIGHT_ARM	TYPE_TATTOO	GENDER_MALE	0.550000	0.630000	0.200000	0.200000	0.000000	sp_mi_tat_005	sp_mi_tat_005
mk_006	singleplayer_overlays	common.rpf/data/effects/peds/singleplayer_overlays.xml	ZONE_TORSO	TYPE_TATTOO	GENDER_MALE	0.850000	0.700000	0.100000	0.100000	-6.840000	sp_mi_tat_006	sp_mi_tat_006
mk_007	singleplayer_overlays	common.rpf/data/effects/peds/singleplayer_overlays.xml	ZONE_LEFT_ARM	TYPE_TATTOO	GENDER_MALE	0.650000	0.360000	0.200000	0.150000	0.000000	sp_mi_tat_007	sp_mi_tat_007
mk_008	singleplayer_overlays	common.rpf/data/effects/peds/singleplayer_overlays.xml	ZONE_TORSO	TYPE_TATTOO	GENDER_MALE	0.330000	0.450000	0.120000	0.120000	0.000000	sp_mi_tat_008	sp_mi_tat_008
mk_009	singleplayer_overlays	common.rpf/data/effects/peds/singleplayer_overlays.xml	ZONE_LEFT_ARM	TYPE_TATTOO	GENDER_MALE	0.480000	0.700000	0.080000	0.080000	0.000000	sp_mi_tat_009	sp_mi_tat_009
mk_010	singleplayer_overlays	common.rpf/data/effects/peds/singleplayer_overlays.xml	ZONE_LEFT_ARM	TYPE_TATTOO	GENDER_MALE	0.500000	0.600000	0.150000	0.200000	0.000000	sp_mi_tat_010	sp_mi_tat_010
mk_011	singleplayer_overlays	common.rpf/data/effects/peds/singleplayer_overlays.xml	ZONE_RIGHT_LEG	TYPE_TATTOO	GENDER_MALE	0.700000	0.360000	0.200000	0.200000	0.000000	sp_mi_tat_011	sp_mi_tat_011
mk_012	singleplayer_overlays	common.rpf/data/effects/peds/singleplayer_overlays.xml	ZONE_LEFT_ARM	TYPE_TATTOO	GENDER_MALE	0.460000	0.630000	0.150000	0.200000	0.000000	sp_mi_tat_012	sp_mi_tat_012
mk_013	singleplayer_overlays	common.rpf/data/effects/peds/singleplayer_overlays.xml	ZONE_RIGHT_ARM	TYPE_TATTOO	GENDER_MALE	0.500000	0.400000	0.200000	0.180000	0.000000	sp_mi_tat_013	sp_mi_tat_013
mk_014	singleplayer_overlays	common.rpf/data/effects/peds/singleplayer_overlays.xml	ZONE_TORSO	TYPE_TATTOO	GENDER_MALE	0.250000	0.620000	0.500000	0.350000	0.000000	sp_mi_tat_014	sp_mi_tat_014
mk_015	singleplayer_overlays	common.rpf/data/effects/peds/singleplayer_overlays.xml	ZONE_TORSO	TYPE_TATTOO	GENDER_MALE	0.860000	0.700000	0.200000	0.150000	-35.639999	sp_mi_tat_015	sp_mi_tat_015
mk_016	singleplayer_overlays	common.rpf/data/effects/peds/singleplayer_overlays.xml	ZONE_RIGHT_ARM	TYPE_TATTOO	GENDER_MALE	0.510000	0.610000	0.200000	0.200000	10.800000	sp_mi_tat_016	sp_mi_tat_016
mk_017	singleplayer_overlays	common.rpf/data/effects/peds/singleplayer_overlays.xml	ZONE_TORSO	TYPE_TATTOO	GENDER_MALE	0.630000	0.680000	0.100000	0.100000	0.000000	sp_mi_tat_017	sp_mi_tat_017
mk_018	singleplayer_overlays	common.rpf/data/effects/peds/singleplayer_overlays.xml	ZONE_TORSO	TYPE_TATTOO	GENDER_MALE	0.200000	0.420000	0.300000	0.300000	0.000000	sp_mi_tat_018	sp_mi_tat_018
mk_019	singleplayer_overlays	common.rpf/data/effects/peds/singleplayer_overlays.xml	ZONE_LEFT_ARM	TYPE_TATTOO	GENDER_MALE	0.480000	0.350000	0.200000	0.160000	0.000000	sp_mi_tat_019	sp_mi_tat_019
mk_020	singleplayer_overlays	common.rpf/data/effects/peds/singleplayer_overlays.xml	ZONE_TORSO	TYPE_TATTOO	GENDER_MALE	-0.270000	0.470000	0.300000	0.100000	0.000000	sp_mi_tat_020	sp_mi_tat_020
fr_000	singleplayer_overlays	common.rpf/data/effects/peds/singleplayer_overlays.xml	ZONE_TORSO	TYPE_TATTOO	GENDER_MALE	0.750000	0.475000	0.300000	0.300000	0.000000	SP_FR_Tat_000	SP_FR_Tat_000
fr_001	singleplayer_overlays	common.rpf/data/effects/peds/singleplayer_overlays.xml	ZONE_LEFT_ARM	TYPE_TATTOO	GENDER_MALE	0.450000	0.680000	0.200000	0.200000	0.000000	SP_FR_Tat_001	SP_FR_Tat_001
fr_002	singleplayer_overlays	common.rpf/data/effects/peds/singleplayer_overlays.xml	ZONE_LEFT_LEG	TYPE_TATTOO	GENDER_MALE	0.200000	0.300000	0.200000	0.200000	0.000000	SP_FR_Tat_002	SP_FR_Tat_002
fr_003	singleplayer_overlays	common.rpf/data/effects/peds/singleplayer_overlays.xml	ZONE_RIGHT_LEG	TYPE_TATTOO	GENDER_MALE	-0.300000	0.280000	0.300000	0.300000	0.000000	SP_FR_Tat_003	SP_FR_Tat_003
fr_004	singleplayer_overlays	common.rpf/data/effects/peds/singleplayer_overlays.xml	ZONE_TORSO	TYPE_TATTOO	GENDER_MALE	0.242000	0.630000	0.240000	0.280000	0.000000	SP_FR_Tat_004	SP_FR_Tat_004
fr_005	singleplayer_overlays	common.rpf/data/effects/peds/singleplayer_overlays.xml	ZONE_HEAD	TYPE_TATTOO	GENDER_MALE	-0.020000	0.320000	0.300000	0.200000	0.000000	SP_FR_Tat_005	SP_FR_Tat_005
fr_006	singleplayer_overlays	common.rpf/data/effects/peds/singleplayer_overlays.xml	ZONE_RIGHT_ARM	TYPE_TATTOO	GENDER_MALE	0.800000	0.400000	0.200000	0.200000	0.000000	SP_FR_Tat_006	SP_FR_Tat_006
fr_007	singleplayer_overlays	common.rpf/data/effects/peds/singleplayer_overlays.xml	ZONE_LEFT_ARM	TYPE_TATTOO	GENDER_MALE	0.500000	0.500000	0.200000	0.300000	0.000000	SP_FR_Tat_007	SP_FR_Tat_007
fr_008	singleplayer_overlays	common.rpf/data/effects/peds/singleplayer_overlays.xml	ZONE_RIGHT_ARM	TYPE_TATTOO	GENDER_MALE	0.525000	0.730000	0.150000	0.175000	0.000000	SP_FR_Tat_008	SP_FR_Tat_008
fr_009	singleplayer_overlays	common.rpf/data/effects/peds/singleplayer_overlays.xml	ZONE_RIGHT_ARM	TYPE_TATTOO	GENDER_MALE	0.550000	0.740000	0.100000	0.150000	0.000000	SP_FR_Tat_009	SP_FR_Tat_009
fr_010	singleplayer_overlays	common.rpf/data/effects/peds/singleplayer_overlays.xml	ZONE_TORSO	TYPE_TATTOO	GENDER_MALE	0.236000	0.650000	0.250000	0.250000	0.000000	SP_FR_Tat_010	SP_FR_Tat_010
fr_011	singleplayer_overlays	common.rpf/data/effects/peds/singleplayer_overlays.xml	ZONE_TORSO	TYPE_TATTOO	GENDER_MALE	0.730000	0.800000	0.300000	0.200000	0.000000	SP_FR_Tat_011	SP_FR_Tat_011
fr_012	singleplayer_overlays	common.rpf/data/effects/peds/singleplayer_overlays.xml	ZONE_RIGHT_ARM	TYPE_TATTOO	GENDER_MALE	0.700000	0.450000	0.136000	0.350000	0.000000	SP_FR_Tat_012	SP_FR_Tat_012
fr_013	singleplayer_overlays	common.rpf/data/effects/peds/singleplayer_overlays.xml	ZONE_HEAD	TYPE_TATTOO	GENDER_MALE	-0.200000	0.250000	0.150000	0.150000	0.000000	SP_FR_Tat_013	SP_FR_Tat_013
fr_014	singleplayer_overlays	common.rpf/data/effects/peds/singleplayer_overlays.xml	ZONE_HEAD	TYPE_TATTOO	GENDER_MALE	-0.200000	0.250000	0.150000	0.150000	0.000000	SP_FR_Tat_014	SP_FR_Tat_014
fr_015	singleplayer_overlays	common.rpf/data/effects/peds/singleplayer_overlays.xml	ZONE_LEFT_LEG	TYPE_TATTOO	GENDER_MALE	0.350000	0.300000	0.180000	0.200000	0.000000	SP_FR_Tat_015	SP_FR_Tat_015
fr_016	singleplayer_overlays	common.rpf/data/effects/peds/singleplayer_overlays.xml	ZONE_LEFT_ARM	TYPE_TATTOO	GENDER_MALE	0.450000	0.400000	0.136000	0.200000	0.000000	SP_FR_Tat_016	SP_FR_Tat_016
fr_017	singleplayer_overlays	common.rpf/data/effects/peds/singleplayer_overlays.xml	ZONE_LEFT_ARM	TYPE_TATTOO	GENDER_MALE	0.450000	0.740000	0.150000	0.150000	0.000000	SP_FR_Tat_017	SP_FR_Tat_017
fr_018	singleplayer_overlays	common.rpf/data/effects/peds/singleplayer_overlays.xml	ZONE_TORSO	TYPE_TATTOO	GENDER_MALE	0.840000	0.700000	0.120000	0.100000	0.000000	SP_FR_Tat_018	SP_FR_Tat_018
fr_019	singleplayer_overlays	common.rpf/data/effects/peds/singleplayer_overlays.xml	ZONE_LEFT_ARM	TYPE_TATTOO	GENDER_MALE	0.500000	0.600000	0.200000	0.200000	0.000000	SP_FR_Tat_019	SP_FR_Tat_019
fr_020	singleplayer_overlays	common.rpf/data/effects/peds/singleplayer_overlays.xml	ZONE_TORSO	TYPE_TATTOO	GENDER_MALE	0.620000	0.720000	0.200000	0.150000	0.000000	SP_FR_Tat_020	SP_FR_Tat_020
fr_021	singleplayer_overlays	common.rpf/data/effects/peds/singleplayer_overlays.xml	ZONE_TORSO	TYPE_TATTOO	GENDER_MALE	0.735000	0.690000	0.200000	0.300000	0.000000	SP_FR_Tat_021	SP_FR_Tat_021
fr_022	singleplayer_overlays	common.rpf/data/effects/peds/singleplayer_overlays.xml	ZONE_HEAD	TYPE_TATTOO	GENDER_MALE	0.005000	0.300000	0.300000	0.200000	0.000000	SP_FR_Tat_022	SP_FR_Tat_022
fr_023	singleplayer_overlays	common.rpf/data/effects/peds/singleplayer_overlays.xml	ZONE_RIGHT_ARM	TYPE_TATTOO	GENDER_MALE	0.600000	0.680000	0.200000	0.200000	0.000000	SP_FR_Tat_023	SP_FR_Tat_023
fr_024	singleplayer_overlays	common.rpf/data/effects/peds/singleplayer_overlays.xml	ZONE_TORSO	TYPE_TATTOO	GENDER_MALE	0.230000	0.600000	0.325000	0.250000	0.000000	SP_FR_Tat_024	SP_FR_Tat_024
fr_025	singleplayer_overlays	common.rpf/data/effects/peds/singleplayer_overlays.xml	ZONE_TORSO	TYPE_TATTOO	GENDER_MALE	0.730000	0.500000	0.300000	0.200000	-2.160000	SP_FR_Tat_025	SP_FR_Tat_025
fr_026	singleplayer_overlays	common.rpf/data/effects/peds/singleplayer_overlays.xml	ZONE_RIGHT_LEG	TYPE_TATTOO	GENDER_MALE	-0.340000	0.320000	0.200000	0.200000	0.000000	SP_FR_Tat_026	SP_FR_Tat_026
fr_027	singleplayer_overlays	common.rpf/data/effects/peds/singleplayer_overlays.xml	ZONE_LEFT_LEG	TYPE_TATTOO	GENDER_MALE	0.200000	0.320000	0.150000	0.200000	0.000000	SP_FR_Tat_027	SP_FR_Tat_027
fr_028	singleplayer_overlays	common.rpf/data/effects/peds/singleplayer_overlays.xml	ZONE_TORSO	TYPE_TATTOO	GENDER_MALE	0.725000	0.580000	0.240000	0.200000	-2.160000	SP_FR_Tat_028	SP_FR_Tat_028
fr_029	singleplayer_overlays	common.rpf/data/effects/peds/singleplayer_overlays.xml	ZONE_TORSO	TYPE_TATTOO	GENDER_MALE	0.640000	0.700000	0.230000	0.150000	0.720000	SP_FR_Tat_029	SP_FR_Tat_029
fr_030	singleplayer_overlays	common.rpf/data/effects/peds/singleplayer_overlays.xml	ZONE_TORSO	TYPE_TATTOO	GENDER_MALE	0.980000	0.475000	0.100000	0.100000	19.440001	SP_FR_Tat_030	SP_FR_Tat_030
fr_031	singleplayer_overlays	common.rpf/data/effects/peds/singleplayer_overlays.xml	ZONE_TORSO	TYPE_TATTOO	GENDER_MALE	0.730000	0.700000	0.200000	0.200000	0.720000	SP_FR_Tat_031	SP_FR_Tat_031
fr_032	singleplayer_overlays	common.rpf/data/effects/peds/singleplayer_overlays.xml	ZONE_TORSO	TYPE_TATTOO	GENDER_MALE	0.850000	0.730000	0.150000	0.120000	0.000000	SP_FR_Tat_032	SP_FR_Tat_032
fr_033	singleplayer_overlays	common.rpf/data/effects/peds/singleplayer_overlays.xml	ZONE_HEAD	TYPE_TATTOO	GENDER_MALE	0.275000	0.250000	0.200000	0.200000	0.000000	SP_FR_Tat_033	SP_FR_Tat_033
fr_034	singleplayer_overlays	common.rpf/data/effects/peds/singleplayer_overlays.xml	ZONE_HEAD	TYPE_TATTOO	GENDER_MALE	-0.200000	0.280000	0.150000	0.100000	0.000000	SP_FR_Tat_034	SP_FR_Tat_034
fr_035	singleplayer_overlays	common.rpf/data/effects/peds/singleplayer_overlays.xml	ZONE_TORSO	TYPE_TATTOO	GENDER_MALE	0.570000	0.480000	0.250000	0.120000	-5.040000	SP_FR_Tat_035	SP_FR_Tat_035
fr_036	singleplayer_overlays	common.rpf/data/effects/peds/singleplayer_overlays.xml	ZONE_TORSO	TYPE_TATTOO	GENDER_MALE	0.730000	0.500000	0.250000	0.300000	0.000000	SP_FR_Tat_036	SP_FR_Tat_036
fr_037	singleplayer_overlays	common.rpf/data/effects/peds/singleplayer_overlays.xml	ZONE_TORSO	TYPE_TATTOO	GENDER_MALE	0.750000	0.420000	0.300000	0.300000	0.000000	SP_FR_Tat_037	SP_FR_Tat_037
fr_038	singleplayer_overlays	common.rpf/data/effects/peds/singleplayer_overlays.xml	ZONE_TORSO	TYPE_TATTOO	GENDER_MALE	0.246000	0.650000	0.300000	0.400000	0.000000	SP_FR_Tat_038	SP_FR_Tat_038
fr_039	singleplayer_overlays	common.rpf/data/effects/peds/singleplayer_overlays.xml	ZONE_TORSO	TYPE_TATTOO	GENDER_MALE	0.820000	0.720000	0.200000	0.200000	0.000000	SP_MI_Tat_018	SP_MI_Tat_018
tp_000	singleplayer_overlays	common.rpf/data/effects/peds/singleplayer_overlays.xml	ZONE_TORSO	TYPE_TATTOO	GENDER_MALE	0.620000	0.410000	0.100000	0.100000	0.000000	SP_TP_Tat_000	SP_TP_Tat_000
tp_001	singleplayer_overlays	common.rpf/data/effects/peds/singleplayer_overlays.xml	ZONE_LEFT_ARM	TYPE_TATTOO	GENDER_MALE	0.470000	0.720000	0.100000	0.150000	0.000000	SP_TP_Tat_001	SP_TP_Tat_001
tp_002	singleplayer_overlays	common.rpf/data/effects/peds/singleplayer_overlays.xml	ZONE_LEFT_LEG	TYPE_TATTOO	GENDER_MALE	-0.180000	0.350000	0.175000	0.200000	0.000000	SP_TP_Tat_002	SP_TP_Tat_002
tp_003	singleplayer_overlays	common.rpf/data/effects/peds/singleplayer_overlays.xml	ZONE_LEFT_ARM	TYPE_TATTOO	GENDER_MALE	0.470000	0.780000	0.060000	0.080000	0.000000	SP_TP_Tat_003	SP_TP_Tat_003
tp_004	singleplayer_overlays	common.rpf/data/effects/peds/singleplayer_overlays.xml	ZONE_TORSO	TYPE_TATTOO	GENDER_MALE	-0.220000	0.620000	0.230000	0.250000	0.000000	SP_TP_Tat_004	SP_TP_Tat_004
tp_005	singleplayer_overlays	common.rpf/data/effects/peds/singleplayer_overlays.xml	ZONE_RIGHT_LEG	TYPE_TATTOO	GENDER_MALE	-0.240000	0.400000	0.200000	0.280000	0.000000	SP_TP_Tat_005	SP_TP_Tat_005
tp_006	singleplayer_overlays	common.rpf/data/effects/peds/singleplayer_overlays.xml	ZONE_TORSO	TYPE_TATTOO	GENDER_MALE	0.850000	0.750000	0.150000	0.150000	0.000000	SP_TP_Tat_006	SP_TP_Tat_006
tp_007	singleplayer_overlays	common.rpf/data/effects/peds/singleplayer_overlays.xml	ZONE_RIGHT_ARM	TYPE_TATTOO	GENDER_MALE	-0.140000	0.450000	0.166000	0.300000	0.000000	SP_TP_Tat_007	SP_TP_Tat_007
tp_008	singleplayer_overlays	common.rpf/data/effects/peds/singleplayer_overlays.xml	ZONE_RIGHT_ARM	TYPE_TATTOO	GENDER_MALE	0.550000	0.360000	0.150000	0.200000	180.000000	SP_TP_Tat_008	SP_TP_Tat_008
tp_009	singleplayer_overlays	common.rpf/data/effects/peds/singleplayer_overlays.xml	ZONE_RIGHT_ARM	TYPE_TATTOO	GENDER_MALE	-0.470000	0.740000	0.200000	0.200000	-7.200000	SP_TP_Tat_009	SP_TP_Tat_009
tp_010	singleplayer_overlays	common.rpf/data/effects/peds/singleplayer_overlays.xml	ZONE_RIGHT_ARM	TYPE_TATTOO	GENDER_MALE	0.500000	0.450000	0.300000	0.300000	0.000000	SP_TP_Tat_010	SP_TP_Tat_010
tp_011	singleplayer_overlays	common.rpf/data/effects/peds/singleplayer_overlays.xml	ZONE_LEFT_LEG	TYPE_TATTOO	GENDER_MALE	0.150000	0.380000	0.200000	0.200000	0.000000	SP_TP_Tat_011	SP_TP_Tat_011
tp_012	singleplayer_overlays	common.rpf/data/effects/peds/singleplayer_overlays.xml	ZONE_TORSO	TYPE_TATTOO	GENDER_MALE	0.730000	0.350000	0.200000	0.200000	0.000000	SP_TP_Tat_012	SP_TP_Tat_012
tp_013	singleplayer_overlays	common.rpf/data/effects/peds/singleplayer_overlays.xml	ZONE_TORSO	TYPE_TATTOO	GENDER_MALE	0.840000	0.750000	0.100000	0.100000	0.000000	SP_TP_Tat_013	SP_TP_Tat_013
tp_014	singleplayer_overlays	common.rpf/data/effects/peds/singleplayer_overlays.xml	ZONE_RIGHT_ARM	TYPE_TATTOO	GENDER_MALE	0.520000	0.780000	0.120000	0.120000	0.000000	SP_TP_Tat_014	SP_TP_Tat_014
tp_015	singleplayer_overlays	common.rpf/data/effects/peds/singleplayer_overlays.xml	ZONE_TORSO	TYPE_TATTOO	GENDER_MALE	-0.065000	0.425000	0.150000	0.150000	0.000000	SP_TP_Tat_015	SP_TP_Tat_015
tp_016	singleplayer_overlays	common.rpf/data/effects/peds/singleplayer_overlays.xml	ZONE_LEFT_ARM	TYPE_TATTOO	GENDER_MALE	0.600000	0.400000	0.200000	0.200000	-8.640000	SP_TP_Tat_016	SP_TP_Tat_016
tp_017	singleplayer_overlays	common.rpf/data/effects/peds/singleplayer_overlays.xml	ZONE_LEFT_ARM	TYPE_TATTOO	GENDER_MALE	-0.520000	0.660000	0.100000	0.200000	0.000000	SP_TP_Tat_017	SP_TP_Tat_017
tp_018	singleplayer_overlays	common.rpf/data/effects/peds/singleplayer_overlays.xml	ZONE_LEFT_ARM	TYPE_TATTOO	GENDER_MALE	1.510000	0.400000	0.150000	0.150000	0.000000	SP_TP_Tat_018	SP_TP_Tat_018
tp_019	singleplayer_overlays	common.rpf/data/effects/peds/singleplayer_overlays.xml	ZONE_RIGHT_LEG	TYPE_TATTOO	GENDER_MALE	-0.330000	0.800000	0.250000	0.250000	0.000000	SP_TP_Tat_019	SP_TP_Tat_019
tp_020	singleplayer_overlays	common.rpf/data/effects/peds/singleplayer_overlays.xml	ZONE_RIGHT_ARM	TYPE_TATTOO	GENDER_MALE	-0.500000	0.700000	0.100000	0.150000	0.000000	SP_TP_Tat_020	SP_TP_Tat_020
tp_021	singleplayer_overlays	common.rpf/data/effects/peds/singleplayer_overlays.xml	ZONE_TORSO	TYPE_TATTOO	GENDER_MALE	0.730000	0.660000	0.250000	0.160000	0.000000	SP_TP_Tat_021	SP_TP_Tat_021
tp_022	singleplayer_overlays	common.rpf/data/effects/peds/singleplayer_overlays.xml	ZONE_TORSO	TYPE_TATTOO	GENDER_MALE	0.250000	0.650000	0.300000	0.320000	0.000000	SP_TP_Tat_022	SP_TP_Tat_022
tp_023	singleplayer_overlays	common.rpf/data/effects/peds/singleplayer_overlays.xml	ZONE_TORSO	TYPE_TATTOO	GENDER_MALE	0.735000	0.730000	0.300000	0.200000	0.000000	SP_TP_Tat_023	SP_TP_Tat_023
tp_024	singleplayer_overlays	common.rpf/data/effects/peds/singleplayer_overlays.xml	ZONE_LEFT_ARM	TYPE_TATTOO	GENDER_MALE	1.480000	0.400000	0.200000	0.200000	0.000000	SP_TP_Tat_024	SP_TP_Tat_024
tp_025	singleplayer_overlays	common.rpf/data/effects/peds/singleplayer_overlays.xml	ZONE_RIGHT_LEG	TYPE_TATTOO	GENDER_MALE	0.350000	0.680000	0.300000	0.300000	0.000000	SP_TP_Tat_025	SP_TP_Tat_025
tp_026	singleplayer_overlays	common.rpf/data/effects/peds/singleplayer_overlays.xml	ZONE_TORSO	TYPE_TATTOO	GENDER_MALE	0.240000	0.650000	0.280000	0.300000	0.000000	SP_TP_Tat_026	SP_TP_Tat_026
tp_027	singleplayer_overlays	common.rpf/data/effects/peds/singleplayer_overlays.xml	ZONE_TORSO	TYPE_TATTOO	GENDER_MALE	0.715000	0.360000	0.200000	0.200000	0.000000	SP_TP_Tat_027	SP_TP_Tat_027
tp_028	singleplayer_overlays	common.rpf/data/effects/peds/singleplayer_overlays.xml	ZONE_TORSO	TYPE_TATTOO	GENDER_MALE	0.920000	0.400000	0.080000	0.080000	-47.160000	SP_TP_Tat_028	SP_TP_Tat_028
tp_029	singleplayer_overlays	common.rpf/data/effects/peds/singleplayer_overlays.xml	ZONE_TORSO	TYPE_TATTOO	GENDER_MALE	0.900000	0.400000	0.050000	0.050000	0.000000	SP_TP_Tat_029	SP_TP_Tat_029
tp_030	singleplayer_overlays	common.rpf/data/effects/peds/singleplayer_overlays.xml	ZONE_TORSO	TYPE_TATTOO	GENDER_MALE	0.725000	0.540000	0.200000	0.200000	0.000000	SP_TP_Tat_030	SP_TP_Tat_030
tp_031	singleplayer_overlays	common.rpf/data/effects/peds/singleplayer_overlays.xml	ZONE_TORSO	TYPE_TATTOO	GENDER_MALE	0.220000	0.630000	0.200000	0.280000	0.000000	SP_TP_Tat_031	SP_TP_Tat_031
tp_032	singleplayer_overlays	common.rpf/data/effects/peds/singleplayer_overlays.xml	ZONE_TORSO	TYPE_TATTOO	GENDER_MALE	0.330000	0.800000	0.080000	0.080000	0.000000	SP_TP_Tat_032	SP_TP_Tat_032
tp_033	singleplayer_overlays	common.rpf/data/effects/peds/singleplayer_overlays.xml	ZONE_TORSO	TYPE_TATTOO	GENDER_MALE	0.720000	0.500000	0.300000	0.300000	0.000000	SP_MI_Tat_018	SP_MI_Tat_018
FM_CREW_M_000_A	multiplayer_overlays	update/update.rpf/common/data/effects/peds/multiplayer_overlays.xml	ZONE_TORSO	TYPE_BADGE	GENDER_MALE	0.845000	0.680000	0.050000	0.050000	0.000000	CREW_EMBLEM_TEXTURE	CREW_EMBLEM_TEXTURE
FM_CREW_M_000_B	multiplayer_overlays	update/update.rpf/common/data/effects/peds/multiplayer_overlays.xml	ZONE_TORSO	TYPE_BADGE	GENDER_MALE	0.745000	0.620000	0.120000	0.120000	-4.320000	CREW_EMBLEM_TEXTURE	CREW_EMBLEM_TEXTURE
FM_CREW_M_000_C	multiplayer_overlays	update/update.rpf/common/data/effects/peds/multiplayer_overlays.xml	ZONE_TORSO	TYPE_BADGE	GENDER_MALE	1.245000	0.670000	0.130000	0.130000	-4.320000	CREW_EMBLEM_TEXTURE	CREW_EMBLEM_TEXTURE
FM_CREW_M_000_D	multiplayer_overlays	update/update.rpf/common/data/effects/peds/multiplayer_overlays.xml	ZONE_TORSO	TYPE_BADGE	GENDER_MALE	0.820000	0.650000	0.050000	0.050000	0.000000	CREW_EMBLEM_TEXTURE	CREW_EMBLEM_TEXTURE
FM_CREW_M_000_E	multiplayer_overlays	update/update.rpf/common/data/effects/peds/multiplayer_overlays.xml	ZONE_TORSO	TYPE_BADGE	GENDER_MALE	0.740000	0.575000	0.100000	0.110000	0.000000	CREW_EMBLEM_TEXTURE	CREW_EMBLEM_TEXTURE
FM_CREW_M_000_F	multiplayer_overlays	update/update.rpf/common/data/effects/peds/multiplayer_overlays.xml	ZONE_TORSO	TYPE_BADGE	GENDER_MALE	0.234000	0.675000	0.110000	0.110000	0.000000	CREW_EMBLEM_TEXTURE	CREW_EMBLEM_TEXTURE
FM_CREW_F_000_A	multiplayer_overlays	update/update.rpf/common/data/effects/peds/multiplayer_overlays.xml	ZONE_TORSO	TYPE_BADGE	GENDER_FEMALE	0.810000	0.610000	0.040000	0.040000	0.000000	CREW_EMBLEM_TEXTURE	CREW_EMBLEM_TEXTURE
FM_CREW_F_000_B	multiplayer_overlays	update/update.rpf/common/data/effects/peds/multiplayer_overlays.xml	ZONE_TORSO	TYPE_BADGE	GENDER_FEMALE	0.810000	0.650000	0.040000	0.040000	-9.360000	CREW_EMBLEM_TEXTURE	CREW_EMBLEM_TEXTURE
FM_CREW_F_000_C	multiplayer_overlays	update/update.rpf/common/data/effects/peds/multiplayer_overlays.xml	ZONE_TORSO	TYPE_BADGE	GENDER_FEMALE	0.740000	0.500000	0.100000	0.100000	0.000000	CREW_EMBLEM_TEXTURE	CREW_EMBLEM_TEXTURE
FM_CREW_F_000_D	multiplayer_overlays	update/update.rpf/common/data/effects/peds/multiplayer_overlays.xml	ZONE_TORSO	TYPE_BADGE	GENDER_FEMALE	0.740000	0.600000	0.100000	0.100000	0.000000	CREW_EMBLEM_TEXTURE	CREW_EMBLEM_TEXTURE
FM_Tat_Award_M_000	multiplayer_overlays	update/update.rpf/common/data/effects/peds/multiplayer_overlays.xml	ZONE_HEAD	TYPE_TATTOO	GENDER_MALE	-0.500000	0.600000	0.450000	0.300000	0.000000	mp_fm_tat_award_000	mp_fm_tat_award_000
FM_Tat_Award_M_001	multiplayer_overlays	update/update.rpf/common/data/effects/peds/multiplayer_overlays.xml	ZONE_LEFT_ARM	TYPE_TATTOO	GENDER_MALE	-0.250000	0.480000	0.120000	0.125000	0.000000	mp_fm_tat_award_001	mp_fm_tat_award_001
FM_Tat_Award_M_002	multiplayer_overlays	update/update.rpf/common/data/effects/peds/multiplayer_overlays.xml	ZONE_RIGHT_ARM	TYPE_TATTOO	GENDER_MALE	-0.530000	0.770000	0.115000	0.180000	0.000000	mp_fm_tat_award_002	mp_fm_tat_award_002
FM_Tat_Award_M_003	multiplayer_overlays	update/update.rpf/common/data/effects/peds/multiplayer_overlays.xml	ZONE_TORSO	TYPE_TATTOO	GENDER_MALE	-0.370000	0.610000	0.130000	0.130000	0.000000	mp_fm_tat_award_003	mp_fm_tat_award_003
FM_Tat_Award_M_004	multiplayer_overlays	update/update.rpf/common/data/effects/peds/multiplayer_overlays.xml	ZONE_TORSO	TYPE_TATTOO	GENDER_MALE	-0.265000	0.275000	0.250000	0.280000	0.000000	mp_fm_tat_award_004	mp_fm_tat_award_004
FM_Tat_Award_M_005	multiplayer_overlays	update/update.rpf/common/data/effects/peds/multiplayer_overlays.xml	ZONE_TORSO	TYPE_TATTOO	GENDER_MALE	0.230000	0.570000	0.220000	0.250000	0.000000	mp_fm_tat_award_005	mp_fm_tat_award_005
FM_Tat_Award_M_006	multiplayer_overlays	update/update.rpf/common/data/effects/peds/multiplayer_overlays.xml	ZONE_RIGHT_LEG	TYPE_TATTOO	GENDER_MALE	-0.330000	0.300000	0.200000	0.200000	0.000000	mp_fm_tat_award_006	mp_fm_tat_award_006
FM_Tat_Award_M_007	multiplayer_overlays	update/update.rpf/common/data/effects/peds/multiplayer_overlays.xml	ZONE_LEFT_ARM	TYPE_TATTOO	GENDER_MALE	-0.500000	0.800000	0.180000	0.200000	0.000000	mp_fm_tat_award_007	mp_fm_tat_award_007
FM_Tat_Award_M_008	multiplayer_overlays	update/update.rpf/common/data/effects/peds/multiplayer_overlays.xml	ZONE_TORSO	TYPE_TATTOO	GENDER_MALE	0.230000	0.250000	0.150000	0.150000	0.000000	mp_fm_tat_award_008	mp_fm_tat_award_008
FM_Tat_Award_M_009	multiplayer_overlays	update/update.rpf/common/data/effects/peds/multiplayer_overlays.xml	ZONE_LEFT_LEG	TYPE_TATTOO	GENDER_MALE	-0.750000	0.350000	0.200000	0.200000	0.000000	mp_fm_tat_award_009	mp_fm_tat_award_009
FM_Tat_Award_M_010	multiplayer_overlays	update/update.rpf/common/data/effects/peds/multiplayer_overlays.xml	ZONE_RIGHT_ARM	TYPE_TATTOO	GENDER_MALE	-0.300000	0.450000	0.150000	0.180000	90.000000	mp_fm_tat_award_010	mp_fm_tat_award_010
FM_Tat_Award_M_011	multiplayer_overlays	update/update.rpf/common/data/effects/peds/multiplayer_overlays.xml	ZONE_TORSO	TYPE_TATTOO	GENDER_MALE	-0.180000	0.600000	0.120000	0.120000	-6.840000	mp_fm_tat_award_011	mp_fm_tat_award_011
FM_Tat_Award_M_012	multiplayer_overlays	update/update.rpf/common/data/effects/peds/multiplayer_overlays.xml	ZONE_TORSO	TYPE_TATTOO	GENDER_MALE	-0.180000	0.600000	0.120000	0.120000	-6.840000	mp_fm_tat_award_012	mp_fm_tat_award_012
FM_Tat_Award_M_013	multiplayer_overlays	update/update.rpf/common/data/effects/peds/multiplayer_overlays.xml	ZONE_TORSO	TYPE_TATTOO	GENDER_MALE	-0.180000	0.600000	0.120000	0.120000	-6.840000	mp_fm_tat_award_013	mp_fm_tat_award_013
FM_Tat_Award_M_014	multiplayer_overlays	update/update.rpf/common/data/effects/peds/multiplayer_overlays.xml	ZONE_TORSO	TYPE_TATTOO	GENDER_MALE	0.225000	0.230000	0.220000	0.250000	0.000000	mp_fm_tat_award_014	mp_fm_tat_award_014
FM_Tat_Award_M_015	multiplayer_overlays	update/update.rpf/common/data/effects/peds/multiplayer_overlays.xml	ZONE_LEFT_ARM	TYPE_TATTOO	GENDER_MALE	-0.500000	0.810000	0.180000	0.220000	0.000000	mp_fm_tat_award_015	mp_fm_tat_award_015
FM_Tat_Award_M_016	multiplayer_overlays	update/update.rpf/common/data/effects/peds/multiplayer_overlays.xml	ZONE_TORSO	TYPE_TATTOO	GENDER_MALE	0.225000	0.550000	0.215000	0.325000	0.000000	mp_fm_tat_award_016	mp_fm_tat_award_016
FM_Tat_Award_M_017	multiplayer_overlays	update/update.rpf/common/data/effects/peds/multiplayer_overlays.xml	ZONE_TORSO	TYPE_TATTOO	GENDER_MALE	0.225000	0.550000	0.215000	0.325000	0.000000	mp_fm_tat_award_017	mp_fm_tat_award_017
FM_Tat_Award_M_018	multiplayer_overlays	update/update.rpf/common/data/effects/peds/multiplayer_overlays.xml	ZONE_TORSO	TYPE_TATTOO	GENDER_MALE	0.225000	0.550000	0.215000	0.325000	0.000000	mp_fm_tat_award_018	mp_fm_tat_award_018
FM_Tat_Award_M_019	multiplayer_overlays	update/update.rpf/common/data/effects/peds/multiplayer_overlays.xml	ZONE_TORSO	TYPE_TATTOO	GENDER_MALE	0.225000	0.550000	0.215000	0.325000	0.000000	mp_fm_tat_award_019	mp_fm_tat_award_019
FM_Tat_M_000	multiplayer_overlays	update/update.rpf/common/data/effects/peds/multiplayer_overlays.xml	ZONE_RIGHT_ARM	TYPE_TATTOO	GENDER_DONTCARE	-0.345000	0.638000	0.250000	0.330000	0.000000	mp_fm_tat_000	mp_fm_tat_000
FM_Tat_M_001	multiplayer_overlays	update/update.rpf/common/data/effects/peds/multiplayer_overlays.xml	ZONE_RIGHT_ARM	TYPE_TATTOO	GENDER_MALE	0.510000	0.600000	0.300000	0.360000	0.000000	mp_fm_tat_001	mp_fm_tat_001
FM_Tat_M_002	multiplayer_overlays	update/update.rpf/common/data/effects/peds/multiplayer_overlays.xml	ZONE_LEFT_LEG	TYPE_TATTOO	GENDER_MALE	0.150000	0.350000	0.350000	0.250000	0.000000	mp_fm_tat_002	mp_fm_tat_002
FM_Tat_M_003	multiplayer_overlays	update/update.rpf/common/data/effects/peds/multiplayer_overlays.xml	ZONE_RIGHT_ARM	TYPE_TATTOO	GENDER_MALE	0.500000	0.755000	0.180000	0.200000	0.000000	mp_fm_tat_003	mp_fm_tat_003
FM_Tat_M_004	multiplayer_overlays	update/update.rpf/common/data/effects/peds/multiplayer_overlays.xml	ZONE_TORSO	TYPE_TATTOO	GENDER_MALE	0.720000	0.325000	0.270000	0.240000	0.000000	mp_fm_tat_004	mp_fm_tat_004
FM_Tat_M_005	multiplayer_overlays	update/update.rpf/common/data/effects/peds/multiplayer_overlays.xml	ZONE_LEFT_ARM	TYPE_TATTOO	GENDER_MALE	-0.240000	0.560000	0.200000	0.350000	0.000000	mp_fm_tat_005	mp_fm_tat_005
FM_Tat_M_006	multiplayer_overlays	update/update.rpf/common/data/effects/peds/multiplayer_overlays.xml	ZONE_LEFT_ARM	TYPE_TATTOO	GENDER_MALE	-0.260000	0.540000	0.147000	0.370000	0.000000	mp_fm_tat_006	mp_fm_tat_006
FM_Tat_M_007	multiplayer_overlays	update/update.rpf/common/data/effects/peds/multiplayer_overlays.xml	ZONE_RIGHT_LEG	TYPE_TATTOO	GENDER_MALE	-0.140000	0.320000	0.200000	0.260000	0.000000	mp_fm_tat_007	mp_fm_tat_007
FM_Tat_M_008	multiplayer_overlays	update/update.rpf/common/data/effects/peds/multiplayer_overlays.xml	ZONE_LEFT_LEG	TYPE_TATTOO	GENDER_MALE	0.250000	0.320000	-0.192000	0.200000	0.000000	mp_fm_tat_008	mp_fm_tat_008
FM_Tat_M_009	multiplayer_overlays	update/update.rpf/common/data/effects/peds/multiplayer_overlays.xml	ZONE_TORSO	TYPE_TATTOO	GENDER_MALE	0.230000	0.490000	0.240000	0.350000	0.000000	mp_fm_tat_009	mp_fm_tat_009
FM_Tat_M_010	multiplayer_overlays	update/update.rpf/common/data/effects/peds/multiplayer_overlays.xml	ZONE_TORSO	TYPE_TATTOO	GENDER_MALE	0.830000	0.600000	0.120000	0.150000	0.000000	mp_fm_tat_010	mp_fm_tat_010
FM_Tat_M_011	multiplayer_overlays	update/update.rpf/common/data/effects/peds/multiplayer_overlays.xml	ZONE_TORSO	TYPE_TATTOO	GENDER_MALE	0.140000	0.650000	0.100000	0.100000	9.720000	mp_fm_tat_011	mp_fm_tat_011
FM_Tat_M_012	multiplayer_overlays	update/update.rpf/common/data/effects/peds/multiplayer_overlays.xml	ZONE_TORSO	TYPE_TATTOO	GENDER_MALE	0.750000	0.285000	0.300000	0.340000	0.000000	mp_fm_tat_012	mp_fm_tat_012
FM_Tat_M_013	multiplayer_overlays	update/update.rpf/common/data/effects/peds/multiplayer_overlays.xml	ZONE_TORSO	TYPE_TATTOO	GENDER_MALE	0.280000	0.640000	0.130000	0.130000	0.000000	mp_fm_tat_013	mp_fm_tat_013
FM_Tat_M_014	multiplayer_overlays	update/update.rpf/common/data/effects/peds/multiplayer_overlays.xml	ZONE_RIGHT_ARM	TYPE_TATTOO	GENDER_MALE	0.700000	0.530000	0.147000	0.310000	0.000000	mp_fm_tat_014	mp_fm_tat_014
FM_Tat_M_015	multiplayer_overlays	update/update.rpf/common/data/effects/peds/multiplayer_overlays.xml	ZONE_LEFT_ARM	TYPE_TATTOO	GENDER_MALE	0.480000	0.880000	0.060000	0.080000	0.000000	mp_fm_tat_015	mp_fm_tat_015
FM_Tat_M_016	multiplayer_overlays	update/update.rpf/common/data/effects/peds/multiplayer_overlays.xml	ZONE_TORSO	TYPE_TATTOO	GENDER_MALE	0.225000	0.470000	0.240000	0.360000	0.000000	mp_fm_tat_016	mp_fm_tat_016
FM_Tat_M_017	multiplayer_overlays	update/update.rpf/common/data/effects/peds/multiplayer_overlays.xml	ZONE_RIGHT_LEG	TYPE_TATTOO	GENDER_MALE	0.380000	0.320000	0.233000	0.250000	0.000000	mp_fm_tat_017	mp_fm_tat_017
FM_Tat_M_018	multiplayer_overlays	update/update.rpf/common/data/effects/peds/multiplayer_overlays.xml	ZONE_RIGHT_ARM	TYPE_TATTOO	GENDER_MALE	0.280000	0.530000	0.300000	0.330000	0.000000	mp_fm_tat_018	mp_fm_tat_018
FM_Tat_M_019	multiplayer_overlays	update/update.rpf/common/data/effects/peds/multiplayer_overlays.xml	ZONE_TORSO	TYPE_TATTOO	GENDER_MALE	0.220000	0.470000	0.270000	0.360000	0.000000	mp_fm_tat_019	mp_fm_tat_019
FM_Tat_M_020	multiplayer_overlays	update/update.rpf/common/data/effects/peds/multiplayer_overlays.xml	ZONE_TORSO	TYPE_TATTOO	GENDER_MALE	0.230000	0.480000	0.250000	0.350000	0.000000	mp_fm_tat_020	mp_fm_tat_020
FM_Tat_M_021	multiplayer_overlays	update/update.rpf/common/data/effects/peds/multiplayer_overlays.xml	ZONE_LEFT_LEG	TYPE_TATTOO	GENDER_MALE	0.240000	0.320000	0.230000	0.250000	0.000000	mp_fm_tat_021	mp_fm_tat_021
FM_Tat_M_022	multiplayer_overlays	update/update.rpf/common/data/effects/peds/multiplayer_overlays.xml	ZONE_RIGHT_LEG	TYPE_TATTOO	GENDER_MALE	0.800000	0.320000	0.230000	0.250000	0.000000	mp_fm_tat_022	mp_fm_tat_022
FM_Tat_M_023	multiplayer_overlays	update/update.rpf/common/data/effects/peds/multiplayer_overlays.xml	ZONE_LEFT_LEG	TYPE_TATTOO	GENDER_MALE	0.240000	0.350000	0.230000	0.250000	0.000000	mp_fm_tat_023	mp_fm_tat_023
FM_Tat_M_024	multiplayer_overlays	update/update.rpf/common/data/effects/peds/multiplayer_overlays.xml	ZONE_TORSO	TYPE_TATTOO	GENDER_MALE	0.725000	0.460000	0.280000	0.290000	0.000000	mp_fm_tat_024	mp_fm_tat_024
FM_Tat_M_025	multiplayer_overlays	update/update.rpf/common/data/effects/peds/multiplayer_overlays.xml	ZONE_TORSO	TYPE_TATTOO	GENDER_MALE	0.640000	0.600000	0.100000	0.100000	0.000000	mp_fm_tat_025	mp_fm_tat_025
FM_Tat_M_026	multiplayer_overlays	update/update.rpf/common/data/effects/peds/multiplayer_overlays.xml	ZONE_LEFT_LEG	TYPE_TATTOO	GENDER_MALE	0.240000	0.300000	0.200000	0.300000	0.000000	mp_fm_tat_026	mp_fm_tat_026
FM_Tat_M_027	multiplayer_overlays	update/update.rpf/common/data/effects/peds/multiplayer_overlays.xml	ZONE_RIGHT_ARM	TYPE_TATTOO	GENDER_MALE	0.520000	0.760000	0.250000	0.250000	0.000000	mp_fm_tat_027	mp_fm_tat_027
FM_Tat_M_028	multiplayer_overlays	update/update.rpf/common/data/effects/peds/multiplayer_overlays.xml	ZONE_RIGHT_ARM	TYPE_TATTOO	GENDER_MALE	0.440000	0.440000	0.240000	0.220000	0.000000	mp_fm_tat_028	mp_fm_tat_028
FM_Tat_M_029	multiplayer_overlays	update/update.rpf/common/data/effects/peds/multiplayer_overlays.xml	ZONE_TORSO	TYPE_TATTOO	GENDER_MALE	0.900000	0.240000	0.150000	0.150000	0.000000	mp_fm_tat_029	mp_fm_tat_029
FM_Tat_M_030	multiplayer_overlays	update/update.rpf/common/data/effects/peds/multiplayer_overlays.xml	ZONE_TORSO	TYPE_TATTOO	GENDER_MALE	0.225000	0.660000	0.110000	0.130000	0.000000	mp_fm_tat_030	mp_fm_tat_030
FM_Tat_M_031	multiplayer_overlays	update/update.rpf/common/data/effects/peds/multiplayer_overlays.xml	ZONE_LEFT_ARM	TYPE_TATTOO	GENDER_MALE	0.528000	0.770000	0.256000	0.256000	0.000000	mp_fm_tat_031	mp_fm_tat_031
FM_Tat_M_032	multiplayer_overlays	update/update.rpf/common/data/effects/peds/multiplayer_overlays.xml	ZONE_LEFT_LEG	TYPE_TATTOO	GENDER_MALE	0.260000	0.350000	0.200000	0.200000	0.000000	mp_fm_tat_032	mp_fm_tat_032
FM_Tat_M_033	multiplayer_overlays	update/update.rpf/common/data/effects/peds/multiplayer_overlays.xml	ZONE_LEFT_LEG	TYPE_TATTOO	GENDER_MALE	0.260000	0.640000	0.400000	0.340000	0.000000	mp_fm_tat_033	mp_fm_tat_033
FM_Tat_M_034	multiplayer_overlays	update/update.rpf/common/data/effects/peds/multiplayer_overlays.xml	ZONE_TORSO	TYPE_TATTOO	GENDER_MALE	0.840000	0.600000	0.200000	0.200000	0.000000	mp_fm_tat_034	mp_fm_tat_034
FM_Tat_M_035	multiplayer_overlays	update/update.rpf/common/data/effects/peds/multiplayer_overlays.xml	ZONE_LEFT_LEG	TYPE_TATTOO	GENDER_MALE	1.100000	0.350000	0.300000	0.260000	0.000000	mp_fm_tat_035	mp_fm_tat_035
FM_Tat_M_036	multiplayer_overlays	update/update.rpf/common/data/effects/peds/multiplayer_overlays.xml	ZONE_TORSO	TYPE_TATTOO	GENDER_MALE	0.725000	0.315000	0.300000	0.150000	0.000000	mp_fm_tat_036	mp_fm_tat_036
FM_Tat_M_037	multiplayer_overlays	update/update.rpf/common/data/effects/peds/multiplayer_overlays.xml	ZONE_LEFT_LEG	TYPE_TATTOO	GENDER_MALE	0.250000	0.320000	0.200000	0.230000	0.000000	mp_fm_tat_037	mp_fm_tat_037
FM_Tat_M_038	multiplayer_overlays	update/update.rpf/common/data/effects/peds/multiplayer_overlays.xml	ZONE_RIGHT_ARM	TYPE_TATTOO	GENDER_MALE	-0.550000	0.450000	0.280000	0.250000	-180.000000	mp_fm_tat_038	mp_fm_tat_038
FM_Tat_M_039	multiplayer_overlays	update/update.rpf/common/data/effects/peds/multiplayer_overlays.xml	ZONE_RIGHT_LEG	TYPE_TATTOO	GENDER_MALE	-0.250000	0.350000	0.200000	0.200000	0.000000	mp_fm_tat_039	mp_fm_tat_039
FM_Tat_M_040	multiplayer_overlays	update/update.rpf/common/data/effects/peds/multiplayer_overlays.xml	ZONE_RIGHT_LEG	TYPE_TATTOO	GENDER_MALE	0.300000	0.550000	0.400000	0.300000	0.000000	mp_fm_tat_040	mp_fm_tat_040
FM_Tat_M_041	multiplayer_overlays	update/update.rpf/common/data/effects/peds/multiplayer_overlays.xml	ZONE_LEFT_ARM	TYPE_TATTOO	GENDER_MALE	0.480000	0.850000	0.150000	0.100000	0.000000	mp_fm_tat_041	mp_fm_tat_041
FM_Tat_M_042	multiplayer_overlays	update/update.rpf/common/data/effects/peds/multiplayer_overlays.xml	ZONE_RIGHT_LEG	TYPE_TATTOO	GENDER_MALE	0.300000	0.400000	0.280000	0.280000	0.000000	mp_fm_tat_042	mp_fm_tat_042
FM_Tat_M_043	multiplayer_overlays	update/update.rpf/common/data/effects/peds/multiplayer_overlays.xml	ZONE_RIGHT_LEG	TYPE_TATTOO	GENDER_MALE	-0.250000	0.350000	0.200000	0.200000	0.000000	mp_fm_tat_043	mp_fm_tat_043
FM_Tat_M_044	multiplayer_overlays	update/update.rpf/common/data/effects/peds/multiplayer_overlays.xml	ZONE_TORSO	TYPE_TATTOO	GENDER_MALE	-0.275000	0.490000	0.250000	0.250000	0.000000	mp_fm_tat_044	mp_fm_tat_044
FM_Tat_M_045	multiplayer_overlays	update/update.rpf/common/data/effects/peds/multiplayer_overlays.xml	ZONE_TORSO	TYPE_TATTOO	GENDER_MALE	0.230000	0.480000	0.300000	0.370000	0.000000	mp_fm_tat_045	mp_fm_tat_045
FM_Tat_M_046	multiplayer_overlays	update/update.rpf/common/data/effects/peds/multiplayer_overlays.xml	ZONE_TORSO	TYPE_TATTOO	GENDER_MALE	0.225000	0.485000	0.340000	0.330000	0.000000	mp_fm_tat_046	mp_fm_tat_046
FM_Tat_M_047	multiplayer_overlays	update/update.rpf/common/data/effects/peds/multiplayer_overlays.xml	ZONE_RIGHT_ARM	TYPE_TATTOO	GENDER_MALE	0.500000	0.880000	0.100000	0.140000	0.000000	mp_fm_tat_047	mp_fm_tat_047
FM_Tat_Award_F_000	multiplayer_overlays	update/update.rpf/common/data/effects/peds/multiplayer_overlays.xml	ZONE_HEAD	TYPE_TATTOO	GENDER_FEMALE	-0.500000	0.600000	0.450000	0.300000	0.000000	mp_fm_tat_award_000	mp_fm_tat_award_000
FM_Tat_Award_F_001	multiplayer_overlays	update/update.rpf/common/data/effects/peds/multiplayer_overlays.xml	ZONE_LEFT_ARM	TYPE_TATTOO	GENDER_FEMALE	-0.350000	0.440000	0.130000	0.130000	0.000000	mp_fm_tat_award_001	mp_fm_tat_award_001
FM_Tat_Award_F_002	multiplayer_overlays	update/update.rpf/common/data/effects/peds/multiplayer_overlays.xml	ZONE_RIGHT_ARM	TYPE_TATTOO	GENDER_FEMALE	-0.500000	0.760000	0.150000	0.190000	0.000000	mp_fm_tat_award_002	mp_fm_tat_award_002
FM_Tat_Award_F_003	multiplayer_overlays	update/update.rpf/common/data/effects/peds/multiplayer_overlays.xml	ZONE_TORSO	TYPE_TATTOO	GENDER_FEMALE	-0.350000	0.620000	0.150000	0.100000	0.000000	mp_fm_tat_award_003	mp_fm_tat_award_003
FM_Tat_Award_F_004	multiplayer_overlays	update/update.rpf/common/data/effects/peds/multiplayer_overlays.xml	ZONE_TORSO	TYPE_TATTOO	GENDER_FEMALE	-0.270000	0.350000	0.200000	0.200000	0.000000	mp_fm_tat_award_004	mp_fm_tat_award_004
FM_Tat_Award_F_005	multiplayer_overlays	update/update.rpf/common/data/effects/peds/multiplayer_overlays.xml	ZONE_TORSO	TYPE_TATTOO	GENDER_FEMALE	0.240000	0.570000	0.260000	0.260000	0.000000	mp_fm_tat_award_005	mp_fm_tat_award_005
FM_Tat_Award_F_006	multiplayer_overlays	update/update.rpf/common/data/effects/peds/multiplayer_overlays.xml	ZONE_RIGHT_LEG	TYPE_TATTOO	GENDER_FEMALE	-0.365000	0.300000	0.250000	0.250000	0.000000	mp_fm_tat_award_006	mp_fm_tat_award_006
FM_Tat_Award_F_007	multiplayer_overlays	update/update.rpf/common/data/effects/peds/multiplayer_overlays.xml	ZONE_LEFT_ARM	TYPE_TATTOO	GENDER_FEMALE	-0.465000	0.800000	0.200000	0.200000	0.000000	mp_fm_tat_award_007	mp_fm_tat_award_007
FM_Tat_Award_F_008	multiplayer_overlays	update/update.rpf/common/data/effects/peds/multiplayer_overlays.xml	ZONE_TORSO	TYPE_TATTOO	GENDER_FEMALE	0.230000	0.380000	0.200000	0.100000	0.000000	mp_fm_tat_award_008	mp_fm_tat_award_008
FM_Tat_Award_F_009	multiplayer_overlays	update/update.rpf/common/data/effects/peds/multiplayer_overlays.xml	ZONE_LEFT_LEG	TYPE_TATTOO	GENDER_FEMALE	-0.730000	0.330000	0.250000	0.200000	0.000000	mp_fm_tat_award_009	mp_fm_tat_award_009
FM_Tat_Award_F_010	multiplayer_overlays	update/update.rpf/common/data/effects/peds/multiplayer_overlays.xml	ZONE_RIGHT_ARM	TYPE_TATTOO	GENDER_FEMALE	0.700000	0.380000	0.180000	0.200000	88.559998	mp_fm_tat_award_010	mp_fm_tat_award_010
FM_Tat_Award_F_011	multiplayer_overlays	update/update.rpf/common/data/effects/peds/multiplayer_overlays.xml	ZONE_TORSO	TYPE_TATTOO	GENDER_FEMALE	-0.170000	0.610000	0.100000	0.100000	-5.400000	mp_fm_tat_award_011	mp_fm_tat_award_011
FM_Tat_Award_F_012	multiplayer_overlays	update/update.rpf/common/data/effects/peds/multiplayer_overlays.xml	ZONE_TORSO	TYPE_TATTOO	GENDER_FEMALE	-0.170000	0.610000	0.100000	0.100000	-5.400000	mp_fm_tat_award_012	mp_fm_tat_award_012
FM_Tat_Award_F_013	multiplayer_overlays	update/update.rpf/common/data/effects/peds/multiplayer_overlays.xml	ZONE_TORSO	TYPE_TATTOO	GENDER_FEMALE	-0.170000	0.610000	0.100000	0.100000	-5.400000	mp_fm_tat_award_013	mp_fm_tat_award_013
FM_Tat_Award_F_014	multiplayer_overlays	update/update.rpf/common/data/effects/peds/multiplayer_overlays.xml	ZONE_TORSO	TYPE_TATTOO	GENDER_FEMALE	0.220000	0.350000	0.250000	0.150000	-4.600000	mp_fm_tat_award_014	mp_fm_tat_award_014
FM_Tat_Award_F_015	multiplayer_overlays	update/update.rpf/common/data/effects/peds/multiplayer_overlays.xml	ZONE_LEFT_ARM	TYPE_TATTOO	GENDER_FEMALE	0.490000	0.800000	0.200000	0.200000	0.000000	mp_fm_tat_award_015	mp_fm_tat_award_015
FM_Tat_Award_F_016	multiplayer_overlays	update/update.rpf/common/data/effects/peds/multiplayer_overlays.xml	ZONE_TORSO	TYPE_TATTOO	GENDER_FEMALE	0.234000	0.550000	0.245000	0.390000	0.000000	mp_fm_tat_award_016	mp_fm_tat_award_016
FM_Tat_Award_F_017	multiplayer_overlays	update/update.rpf/common/data/effects/peds/multiplayer_overlays.xml	ZONE_TORSO	TYPE_TATTOO	GENDER_FEMALE	0.234000	0.550000	0.245000	0.390000	0.000000	mp_fm_tat_award_017	mp_fm_tat_award_017
FM_Tat_Award_F_018	multiplayer_overlays	update/update.rpf/common/data/effects/peds/multiplayer_overlays.xml	ZONE_TORSO	TYPE_TATTOO	GENDER_FEMALE	0.234000	0.550000	0.245000	0.390000	0.000000	mp_fm_tat_award_018	mp_fm_tat_award_018
FM_Tat_Award_F_019	multiplayer_overlays	update/update.rpf/common/data/effects/peds/multiplayer_overlays.xml	ZONE_TORSO	TYPE_TATTOO	GENDER_FEMALE	0.234000	0.550000	0.245000	0.390000	0.000000	mp_fm_tat_award_019	mp_fm_tat_award_019
FM_Tat_F_001	multiplayer_overlays	update/update.rpf/common/data/effects/peds/multiplayer_overlays.xml	ZONE_RIGHT_ARM	TYPE_TATTOO	GENDER_FEMALE	0.530000	0.600000	0.320000	0.320000	0.000000	mp_fm_tat_001	mp_fm_tat_001
FM_Tat_F_002	multiplayer_overlays	update/update.rpf/common/data/effects/peds/multiplayer_overlays.xml	ZONE_LEFT_LEG	TYPE_TATTOO	GENDER_FEMALE	0.330000	0.450000	0.460000	0.350000	0.000000	mp_fm_tat_002	mp_fm_tat_002
FM_Tat_F_003	multiplayer_overlays	update/update.rpf/common/data/effects/peds/multiplayer_overlays.xml	ZONE_RIGHT_ARM	TYPE_TATTOO	GENDER_FEMALE	0.500000	0.780000	0.170000	0.200000	0.000000	mp_fm_tat_003	mp_fm_tat_003
FM_Tat_F_004	multiplayer_overlays	update/update.rpf/common/data/effects/peds/multiplayer_overlays.xml	ZONE_TORSO	TYPE_TATTOO	GENDER_FEMALE	0.730000	0.360000	0.270000	0.180000	0.000000	mp_fm_tat_004	mp_fm_tat_004
FM_Tat_F_005	multiplayer_overlays	update/update.rpf/common/data/effects/peds/multiplayer_overlays.xml	ZONE_LEFT_ARM	TYPE_TATTOO	GENDER_FEMALE	0.440000	0.500000	0.200000	0.300000	0.000000	mp_fm_tat_005	mp_fm_tat_005
FM_Tat_F_006	multiplayer_overlays	update/update.rpf/common/data/effects/peds/multiplayer_overlays.xml	ZONE_LEFT_ARM	TYPE_TATTOO	GENDER_FEMALE	-0.060000	0.490000	0.147000	0.320000	0.000000	mp_fm_tat_006	mp_fm_tat_006
FM_Tat_F_007	multiplayer_overlays	update/update.rpf/common/data/effects/peds/multiplayer_overlays.xml	ZONE_RIGHT_LEG	TYPE_TATTOO	GENDER_FEMALE	-0.040000	0.300000	0.200000	0.240000	0.000000	mp_fm_tat_007	mp_fm_tat_007
FM_Tat_F_008	multiplayer_overlays	update/update.rpf/common/data/effects/peds/multiplayer_overlays.xml	ZONE_LEFT_LEG	TYPE_TATTOO	GENDER_FEMALE	0.250000	0.380000	-0.192000	0.250000	0.000000	mp_fm_tat_008	mp_fm_tat_008
FM_Tat_F_009	multiplayer_overlays	update/update.rpf/common/data/effects/peds/multiplayer_overlays.xml	ZONE_TORSO	TYPE_TATTOO	GENDER_FEMALE	0.230000	0.550000	0.330000	0.280000	0.000000	mp_fm_tat_009	mp_fm_tat_009
FM_Tat_F_010	multiplayer_overlays	update/update.rpf/common/data/effects/peds/multiplayer_overlays.xml	ZONE_TORSO	TYPE_TATTOO	GENDER_FEMALE	0.650000	0.620000	0.130000	0.130000	0.000000	mp_fm_tat_010	mp_fm_tat_010
FM_Tat_F_011	multiplayer_overlays	update/update.rpf/common/data/effects/peds/multiplayer_overlays.xml	ZONE_TORSO	TYPE_TATTOO	GENDER_FEMALE	0.140000	0.720000	0.080000	0.080000	9.720000	mp_fm_tat_011	mp_fm_tat_011
FM_Tat_F_012	multiplayer_overlays	update/update.rpf/common/data/effects/peds/multiplayer_overlays.xml	ZONE_TORSO	TYPE_TATTOO	GENDER_FEMALE	0.740000	0.345000	0.280000	0.250000	0.000000	mp_fm_tat_012	mp_fm_tat_012
FM_Tat_F_013	multiplayer_overlays	update/update.rpf/common/data/effects/peds/multiplayer_overlays.xml	ZONE_TORSO	TYPE_TATTOO	GENDER_FEMALE	0.330000	0.730000	0.120000	0.120000	0.000000	mp_fm_tat_013	mp_fm_tat_013
FM_Tat_F_014	multiplayer_overlays	update/update.rpf/common/data/effects/peds/multiplayer_overlays.xml	ZONE_RIGHT_ARM	TYPE_TATTOO	GENDER_FEMALE	0.100000	0.480000	0.147000	0.300000	0.000000	mp_fm_tat_014	mp_fm_tat_014
FM_Tat_F_015	multiplayer_overlays	update/update.rpf/common/data/effects/peds/multiplayer_overlays.xml	ZONE_LEFT_ARM	TYPE_TATTOO	GENDER_FEMALE	0.470000	0.870000	0.070000	0.080000	0.000000	mp_fm_tat_015	mp_fm_tat_015
FM_Tat_F_016	multiplayer_overlays	update/update.rpf/common/data/effects/peds/multiplayer_overlays.xml	ZONE_TORSO	TYPE_TATTOO	GENDER_FEMALE	0.220000	0.560000	0.300000	0.280000	0.000000	mp_fm_tat_016	mp_fm_tat_016
FM_Tat_F_017	multiplayer_overlays	update/update.rpf/common/data/effects/peds/multiplayer_overlays.xml	ZONE_RIGHT_LEG	TYPE_TATTOO	GENDER_FEMALE	0.680000	0.350000	0.232000	0.300000	0.000000	mp_fm_tat_017	mp_fm_tat_017
FM_Tat_F_018	multiplayer_overlays	update/update.rpf/common/data/effects/peds/multiplayer_overlays.xml	ZONE_RIGHT_ARM	TYPE_TATTOO	GENDER_FEMALE	0.480000	0.540000	0.240000	0.300000	0.000000	mp_fm_tat_018	mp_fm_tat_018
FM_Tat_F_019	multiplayer_overlays	update/update.rpf/common/data/effects/peds/multiplayer_overlays.xml	ZONE_TORSO	TYPE_TATTOO	GENDER_FEMALE	0.225000	0.540000	0.330000	0.300000	0.000000	mp_fm_tat_019	mp_fm_tat_019
FM_Tat_F_020	multiplayer_overlays	update/update.rpf/common/data/effects/peds/multiplayer_overlays.xml	ZONE_TORSO	TYPE_TATTOO	GENDER_FEMALE	0.225000	0.550000	0.325000	0.290000	0.000000	mp_fm_tat_020	mp_fm_tat_020
FM_Tat_F_021	multiplayer_overlays	update/update.rpf/common/data/effects/peds/multiplayer_overlays.xml	ZONE_LEFT_LEG	TYPE_TATTOO	GENDER_FEMALE	0.240000	0.360000	0.230000	0.250000	0.000000	mp_fm_tat_021	mp_fm_tat_021
FM_Tat_F_022	multiplayer_overlays	update/update.rpf/common/data/effects/peds/multiplayer_overlays.xml	ZONE_RIGHT_LEG	TYPE_TATTOO	GENDER_FEMALE	0.800000	0.320000	0.230000	0.250000	0.000000	mp_fm_tat_022	mp_fm_tat_022
FM_Tat_F_023	multiplayer_overlays	update/update.rpf/common/data/effects/peds/multiplayer_overlays.xml	ZONE_LEFT_LEG	TYPE_TATTOO	GENDER_FEMALE	0.240000	0.350000	0.230000	0.250000	0.000000	mp_fm_tat_023	mp_fm_tat_023
FM_Tat_F_024	multiplayer_overlays	update/update.rpf/common/data/effects/peds/multiplayer_overlays.xml	ZONE_TORSO	TYPE_TATTOO	GENDER_FEMALE	0.730000	0.510000	0.300000	0.250000	0.000000	mp_fm_tat_024	mp_fm_tat_024
FM_Tat_F_025	multiplayer_overlays	update/update.rpf/common/data/effects/peds/multiplayer_overlays.xml	ZONE_TORSO	TYPE_TATTOO	GENDER_FEMALE	0.670000	0.620000	0.080000	0.080000	0.000000	mp_fm_tat_025	mp_fm_tat_025
FM_Tat_F_026	multiplayer_overlays	update/update.rpf/common/data/effects/peds/multiplayer_overlays.xml	ZONE_LEFT_LEG	TYPE_TATTOO	GENDER_FEMALE	0.240000	0.300000	0.200000	0.250000	0.000000	mp_fm_tat_026	mp_fm_tat_026
FM_Tat_F_027	multiplayer_overlays	update/update.rpf/common/data/effects/peds/multiplayer_overlays.xml	ZONE_RIGHT_ARM	TYPE_TATTOO	GENDER_FEMALE	0.490000	0.780000	0.250000	0.250000	0.000000	mp_fm_tat_027	mp_fm_tat_027
FM_Tat_F_028	multiplayer_overlays	update/update.rpf/common/data/effects/peds/multiplayer_overlays.xml	ZONE_RIGHT_ARM	TYPE_TATTOO	GENDER_FEMALE	0.540000	0.440000	0.240000	0.200000	0.000000	mp_fm_tat_028	mp_fm_tat_028
FM_Tat_F_029	multiplayer_overlays	update/update.rpf/common/data/effects/peds/multiplayer_overlays.xml	ZONE_TORSO	TYPE_TATTOO	GENDER_FEMALE	0.800000	0.320000	0.100000	0.100000	0.000000	mp_fm_tat_029	mp_fm_tat_029
FM_Tat_F_030	multiplayer_overlays	update/update.rpf/common/data/effects/peds/multiplayer_overlays.xml	ZONE_TORSO	TYPE_TATTOO	GENDER_FEMALE	0.230000	0.740000	0.100000	0.100000	0.000000	mp_fm_tat_030	mp_fm_tat_030
FM_Tat_F_031	multiplayer_overlays	update/update.rpf/common/data/effects/peds/multiplayer_overlays.xml	ZONE_LEFT_ARM	TYPE_TATTOO	GENDER_FEMALE	0.528000	0.800000	0.240000	0.200000	0.000000	mp_fm_tat_031	mp_fm_tat_031
FM_Tat_F_032	multiplayer_overlays	update/update.rpf/common/data/effects/peds/multiplayer_overlays.xml	ZONE_LEFT_LEG	TYPE_TATTOO	GENDER_FEMALE	0.260000	0.350000	0.200000	0.200000	0.000000	mp_fm_tat_032	mp_fm_tat_032
FM_Tat_F_033	multiplayer_overlays	update/update.rpf/common/data/effects/peds/multiplayer_overlays.xml	ZONE_LEFT_LEG	TYPE_TATTOO	GENDER_FEMALE	0.160000	0.360000	0.400000	0.300000	0.000000	mp_fm_tat_033	mp_fm_tat_033
FM_Tat_F_034	multiplayer_overlays	update/update.rpf/common/data/effects/peds/multiplayer_overlays.xml	ZONE_TORSO	TYPE_TATTOO	GENDER_FEMALE	0.650000	0.630000	0.200000	0.160000	0.000000	mp_fm_tat_034	mp_fm_tat_034
FM_Tat_F_035	multiplayer_overlays	update/update.rpf/common/data/effects/peds/multiplayer_overlays.xml	ZONE_LEFT_LEG	TYPE_TATTOO	GENDER_FEMALE	1.100000	0.350000	0.300000	0.260000	0.000000	mp_fm_tat_035	mp_fm_tat_035
FM_Tat_F_036	multiplayer_overlays	update/update.rpf/common/data/effects/peds/multiplayer_overlays.xml	ZONE_TORSO	TYPE_TATTOO	GENDER_FEMALE	0.736000	0.375000	0.300000	0.120000	0.000000	mp_fm_tat_036	mp_fm_tat_036
FM_Tat_F_037	multiplayer_overlays	update/update.rpf/common/data/effects/peds/multiplayer_overlays.xml	ZONE_LEFT_LEG	TYPE_TATTOO	GENDER_FEMALE	0.250000	0.320000	0.200000	0.230000	0.000000	mp_fm_tat_037	mp_fm_tat_037
FM_Tat_F_038	multiplayer_overlays	update/update.rpf/common/data/effects/peds/multiplayer_overlays.xml	ZONE_RIGHT_ARM	TYPE_TATTOO	GENDER_FEMALE	-0.450000	0.430000	0.240000	0.200000	-180.000000	mp_fm_tat_038	mp_fm_tat_038
FM_Tat_F_039	multiplayer_overlays	update/update.rpf/common/data/effects/peds/multiplayer_overlays.xml	ZONE_RIGHT_LEG	TYPE_TATTOO	GENDER_FEMALE	-0.250000	0.350000	0.200000	0.200000	0.000000	mp_fm_tat_039	mp_fm_tat_039
FM_Tat_F_040	multiplayer_overlays	update/update.rpf/common/data/effects/peds/multiplayer_overlays.xml	ZONE_RIGHT_LEG	TYPE_TATTOO	GENDER_FEMALE	0.280000	0.560000	0.400000	0.400000	0.000000	mp_fm_tat_040	mp_fm_tat_040
FM_Tat_F_041	multiplayer_overlays	update/update.rpf/common/data/effects/peds/multiplayer_overlays.xml	ZONE_LEFT_ARM	TYPE_TATTOO	GENDER_FEMALE	0.500000	0.870000	0.150000	0.100000	0.000000	mp_fm_tat_041	mp_fm_tat_041
FM_Tat_F_042	multiplayer_overlays	update/update.rpf/common/data/effects/peds/multiplayer_overlays.xml	ZONE_RIGHT_LEG	TYPE_TATTOO	GENDER_FEMALE	1.200000	0.400000	0.280000	0.280000	0.000000	mp_fm_tat_042	mp_fm_tat_042
FM_Tat_F_043	multiplayer_overlays	update/update.rpf/common/data/effects/peds/multiplayer_overlays.xml	ZONE_RIGHT_LEG	TYPE_TATTOO	GENDER_FEMALE	-0.250000	0.350000	0.200000	0.200000	0.000000	mp_fm_tat_043	mp_fm_tat_043
FM_Tat_F_044	multiplayer_overlays	update/update.rpf/common/data/effects/peds/multiplayer_overlays.xml	ZONE_TORSO	TYPE_TATTOO	GENDER_FEMALE	0.730000	0.520000	0.250000	0.180000	0.000000	mp_fm_tat_044	mp_fm_tat_044
FM_Tat_F_045	multiplayer_overlays	update/update.rpf/common/data/effects/peds/multiplayer_overlays.xml	ZONE_TORSO	TYPE_TATTOO	GENDER_FEMALE	0.246000	0.550000	0.380000	0.300000	0.000000	mp_fm_tat_045	mp_fm_tat_045
FM_Tat_F_046	multiplayer_overlays	update/update.rpf/common/data/effects/peds/multiplayer_overlays.xml	ZONE_TORSO	TYPE_TATTOO	GENDER_FEMALE	0.225000	0.555000	0.300000	0.280000	0.000000	mp_fm_tat_046	mp_fm_tat_046
FM_Tat_F_047	multiplayer_overlays	update/update.rpf/common/data/effects/peds/multiplayer_overlays.xml	ZONE_RIGHT_ARM	TYPE_TATTOO	GENDER_FEMALE	0.460000	0.850000	0.120000	0.140000	0.000000	mp_fm_tat_047	mp_fm_tat_047
FM_Tshirt_Award_000	multiplayer_overlays	update/update.rpf/common/data/effects/peds/multiplayer_overlays.xml	ZONE_TORSO	TYPE_BADGE	GENDER_MALE	-0.260000	0.600000	0.170000	0.170000	0.000000	mp_fm_tshirt_award_000	mp_fm_tshirt_award_000
FM_Tshirt_Award_001	multiplayer_overlays	update/update.rpf/common/data/effects/peds/multiplayer_overlays.xml	ZONE_TORSO	TYPE_BADGE	GENDER_MALE	-0.260000	0.600000	0.250000	0.250000	0.000000	mp_fm_tshirt_award_001	mp_fm_tshirt_award_001
FM_Tshirt_Award_002	multiplayer_overlays	update/update.rpf/common/data/effects/peds/multiplayer_overlays.xml	ZONE_TORSO	TYPE_BADGE	GENDER_MALE	-0.260000	0.620000	0.100000	0.100000	0.000000	mp_fm_tshirt_award_002	mp_fm_tshirt_award_002
FM_Tshirt_Award_F_000	multiplayer_overlays	update/update.rpf/common/data/effects/peds/multiplayer_overlays.xml	ZONE_TORSO	TYPE_BADGE	GENDER_FEMALE	-0.260000	0.480000	0.150000	0.150000	0.000000	mp_fm_tshirt_award_000	mp_fm_tshirt_award_000
FM_Tshirt_Award_F_001	multiplayer_overlays	update/update.rpf/common/data/effects/peds/multiplayer_overlays.xml	ZONE_TORSO	TYPE_BADGE	GENDER_FEMALE	-0.270000	0.480000	0.250000	0.250000	0.000000	mp_fm_tshirt_award_001	mp_fm_tshirt_award_001
FM_Tshirt_Award_F_002	multiplayer_overlays	update/update.rpf/common/data/effects/peds/multiplayer_overlays.xml	ZONE_TORSO	TYPE_BADGE	GENDER_FEMALE	-0.260000	0.500000	0.100000	0.100000	0.000000	mp_fm_tshirt_award_002	mp_fm_tshirt_award_002
FM_F_Hair_003_a	multiplayer_overlays	update/update.rpf/common/data/effects/peds/multiplayer_overlays.xml	ZONE_HEAD	TYPE_TATTOO	GENDER_DONTCARE	0.500000	0.500000	0.600000	0.500000	0.000000	mp_fm_f_hair_003_a	mp_fm_f_hair_003_a
FM_F_Hair_003_b	multiplayer_overlays	update/update.rpf/common/data/effects/peds/multiplayer_overlays.xml	ZONE_HEAD	TYPE_TATTOO	GENDER_DONTCARE	0.500000	0.500000	0.600000	0.500000	0.000000	mp_fm_f_hair_003_b	mp_fm_f_hair_003_b
FM_F_Hair_003_c	multiplayer_overlays	update/update.rpf/common/data/effects/peds/multiplayer_overlays.xml	ZONE_HEAD	TYPE_TATTOO	GENDER_DONTCARE	0.500000	0.500000	0.600000	0.500000	0.000000	mp_fm_f_hair_003_c	mp_fm_f_hair_003_c
FM_F_Hair_003_d	multiplayer_overlays	update/update.rpf/common/data/effects/peds/multiplayer_overlays.xml	ZONE_HEAD	TYPE_TATTOO	GENDER_DONTCARE	0.500000	0.500000	0.600000	0.500000	0.000000	mp_fm_f_hair_003_d	mp_fm_f_hair_003_d
FM_F_Hair_003_e	multiplayer_overlays	update/update.rpf/common/data/effects/peds/multiplayer_overlays.xml	ZONE_HEAD	TYPE_TATTOO	GENDER_DONTCARE	0.500000	0.500000	0.600000	0.500000	0.000000	mp_fm_f_hair_003_e	mp_fm_f_hair_003_e
FM_F_Hair_005_a	multiplayer_overlays	update/update.rpf/common/data/effects/peds/multiplayer_overlays.xml	ZONE_HEAD	TYPE_TATTOO	GENDER_FEMALE	0.500000	0.500000	0.600000	0.500000	0.000000	mp_fm_f_hair_005_a	mp_fm_f_hair_005_a
FM_F_Hair_005_b	multiplayer_overlays	update/update.rpf/common/data/effects/peds/multiplayer_overlays.xml	ZONE_HEAD	TYPE_TATTOO	GENDER_FEMALE	0.500000	0.500000	0.600000	0.500000	0.000000	mp_fm_f_hair_005_b	mp_fm_f_hair_005_b
FM_F_Hair_005_c	multiplayer_overlays	update/update.rpf/common/data/effects/peds/multiplayer_overlays.xml	ZONE_HEAD	TYPE_TATTOO	GENDER_FEMALE	0.500000	0.500000	0.600000	0.500000	0.000000	mp_fm_f_hair_005_c	mp_fm_f_hair_005_c
FM_F_Hair_005_d	multiplayer_overlays	update/update.rpf/common/data/effects/peds/multiplayer_overlays.xml	ZONE_HEAD	TYPE_TATTOO	GENDER_FEMALE	0.500000	0.500000	0.600000	0.500000	0.000000	mp_fm_f_hair_005_d	mp_fm_f_hair_005_d
FM_F_Hair_005_e	multiplayer_overlays	update/update.rpf/common/data/effects/peds/multiplayer_overlays.xml	ZONE_HEAD	TYPE_TATTOO	GENDER_FEMALE	0.500000	0.500000	0.600000	0.500000	0.000000	mp_fm_f_hair_005_e	mp_fm_f_hair_005_e
FM_F_Hair_006_a	multiplayer_overlays	update/update.rpf/common/data/effects/peds/multiplayer_overlays.xml	ZONE_HEAD	TYPE_TATTOO	GENDER_FEMALE	0.500000	0.500000	0.600000	0.500000	0.000000	mp_fm_f_hair_006_a	mp_fm_f_hair_006_a
FM_F_Hair_006_b	multiplayer_overlays	update/update.rpf/common/data/effects/peds/multiplayer_overlays.xml	ZONE_HEAD	TYPE_TATTOO	GENDER_FEMALE	0.500000	0.500000	0.600000	0.500000	0.000000	mp_fm_f_hair_006_b	mp_fm_f_hair_006_b
FM_F_Hair_006_c	multiplayer_overlays	update/update.rpf/common/data/effects/peds/multiplayer_overlays.xml	ZONE_HEAD	TYPE_TATTOO	GENDER_FEMALE	0.500000	0.500000	0.600000	0.500000	0.000000	mp_fm_f_hair_006_c	mp_fm_f_hair_006_c
FM_F_Hair_006_d	multiplayer_overlays	update/update.rpf/common/data/effects/peds/multiplayer_overlays.xml	ZONE_HEAD	TYPE_TATTOO	GENDER_FEMALE	0.500000	0.500000	0.600000	0.500000	0.000000	mp_fm_f_hair_006_d	mp_fm_f_hair_006_d
FM_F_Hair_006_e	multiplayer_overlays	update/update.rpf/common/data/effects/peds/multiplayer_overlays.xml	ZONE_HEAD	TYPE_TATTOO	GENDER_FEMALE	0.500000	0.500000	0.600000	0.500000	0.000000	mp_fm_f_hair_006_e	mp_fm_f_hair_006_e
FM_F_Hair_013_a	multiplayer_overlays	update/update.rpf/common/data/effects/peds/multiplayer_overlays.xml	ZONE_HEAD	TYPE_TATTOO	GENDER_FEMALE	0.500000	0.500000	0.600000	0.500000	0.000000	mp_fm_f_hair_013_a	mp_fm_f_hair_013_a
FM_F_Hair_013_b	multiplayer_overlays	update/update.rpf/common/data/effects/peds/multiplayer_overlays.xml	ZONE_HEAD	TYPE_TATTOO	GENDER_FEMALE	0.500000	0.500000	0.600000	0.500000	0.000000	mp_fm_f_hair_013_b	mp_fm_f_hair_013_b
FM_F_Hair_013_c	multiplayer_overlays	update/update.rpf/common/data/effects/peds/multiplayer_overlays.xml	ZONE_HEAD	TYPE_TATTOO	GENDER_FEMALE	0.500000	0.500000	0.600000	0.500000	0.000000	mp_fm_f_hair_013_c	mp_fm_f_hair_013_c
FM_F_Hair_013_d	multiplayer_overlays	update/update.rpf/common/data/effects/peds/multiplayer_overlays.xml	ZONE_HEAD	TYPE_TATTOO	GENDER_FEMALE	0.500000	0.500000	0.600000	0.500000	0.000000	mp_fm_f_hair_013_d	mp_fm_f_hair_013_d
FM_F_Hair_013_e	multiplayer_overlays	update/update.rpf/common/data/effects/peds/multiplayer_overlays.xml	ZONE_HEAD	TYPE_TATTOO	GENDER_FEMALE	0.500000	0.500000	0.600000	0.500000	0.000000	mp_fm_f_hair_013_e	mp_fm_f_hair_013_e
FM_F_Hair_014_a	multiplayer_overlays	update/update.rpf/common/data/effects/peds/multiplayer_overlays.xml	ZONE_HEAD	TYPE_TATTOO	GENDER_FEMALE	0.500000	0.500000	0.600000	0.500000	0.000000	mp_fm_f_hair_014_a	mp_fm_f_hair_014_a
FM_F_Hair_014_b	multiplayer_overlays	update/update.rpf/common/data/effects/peds/multiplayer_overlays.xml	ZONE_HEAD	TYPE_TATTOO	GENDER_FEMALE	0.500000	0.500000	0.600000	0.500000	0.000000	mp_fm_f_hair_014_b	mp_fm_f_hair_014_b
FM_F_Hair_014_c	multiplayer_overlays	update/update.rpf/common/data/effects/peds/multiplayer_overlays.xml	ZONE_HEAD	TYPE_TATTOO	GENDER_FEMALE	0.500000	0.500000	0.600000	0.500000	0.000000	mp_fm_f_hair_014_c	mp_fm_f_hair_014_c
FM_F_Hair_014_d	multiplayer_overlays	update/update.rpf/common/data/effects/peds/multiplayer_overlays.xml	ZONE_HEAD	TYPE_TATTOO	GENDER_FEMALE	0.500000	0.500000	0.600000	0.500000	0.000000	mp_fm_f_hair_014_d	mp_fm_f_hair_014_d
FM_F_Hair_014_e	multiplayer_overlays	update/update.rpf/common/data/effects/peds/multiplayer_overlays.xml	ZONE_HEAD	TYPE_TATTOO	GENDER_FEMALE	0.500000	0.500000	0.600000	0.500000	0.000000	mp_fm_f_hair_014_e	mp_fm_f_hair_014_e
FM_F_Hair_long_a	multiplayer_overlays	update/update.rpf/common/data/effects/peds/multiplayer_overlays.xml	ZONE_HEAD	TYPE_TATTOO	GENDER_FEMALE	0.500000	0.500000	0.600000	0.500000	0.000000	mp_fm_f_hair_long_a	mp_fm_f_hair_long_a
FM_F_Hair_long_b	multiplayer_overlays	update/update.rpf/common/data/effects/peds/multiplayer_overlays.xml	ZONE_HEAD	TYPE_TATTOO	GENDER_FEMALE	0.500000	0.500000	0.600000	0.500000	0.000000	mp_fm_f_hair_long_b	mp_fm_f_hair_long_b
FM_F_Hair_long_c	multiplayer_overlays	update/update.rpf/common/data/effects/peds/multiplayer_overlays.xml	ZONE_HEAD	TYPE_TATTOO	GENDER_FEMALE	0.500000	0.500000	0.600000	0.500000	0.000000	mp_fm_f_hair_long_c	mp_fm_f_hair_long_c
FM_F_Hair_long_d	multiplayer_overlays	update/update.rpf/common/data/effects/peds/multiplayer_overlays.xml	ZONE_HEAD	TYPE_TATTOO	GENDER_FEMALE	0.500000	0.500000	0.600000	0.500000	0.000000	mp_fm_f_hair_long_d	mp_fm_f_hair_long_d
FM_F_Hair_long_e	multiplayer_overlays	update/update.rpf/common/data/effects/peds/multiplayer_overlays.xml	ZONE_HEAD	TYPE_TATTOO	GENDER_FEMALE	0.500000	0.500000	0.600000	0.500000	0.000000	mp_fm_f_hair_long_e	mp_fm_f_hair_long_e
FM_M_Hair_001_a	multiplayer_overlays	update/update.rpf/common/data/effects/peds/multiplayer_overlays.xml	ZONE_HEAD	TYPE_TATTOO	GENDER_MALE	0.500000	0.500000	0.600000	0.500000	0.000000	mp_fm_m_hair_001_a	mp_fm_m_hair_001_a
FM_M_Hair_001_b	multiplayer_overlays	update/update.rpf/common/data/effects/peds/multiplayer_overlays.xml	ZONE_HEAD	TYPE_TATTOO	GENDER_MALE	0.500000	0.500000	0.600000	0.500000	0.000000	mp_fm_m_hair_001_b	mp_fm_m_hair_001_b
FM_M_Hair_001_c	multiplayer_overlays	update/update.rpf/common/data/effects/peds/multiplayer_overlays.xml	ZONE_HEAD	TYPE_TATTOO	GENDER_MALE	0.500000	0.500000	0.600000	0.500000	0.000000	mp_fm_m_hair_001_c	mp_fm_m_hair_001_c
FM_M_Hair_001_d	multiplayer_overlays	update/update.rpf/common/data/effects/peds/multiplayer_overlays.xml	ZONE_HEAD	TYPE_TATTOO	GENDER_MALE	0.500000	0.500000	0.600000	0.500000	0.000000	mp_fm_m_hair_001_d	mp_fm_m_hair_001_d
FM_M_Hair_001_e	multiplayer_overlays	update/update.rpf/common/data/effects/peds/multiplayer_overlays.xml	ZONE_HEAD	TYPE_TATTOO	GENDER_MALE	0.500000	0.500000	0.600000	0.500000	0.000000	mp_fm_m_hair_001_e	mp_fm_m_hair_001_e
FM_M_Hair_003_a	multiplayer_overlays	update/update.rpf/common/data/effects/peds/multiplayer_overlays.xml	ZONE_HEAD	TYPE_TATTOO	GENDER_MALE	0.500000	0.500000	0.600000	0.500000	0.000000	mp_fm_m_hair_003_a	mp_fm_m_hair_003_a
FM_M_Hair_003_b	multiplayer_overlays	update/update.rpf/common/data/effects/peds/multiplayer_overlays.xml	ZONE_HEAD	TYPE_TATTOO	GENDER_MALE	0.500000	0.500000	0.600000	0.500000	0.000000	mp_fm_m_hair_003_b	mp_fm_m_hair_003_b
FM_M_Hair_003_c	multiplayer_overlays	update/update.rpf/common/data/effects/peds/multiplayer_overlays.xml	ZONE_HEAD	TYPE_TATTOO	GENDER_MALE	0.500000	0.500000	0.600000	0.500000	0.000000	mp_fm_m_hair_003_c	mp_fm_m_hair_003_c
FM_M_Hair_003_d	multiplayer_overlays	update/update.rpf/common/data/effects/peds/multiplayer_overlays.xml	ZONE_HEAD	TYPE_TATTOO	GENDER_MALE	0.500000	0.500000	0.600000	0.500000	0.000000	mp_fm_m_hair_003_d	mp_fm_m_hair_003_d
FM_M_Hair_003_e	multiplayer_overlays	update/update.rpf/common/data/effects/peds/multiplayer_overlays.xml	ZONE_HEAD	TYPE_TATTOO	GENDER_MALE	0.500000	0.500000	0.600000	0.500000	0.000000	mp_fm_m_hair_003_e	mp_fm_m_hair_003_e
FM_M_Hair_006_a	multiplayer_overlays	update/update.rpf/common/data/effects/peds/multiplayer_overlays.xml	ZONE_HEAD	TYPE_TATTOO	GENDER_MALE	0.500000	0.500000	0.600000	0.500000	0.000000	mp_fm_m_hair_006_a	mp_fm_m_hair_006_a
FM_M_Hair_006_b	multiplayer_overlays	update/update.rpf/common/data/effects/peds/multiplayer_overlays.xml	ZONE_HEAD	TYPE_TATTOO	GENDER_MALE	0.500000	0.500000	0.600000	0.500000	0.000000	mp_fm_m_hair_006_b	mp_fm_m_hair_006_b
FM_M_Hair_006_c	multiplayer_overlays	update/update.rpf/common/data/effects/peds/multiplayer_overlays.xml	ZONE_HEAD	TYPE_TATTOO	GENDER_MALE	0.500000	0.500000	0.600000	0.500000	0.000000	mp_fm_m_hair_006_c	mp_fm_m_hair_006_c
FM_M_Hair_006_d	multiplayer_overlays	update/update.rpf/common/data/effects/peds/multiplayer_overlays.xml	ZONE_HEAD	TYPE_TATTOO	GENDER_MALE	0.500000	0.500000	0.600000	0.500000	0.000000	mp_fm_m_hair_006_d	mp_fm_m_hair_006_d
FM_M_Hair_006_e	multiplayer_overlays	update/update.rpf/common/data/effects/peds/multiplayer_overlays.xml	ZONE_HEAD	TYPE_TATTOO	GENDER_MALE	0.500000	0.500000	0.600000	0.500000	0.000000	mp_fm_m_hair_006_e	mp_fm_m_hair_006_e
FM_M_Hair_008_a	multiplayer_overlays	update/update.rpf/common/data/effects/peds/multiplayer_overlays.xml	ZONE_HEAD	TYPE_TATTOO	GENDER_MALE	0.500000	0.500000	0.600000	0.500000	0.000000	mp_fm_m_hair_008_a	mp_fm_m_hair_008_a
FM_M_Hair_008_b	multiplayer_overlays	update/update.rpf/common/data/effects/peds/multiplayer_overlays.xml	ZONE_HEAD	TYPE_TATTOO	GENDER_MALE	0.500000	0.500000	0.600000	0.500000	0.000000	mp_fm_m_hair_008_b	mp_fm_m_hair_008_b
FM_M_Hair_008_c	multiplayer_overlays	update/update.rpf/common/data/effects/peds/multiplayer_overlays.xml	ZONE_HEAD	TYPE_TATTOO	GENDER_MALE	0.500000	0.500000	0.600000	0.500000	0.000000	mp_fm_m_hair_008_c	mp_fm_m_hair_008_c
FM_M_Hair_008_d	multiplayer_overlays	update/update.rpf/common/data/effects/peds/multiplayer_overlays.xml	ZONE_HEAD	TYPE_TATTOO	GENDER_MALE	0.500000	0.500000	0.600000	0.500000	0.000000	mp_fm_m_hair_008_d	mp_fm_m_hair_008_d
FM_M_Hair_008_e	multiplayer_overlays	update/update.rpf/common/data/effects/peds/multiplayer_overlays.xml	ZONE_HEAD	TYPE_TATTOO	GENDER_MALE	0.500000	0.500000	0.600000	0.500000	0.000000	mp_fm_m_hair_008_e	mp_fm_m_hair_008_e
FM_M_Hair_long_a	multiplayer_overlays	update/update.rpf/common/data/effects/peds/multiplayer_overlays.xml	ZONE_HEAD	TYPE_TATTOO	GENDER_MALE	0.500000	0.500000	0.600000	0.500000	0.000000	mp_fm_m_hair_long_a	mp_fm_m_hair_long_a
FM_M_Hair_long_b	multiplayer_overlays	update/update.rpf/common/data/effects/peds/multiplayer_overlays.xml	ZONE_HEAD	TYPE_TATTOO	GENDER_MALE	0.500000	0.500000	0.600000	0.500000	0.000000	mp_fm_m_hair_long_b	mp_fm_m_hair_long_b
FM_M_Hair_long_c	multiplayer_overlays	update/update.rpf/common/data/effects/peds/multiplayer_overlays.xml	ZONE_HEAD	TYPE_TATTOO	GENDER_MALE	0.500000	0.500000	0.600000	0.500000	0.000000	mp_fm_m_hair_long_c	mp_fm_m_hair_long_c
FM_M_Hair_long_d	multiplayer_overlays	update/update.rpf/common/data/effects/peds/multiplayer_overlays.xml	ZONE_HEAD	TYPE_TATTOO	GENDER_MALE	0.500000	0.500000	0.600000	0.500000	0.000000	mp_fm_m_hair_long_d	mp_fm_m_hair_long_d
FM_M_Hair_long_e	multiplayer_overlays	update/update.rpf/common/data/effects/peds/multiplayer_overlays.xml	ZONE_HEAD	TYPE_TATTOO	GENDER_MALE	0.500000	0.500000	0.600000	0.500000	0.000000	mp_fm_m_hair_long_e	mp_fm_m_hair_long_e
mp_fm_branding_001	multiplayer_overlays	update/update.rpf/common/data/effects/peds/multiplayer_overlays.xml	ZONE_TORSO	TYPE_BADGE	GENDER_MALE	-0.260000	0.550000	0.250000	0.225000	0.000000	mp_fm_branding_001	mp_fm_branding_001
mp_fm_branding_002	multiplayer_overlays	update/update.rpf/common/data/effects/peds/multiplayer_overlays.xml	ZONE_TORSO	TYPE_BADGE	GENDER_MALE	-0.260000	0.660000	0.200000	0.150000	0.000000	mp_fm_branding_002	mp_fm_branding_002
mp_fm_branding_003	multiplayer_overlays	update/update.rpf/common/data/effects/peds/multiplayer_overlays.xml	ZONE_TORSO	TYPE_BADGE	GENDER_MALE	-0.260000	0.660000	0.180000	0.180000	0.000000	mp_fm_branding_003	mp_fm_branding_003
mp_fm_branding_004	multiplayer_overlays	update/update.rpf/common/data/effects/peds/multiplayer_overlays.xml	ZONE_TORSO	TYPE_BADGE	GENDER_MALE	-0.260000	0.630000	0.180000	0.180000	0.000000	mp_fm_branding_004	mp_fm_branding_004
mp_fm_branding_005	multiplayer_overlays	update/update.rpf/common/data/effects/peds/multiplayer_overlays.xml	ZONE_TORSO	TYPE_BADGE	GENDER_MALE	-0.260000	0.600000	0.220000	0.250000	0.000000	mp_fm_branding_005	mp_fm_branding_005
mp_fm_branding_006	multiplayer_overlays	update/update.rpf/common/data/effects/peds/multiplayer_overlays.xml	ZONE_TORSO	TYPE_BADGE	GENDER_MALE	-0.260000	0.650000	0.180000	0.180000	0.000000	mp_fm_branding_006	mp_fm_branding_006
mp_fm_branding_007	multiplayer_overlays	update/update.rpf/common/data/effects/peds/multiplayer_overlays.xml	ZONE_TORSO	TYPE_BADGE	GENDER_MALE	-0.260000	0.580000	0.180000	0.180000	0.000000	mp_fm_branding_007	mp_fm_branding_007
mp_fm_branding_008	multiplayer_overlays	update/update.rpf/common/data/effects/peds/multiplayer_overlays.xml	ZONE_TORSO	TYPE_BADGE	GENDER_MALE	-0.260000	0.580000	0.180000	0.180000	0.000000	mp_fm_branding_008	mp_fm_branding_008
mp_fm_branding_009	multiplayer_overlays	update/update.rpf/common/data/effects/peds/multiplayer_overlays.xml	ZONE_TORSO	TYPE_BADGE	GENDER_MALE	-0.260000	0.650000	0.150000	0.150000	0.000000	mp_fm_branding_009	mp_fm_branding_009
mp_fm_branding_010	multiplayer_overlays	update/update.rpf/common/data/effects/peds/multiplayer_overlays.xml	ZONE_TORSO	TYPE_BADGE	GENDER_MALE	-0.260000	0.550000	0.180000	0.180000	0.000000	mp_fm_branding_010	mp_fm_branding_010
mp_fm_branding_011	multiplayer_overlays	update/update.rpf/common/data/effects/peds/multiplayer_overlays.xml	ZONE_TORSO	TYPE_BADGE	GENDER_MALE	-0.260000	0.550000	0.250000	0.200000	0.000000	mp_fm_branding_011	mp_fm_branding_011
mp_fm_branding_012	multiplayer_overlays	update/update.rpf/common/data/effects/peds/multiplayer_overlays.xml	ZONE_TORSO	TYPE_BADGE	GENDER_MALE	-0.100000	0.450000	0.350000	0.200000	0.000000	mp_fm_branding_012	mp_fm_branding_012
mp_fm_branding_013	multiplayer_overlays	update/update.rpf/common/data/effects/peds/multiplayer_overlays.xml	ZONE_TORSO	TYPE_BADGE	GENDER_MALE	-0.260000	0.610000	0.180000	0.150000	0.000000	mp_fm_branding_013	mp_fm_branding_013
mp_fm_branding_014	multiplayer_overlays	update/update.rpf/common/data/effects/peds/multiplayer_overlays.xml	ZONE_TORSO	TYPE_BADGE	GENDER_MALE	-0.260000	0.630000	0.180000	0.150000	0.000000	mp_fm_branding_014	mp_fm_branding_014
mp_fm_branding_015	multiplayer_overlays	update/update.rpf/common/data/effects/peds/multiplayer_overlays.xml	ZONE_TORSO	TYPE_BADGE	GENDER_MALE	-0.260000	0.570000	0.200000	0.180000	0.000000	mp_fm_branding_015	mp_fm_branding_015
mp_fm_branding_016	multiplayer_overlays	update/update.rpf/common/data/effects/peds/multiplayer_overlays.xml	ZONE_TORSO	TYPE_BADGE	GENDER_MALE	-0.160000	0.670000	0.060000	0.060000	0.000000	mp_fm_branding_016	mp_fm_branding_016
mp_fm_branding_017	multiplayer_overlays	update/update.rpf/common/data/effects/peds/multiplayer_overlays.xml	ZONE_TORSO	TYPE_BADGE	GENDER_MALE	-0.260000	0.570000	0.180000	0.200000	0.000000	mp_fm_branding_017	mp_fm_branding_017
mp_fm_branding_018	multiplayer_overlays	update/update.rpf/common/data/effects/peds/multiplayer_overlays.xml	ZONE_TORSO	TYPE_BADGE	GENDER_MALE	-0.260000	0.600000	0.180000	0.200000	0.000000	mp_fm_branding_018	mp_fm_branding_018
mp_fm_branding_019	multiplayer_overlays	update/update.rpf/common/data/effects/peds/multiplayer_overlays.xml	ZONE_TORSO	TYPE_BADGE	GENDER_DONTCARE	-0.260000	0.510000	0.280000	0.250000	0.000000	mp_fm_branding_019	mp_fm_branding_019
mp_fm_branding_020	multiplayer_overlays	update/update.rpf/common/data/effects/peds/multiplayer_overlays.xml	ZONE_TORSO	TYPE_BADGE	GENDER_MALE	-0.260000	0.600000	0.240000	0.150000	0.000000	mp_fm_branding_020	mp_fm_branding_020
mp_fm_branding_022	multiplayer_overlays	update/update.rpf/common/data/effects/peds/multiplayer_overlays.xml	ZONE_TORSO	TYPE_BADGE	GENDER_MALE	-0.270000	0.600000	0.200000	0.200000	0.000000	mp_fm_branding_022	mp_fm_branding_022
mp_fm_branding_023	multiplayer_overlays	update/update.rpf/common/data/effects/peds/multiplayer_overlays.xml	ZONE_TORSO	TYPE_BADGE	GENDER_MALE	-0.270000	0.550000	0.200000	0.200000	0.000000	mp_fm_branding_023	mp_fm_branding_023
mp_fm_branding_024	multiplayer_overlays	update/update.rpf/common/data/effects/peds/multiplayer_overlays.xml	ZONE_TORSO	TYPE_BADGE	GENDER_MALE	0.250000	0.800000	0.090000	0.050000	0.000000	mp_fm_branding_024	mp_fm_branding_024
mp_fm_branding_025	multiplayer_overlays	update/update.rpf/common/data/effects/peds/multiplayer_overlays.xml	ZONE_TORSO	TYPE_BADGE	GENDER_DONTCARE	-0.260000	0.600000	0.180000	0.200000	0.000000	mp_fm_branding_025	mp_fm_branding_025
mp_fm_branding_027	multiplayer_overlays	update/update.rpf/common/data/effects/peds/multiplayer_overlays.xml	ZONE_TORSO	TYPE_BADGE	GENDER_MALE	0.236000	0.540000	0.140000	0.200000	0.000000	mp_fm_branding_027	mp_fm_branding_027
mp_fm_branding_028	multiplayer_overlays	update/update.rpf/common/data/effects/peds/multiplayer_overlays.xml	ZONE_TORSO	TYPE_BADGE	GENDER_MALE	-0.270000	0.600000	0.200000	0.200000	0.000000	mp_fm_branding_028	mp_fm_branding_028
mp_fm_branding_029	multiplayer_overlays	update/update.rpf/common/data/effects/peds/multiplayer_overlays.xml	ZONE_TORSO	TYPE_BADGE	GENDER_MALE	-0.260000	0.500000	0.200000	0.200000	0.000000	mp_fm_branding_029	mp_fm_branding_029
mp_fm_branding_031	multiplayer_overlays	update/update.rpf/common/data/effects/peds/multiplayer_overlays.xml	ZONE_TORSO	TYPE_BADGE	GENDER_MALE	-0.260000	0.530000	0.200000	0.200000	0.000000	mp_fm_branding_031	mp_fm_branding_031
mp_fm_branding_032	multiplayer_overlays	update/update.rpf/common/data/effects/peds/multiplayer_overlays.xml	ZONE_TORSO	TYPE_BADGE	GENDER_MALE	-0.270000	0.630000	0.200000	0.200000	0.000000	mp_fm_branding_032	mp_fm_branding_032
mp_fm_branding_034	multiplayer_overlays	update/update.rpf/common/data/effects/peds/multiplayer_overlays.xml	ZONE_TORSO	TYPE_BADGE	GENDER_MALE	-0.270000	0.630000	0.200000	0.200000	0.000000	mp_fm_branding_034	mp_fm_branding_034
mp_fm_branding_035	multiplayer_overlays	update/update.rpf/common/data/effects/peds/multiplayer_overlays.xml	ZONE_TORSO	TYPE_BADGE	GENDER_MALE	-0.260000	0.630000	0.200000	0.200000	0.000000	mp_fm_branding_035	mp_fm_branding_035
mp_fm_branding_036	multiplayer_overlays	update/update.rpf/common/data/effects/peds/multiplayer_overlays.xml	ZONE_TORSO	TYPE_BADGE	GENDER_MALE	-0.260000	0.500000	0.340000	0.300000	0.000000	mp_fm_branding_036	mp_fm_branding_036
mp_fm_branding_037	multiplayer_overlays	update/update.rpf/common/data/effects/peds/multiplayer_overlays.xml	ZONE_TORSO	TYPE_BADGE	GENDER_DONTCARE	-0.260000	0.560000	0.160000	0.160000	0.000000	mp_fm_branding_037	mp_fm_branding_037
mp_fm_branding_038	multiplayer_overlays	update/update.rpf/common/data/effects/peds/multiplayer_overlays.xml	ZONE_TORSO	TYPE_BADGE	GENDER_MALE	-0.270000	0.600000	0.200000	0.240000	0.000000	mp_fm_branding_038	mp_fm_branding_038
mp_fm_branding_039	multiplayer_overlays	update/update.rpf/common/data/effects/peds/multiplayer_overlays.xml	ZONE_TORSO	TYPE_BADGE	GENDER_MALE	-0.270000	0.600000	0.200000	0.200000	0.000000	mp_fm_branding_039	mp_fm_branding_039
mp_fm_branding_040	multiplayer_overlays	update/update.rpf/common/data/effects/peds/multiplayer_overlays.xml	ZONE_TORSO	TYPE_BADGE	GENDER_MALE	-0.270000	0.600000	0.170000	0.160000	0.000000	mp_fm_branding_040	mp_fm_branding_040
mp_fm_branding_041	multiplayer_overlays	update/update.rpf/common/data/effects/peds/multiplayer_overlays.xml	ZONE_TORSO	TYPE_BADGE	GENDER_MALE	-0.270000	0.620000	0.240000	0.200000	0.000000	mp_fm_branding_041	mp_fm_branding_041
mp_fm_branding_042	multiplayer_overlays	update/update.rpf/common/data/effects/peds/multiplayer_overlays.xml	ZONE_TORSO	TYPE_BADGE	GENDER_MALE	-0.175000	0.660000	0.080000	0.080000	0.000000	mp_fm_branding_042	mp_fm_branding_042
mp_fm_branding_043	multiplayer_overlays	update/update.rpf/common/data/effects/peds/multiplayer_overlays.xml	ZONE_TORSO	TYPE_BADGE	GENDER_MALE	-0.270000	0.620000	0.180000	0.140000	0.000000	mp_fm_branding_043	mp_fm_branding_043
mp_fm_branding_044	multiplayer_overlays	update/update.rpf/common/data/effects/peds/multiplayer_overlays.xml	ZONE_TORSO	TYPE_BADGE	GENDER_MALE	-0.175000	0.670000	0.050000	0.050000	0.000000	mp_fm_branding_044	mp_fm_branding_044
mp_fm_branding_045	multiplayer_overlays	update/update.rpf/common/data/effects/peds/multiplayer_overlays.xml	ZONE_TORSO	TYPE_BADGE	GENDER_MALE	-0.270000	0.570000	0.160000	0.160000	0.000000	mp_fm_branding_045	mp_fm_branding_045
mp_fm_branding_046	multiplayer_overlays	update/update.rpf/common/data/effects/peds/multiplayer_overlays.xml	ZONE_TORSO	TYPE_BADGE	GENDER_MALE	-0.260000	0.600000	0.200000	0.200000	0.000000	mp_fm_branding_046	mp_fm_branding_046
mp_fm_branding_047	multiplayer_overlays	update/update.rpf/common/data/effects/peds/multiplayer_overlays.xml	ZONE_TORSO	TYPE_BADGE	GENDER_MALE	-0.260000	0.660000	0.200000	0.150000	0.000000	mp_fm_branding_047	mp_fm_branding_047
mp_fm_branding_048	multiplayer_overlays	update/update.rpf/common/data/effects/peds/multiplayer_overlays.xml	ZONE_TORSO	TYPE_BADGE	GENDER_FEMALE	-0.264000	0.520000	0.140000	0.140000	0.000000	mp_fm_branding_048	mp_fm_branding_048
mp_fm_branding_049	multiplayer_overlays	update/update.rpf/common/data/effects/peds/multiplayer_overlays.xml	ZONE_TORSO	TYPE_BADGE	GENDER_FEMALE	-0.250000	0.490000	0.140000	0.140000	0.000000	mp_fm_branding_049	mp_fm_branding_049
mp_fm_branding_050	multiplayer_overlays	update/update.rpf/common/data/effects/peds/multiplayer_overlays.xml	ZONE_TORSO	TYPE_BADGE	GENDER_FEMALE	-0.264000	0.490000	0.120000	0.110000	0.000000	mp_fm_branding_050	mp_fm_branding_050
mp_fm_branding_051	multiplayer_overlays	update/update.rpf/common/data/effects/peds/multiplayer_overlays.xml	ZONE_TORSO	TYPE_BADGE	GENDER_FEMALE	-0.264000	0.480000	0.150000	0.150000	0.000000	mp_fm_branding_051	mp_fm_branding_051
mp_fm_branding_052	multiplayer_overlays	update/update.rpf/common/data/effects/peds/multiplayer_overlays.xml	ZONE_TORSO	TYPE_BADGE	GENDER_FEMALE	-0.258000	0.530000	0.145000	0.145000	0.000000	mp_fm_branding_052	mp_fm_branding_052
mp_fm_branding_053	multiplayer_overlays	update/update.rpf/common/data/effects/peds/multiplayer_overlays.xml	ZONE_TORSO	TYPE_BADGE	GENDER_FEMALE	-0.258000	0.530000	0.180000	0.180000	0.000000	mp_fm_branding_053	mp_fm_branding_053
mp_fm_branding_054	multiplayer_overlays	update/update.rpf/common/data/effects/peds/multiplayer_overlays.xml	ZONE_TORSO	TYPE_BADGE	GENDER_FEMALE	-0.258000	0.530000	0.145000	0.145000	0.000000	mp_fm_branding_054	mp_fm_branding_054
mp_fm_branding_055	multiplayer_overlays	update/update.rpf/common/data/effects/peds/multiplayer_overlays.xml	ZONE_TORSO	TYPE_BADGE	GENDER_FEMALE	-0.258000	0.600000	0.145000	0.145000	0.000000	mp_fm_branding_055	mp_fm_branding_055
mp_fm_branding_056	multiplayer_overlays	update/update.rpf/common/data/effects/peds/multiplayer_overlays.xml	ZONE_TORSO	TYPE_BADGE	GENDER_FEMALE	-0.260000	0.600000	0.160000	0.160000	0.000000	mp_fm_branding_056	mp_fm_branding_056
mp_fm_branding_057	multiplayer_overlays	update/update.rpf/common/data/effects/peds/multiplayer_overlays.xml	ZONE_TORSO	TYPE_BADGE	GENDER_FEMALE	-0.270000	0.600000	0.150000	0.150000	0.000000	mp_fm_branding_057	mp_fm_branding_057
mp_fm_branding_058	multiplayer_overlays	update/update.rpf/common/data/effects/peds/multiplayer_overlays.xml	ZONE_TORSO	TYPE_BADGE	GENDER_FEMALE	-0.180000	0.670000	0.050000	0.050000	-12.960000	mp_fm_branding_058	mp_fm_branding_058
mp_fm_branding_059	multiplayer_overlays	update/update.rpf/common/data/effects/peds/multiplayer_overlays.xml	ZONE_TORSO	TYPE_BADGE	GENDER_FEMALE	-0.180000	0.670000	0.050000	0.050000	0.720000	mp_fm_branding_059	mp_fm_branding_059
mp_fm_branding_060	multiplayer_overlays	update/update.rpf/common/data/effects/peds/multiplayer_overlays.xml	ZONE_TORSO	TYPE_BADGE	GENDER_FEMALE	-0.180000	0.670000	0.050000	0.050000	0.000000	mp_fm_branding_060	mp_fm_branding_060
mp_fm_branding_061	multiplayer_overlays	update/update.rpf/common/data/effects/peds/multiplayer_overlays.xml	ZONE_TORSO	TYPE_BADGE	GENDER_FEMALE	-0.270000	0.570000	0.100000	0.070000	0.000000	mp_fm_branding_061	mp_fm_branding_061
mp_fm_branding_062	multiplayer_overlays	update/update.rpf/common/data/effects/peds/multiplayer_overlays.xml	ZONE_TORSO	TYPE_BADGE	GENDER_FEMALE	-0.270000	0.570000	0.100000	0.070000	0.000000	mp_fm_branding_062	mp_fm_branding_062
mp_fm_branding_066	multiplayer_overlays	update/update.rpf/common/data/effects/peds/multiplayer_overlays.xml	ZONE_TORSO	TYPE_BADGE	GENDER_FEMALE	-0.270000	0.590000	0.150000	0.150000	0.000000	mp_fm_branding_066	mp_fm_branding_066
mp_fm_branding_067	multiplayer_overlays	update/update.rpf/common/data/effects/peds/multiplayer_overlays.xml	ZONE_TORSO	TYPE_BADGE	GENDER_FEMALE	-0.270000	0.590000	0.150000	0.150000	0.000000	mp_fm_branding_067	mp_fm_branding_067
mp_fm_branding_068	multiplayer_overlays	update/update.rpf/common/data/effects/peds/multiplayer_overlays.xml	ZONE_TORSO	TYPE_BADGE	GENDER_FEMALE	-0.250000	0.590000	0.126000	0.126000	12.960000	mp_fm_branding_068	mp_fm_branding_068
mp_fm_branding_069	multiplayer_overlays	update/update.rpf/common/data/effects/peds/multiplayer_overlays.xml	ZONE_TORSO	TYPE_BADGE	GENDER_FEMALE	-0.270000	0.520000	0.126000	0.150000	0.000000	mp_fm_branding_069	mp_fm_branding_069
mp_fm_branding_070	multiplayer_overlays	update/update.rpf/common/data/effects/peds/multiplayer_overlays.xml	ZONE_TORSO	TYPE_BADGE	GENDER_FEMALE	-0.270000	0.580000	0.126000	0.150000	0.000000	mp_fm_branding_070	mp_fm_branding_070
mp_fm_branding_027_f	multiplayer_overlays	update/update.rpf/common/data/effects/peds/multiplayer_overlays.xml	ZONE_TORSO	TYPE_BADGE	GENDER_FEMALE	-0.264000	0.490000	0.110000	0.160000	0.000000	mp_fm_branding_027	mp_fm_branding_027
mp_fm_branding_028_F	multiplayer_overlays	update/update.rpf/common/data/effects/peds/multiplayer_overlays.xml	ZONE_TORSO	TYPE_BADGE	GENDER_FEMALE	-0.270000	0.600000	0.150000	0.150000	0.000000	mp_fm_branding_028	mp_fm_branding_028
mp_fm_branding_034_f	multiplayer_overlays	update/update.rpf/common/data/effects/peds/multiplayer_overlays.xml	ZONE_TORSO	TYPE_BADGE	GENDER_FEMALE	-0.264000	0.580000	0.130000	0.150000	0.000000	mp_fm_branding_034	mp_fm_branding_034
mp_fm_branding_036_F	multiplayer_overlays	update/update.rpf/common/data/effects/peds/multiplayer_overlays.xml	ZONE_TORSO	TYPE_BADGE	GENDER_FEMALE	-0.770000	0.590000	0.350000	0.150000	0.000000	mp_fm_branding_036	mp_fm_branding_036
mp_fm_branding_039_f	multiplayer_overlays	update/update.rpf/common/data/effects/peds/multiplayer_overlays.xml	ZONE_TORSO	TYPE_BADGE	GENDER_FEMALE	-0.264000	0.480000	0.150000	0.150000	0.000000	mp_fm_branding_039	mp_fm_branding_039
	multiplayer_overlays	update/update.rpf/common/data/effects/peds/multiplayer_overlays.xml	ZONE_INVALID	TYPE_INVALID	GENDER_DONTCARE	0.234000	0.710000	0.250000	0.300000	0.000000		
mp_fm_OGA_000_m	multiplayer_overlays	update/update.rpf/common/data/effects/peds/multiplayer_overlays.xml	ZONE_TORSO	TYPE_BADGE	GENDER_MALE	-0.270000	0.600000	0.180000	0.180000	0.000000	MP_FM_OG_Award_000	MP_FM_OG_Award_000
mp_fm_OGA_001_m	multiplayer_overlays	update/update.rpf/common/data/effects/peds/multiplayer_overlays.xml	ZONE_TORSO	TYPE_BADGE	GENDER_MALE	-0.267000	0.630000	0.180000	0.180000	0.000000	MP_FM_OG_Award_001	MP_FM_OG_Award_001
mp_fm_OGA_002_m	multiplayer_overlays	update/update.rpf/common/data/effects/peds/multiplayer_overlays.xml	ZONE_TORSO	TYPE_BADGE	GENDER_MALE	-0.270000	0.600000	0.180000	0.180000	0.000000	MP_FM_OG_Award_002	MP_FM_OG_Award_002
mp_fm_OGA_003_m	multiplayer_overlays	update/update.rpf/common/data/effects/peds/multiplayer_overlays.xml	ZONE_TORSO	TYPE_BADGE	GENDER_MALE	-0.267000	0.630000	0.180000	0.180000	0.000000	MP_FM_OG_Award_003	MP_FM_OG_Award_003
mp_fm_OGA_000_f	multiplayer_overlays	update/update.rpf/common/data/effects/peds/multiplayer_overlays.xml	ZONE_TORSO	TYPE_BADGE	GENDER_FEMALE	-0.290000	0.600000	0.170000	0.170000	0.000000	MP_FM_OG_Award_000	MP_FM_OG_Award_000
mp_fm_OGA_001_f	multiplayer_overlays	update/update.rpf/common/data/effects/peds/multiplayer_overlays.xml	ZONE_TORSO	TYPE_BADGE	GENDER_FEMALE	-0.285000	0.670000	0.170000	0.170000	0.000000	MP_FM_OG_Award_001	MP_FM_OG_Award_001
mp_fm_OGA_002_f	multiplayer_overlays	update/update.rpf/common/data/effects/peds/multiplayer_overlays.xml	ZONE_TORSO	TYPE_BADGE	GENDER_FEMALE	-0.290000	0.600000	0.170000	0.170000	0.000000	MP_FM_OG_Award_002	MP_FM_OG_Award_002
mp_fm_OGA_003_f	multiplayer_overlays	update/update.rpf/common/data/effects/peds/multiplayer_overlays.xml	ZONE_TORSO	TYPE_BADGE	GENDER_FEMALE	-0.285000	0.670000	0.170000	0.170000	0.000000	MP_FM_OG_Award_003	MP_FM_OG_Award_003
NG_M_Hair_001	multiplayer_overlays	update/update.rpf/common/data/effects/peds/multiplayer_overlays.xml	ZONE_HEAD	TYPE_TATTOO	GENDER_DONTCARE	0.500000	0.500000	0.600000	0.500000	0.000000	MP_NG_M_Hair_001_a	MP_NG_M_Hair_001_a
NG_M_Hair_002	multiplayer_overlays	update/update.rpf/common/data/effects/peds/multiplayer_overlays.xml	ZONE_HEAD	TYPE_TATTOO	GENDER_DONTCARE	0.500000	0.500000	0.600000	0.500000	0.000000	MP_NG_M_Hair_002_a	MP_NG_M_Hair_002_a
NG_M_Hair_003	multiplayer_overlays	update/update.rpf/common/data/effects/peds/multiplayer_overlays.xml	ZONE_HEAD	TYPE_TATTOO	GENDER_DONTCARE	0.500000	0.500000	0.600000	0.500000	0.000000	MP_NG_M_Hair_003_a	MP_NG_M_Hair_003_a
NG_M_Hair_004	multiplayer_overlays	update/update.rpf/common/data/effects/peds/multiplayer_overlays.xml	ZONE_HEAD	TYPE_TATTOO	GENDER_DONTCARE	0.500000	0.500000	0.600000	0.500000	0.000000	MP_NG_M_Hair_004_a	MP_NG_M_Hair_004_a
NG_M_Hair_005	multiplayer_overlays	update/update.rpf/common/data/effects/peds/multiplayer_overlays.xml	ZONE_HEAD	TYPE_TATTOO	GENDER_DONTCARE	0.500000	0.500000	0.600000	0.500000	0.000000	MP_NG_M_Hair_005_a	MP_NG_M_Hair_005_a
NG_M_Hair_006	multiplayer_overlays	update/update.rpf/common/data/effects/peds/multiplayer_overlays.xml	ZONE_HEAD	TYPE_TATTOO	GENDER_DONTCARE	0.500000	0.500000	0.600000	0.500000	0.000000	MP_NG_M_Hair_006_a	MP_NG_M_Hair_006_a
NG_M_Hair_007	multiplayer_overlays	update/update.rpf/common/data/effects/peds/multiplayer_overlays.xml	ZONE_HEAD	TYPE_TATTOO	GENDER_DONTCARE	0.500000	0.500000	0.600000	0.500000	0.000000	MP_NG_M_Hair_007_a	MP_NG_M_Hair_007_a
NG_M_Hair_008	multiplayer_overlays	update/update.rpf/common/data/effects/peds/multiplayer_overlays.xml	ZONE_HEAD	TYPE_TATTOO	GENDER_DONTCARE	0.500000	0.500000	0.600000	0.500000	0.000000	MP_NG_M_Hair_008_a	MP_NG_M_Hair_008_a
NG_M_Hair_009	multiplayer_overlays	update/update.rpf/common/data/effects/peds/multiplayer_overlays.xml	ZONE_HEAD	TYPE_TATTOO	GENDER_DONTCARE	0.500000	0.500000	0.600000	0.500000	0.000000	MP_NG_M_Hair_009_a	MP_NG_M_Hair_009_a
NG_M_Hair_010	multiplayer_overlays	update/update.rpf/common/data/effects/peds/multiplayer_overlays.xml	ZONE_HEAD	TYPE_TATTOO	GENDER_DONTCARE	0.500000	0.500000	0.600000	0.500000	0.000000	MP_NG_M_Hair_010_a	MP_NG_M_Hair_010_a
NG_M_Hair_011	multiplayer_overlays	update/update.rpf/common/data/effects/peds/multiplayer_overlays.xml	ZONE_HEAD	TYPE_TATTOO	GENDER_DONTCARE	0.500000	0.500000	0.600000	0.500000	0.000000	MP_NG_M_Hair_011_a	MP_NG_M_Hair_011_a
NG_M_Hair_012	multiplayer_overlays	update/update.rpf/common/data/effects/peds/multiplayer_overlays.xml	ZONE_HEAD	TYPE_TATTOO	GENDER_DONTCARE	0.500000	0.500000	0.600000	0.500000	0.000000	MP_NG_M_Hair_012_a	MP_NG_M_Hair_012_a
NG_M_Hair_013	multiplayer_overlays	update/update.rpf/common/data/effects/peds/multiplayer_overlays.xml	ZONE_HEAD	TYPE_TATTOO	GENDER_DONTCARE	0.500000	0.500000	0.600000	0.500000	0.000000	MP_NG_M_Hair_013_a	MP_NG_M_Hair_013_a
NG_M_Hair_014	multiplayer_overlays	update/update.rpf/common/data/effects/peds/multiplayer_overlays.xml	ZONE_HEAD	TYPE_TATTOO	GENDER_DONTCARE	0.500000	0.500000	0.600000	0.500000	0.000000	MP_NG_M_Hair_014_a	MP_NG_M_Hair_014_a
NG_M_Hair_015	multiplayer_overlays	update/update.rpf/common/data/effects/peds/multiplayer_overlays.xml	ZONE_HEAD	TYPE_TATTOO	GENDER_DONTCARE	0.500000	0.500000	0.600000	0.500000	0.000000	MP_NG_M_Hair_015_a	MP_NG_M_Hair_015_a
NGBea_M_Hair_000	multiplayer_overlays	update/update.rpf/common/data/effects/peds/multiplayer_overlays.xml	ZONE_HEAD	TYPE_TATTOO	GENDER_DONTCARE	0.500000	0.500000	0.600000	0.500000	0.000000	MP_NGBea_M_Hair_000_a	MP_NGBea_M_Hair_000_a
NGBea_M_Hair_001	multiplayer_overlays	update/update.rpf/common/data/effects/peds/multiplayer_overlays.xml	ZONE_HEAD	TYPE_TATTOO	GENDER_DONTCARE	0.500000	0.500000	0.600000	0.500000	0.000000	MP_NGBea_M_Hair_001_a	MP_NGBea_M_Hair_001_a
NGBus_M_Hair_000	multiplayer_overlays	update/update.rpf/common/data/effects/peds/multiplayer_overlays.xml	ZONE_HEAD	TYPE_TATTOO	GENDER_DONTCARE	0.500000	0.500000	0.600000	0.500000	0.000000	MP_NGBus_M_Hair_000_a	MP_NGBus_M_Hair_000_a
NGBus_M_Hair_001	multiplayer_overlays	update/update.rpf/common/data/effects/peds/multiplayer_overlays.xml	ZONE_HEAD	TYPE_TATTOO	GENDER_DONTCARE	0.500000	0.500000	0.600000	0.500000	0.000000	MP_NGBus_M_Hair_001_a	MP_NGBus_M_Hair_001_a
NGHip_M_Hair_000	multiplayer_overlays	update/update.rpf/common/data/effects/peds/multiplayer_overlays.xml	ZONE_HEAD	TYPE_TATTOO	GENDER_DONTCARE	0.500000	0.500000	0.600000	0.500000	0.000000	MP_NGHip_M_Hair_000_a	MP_NGHip_M_Hair_000_a
NGHip_M_Hair_001	multiplayer_overlays	update/update.rpf/common/data/effects/peds/multiplayer_overlays.xml	ZONE_HEAD	TYPE_TATTOO	GENDER_DONTCARE	0.500000	0.500000	0.600000	0.500000	0.000000	MP_NGHip_M_Hair_001_a	MP_NGHip_M_Hair_001_a
NGInd_M_Hair_000	multiplayer_overlays	update/update.rpf/common/data/effects/peds/multiplayer_overlays.xml	ZONE_HEAD	TYPE_TATTOO	GENDER_DONTCARE	0.500000	0.500000	0.600000	0.500000	0.000000	MP_NGInd_M_Hair_000_a	MP_NGInd_M_Hair_000_a
NG_F_Hair_001	multiplayer_overlays	update/update.rpf/common/data/effects/peds/multiplayer_overlays.xml	ZONE_HEAD	TYPE_TATTOO	GENDER_DONTCARE	0.500000	0.500000	0.600000	0.500000	0.000000	MP_NG_F_Hair_001_a	MP_NG_F_Hair_001_a
NG_F_Hair_002	multiplayer_overlays	update/update.rpf/common/data/effects/peds/multiplayer_overlays.xml	ZONE_HEAD	TYPE_TATTOO	GENDER_DONTCARE	0.500000	0.500000	0.600000	0.500000	0.000000	MP_NG_F_Hair_002_a	MP_NG_F_Hair_002_a
NG_F_Hair_003	multiplayer_overlays	update/update.rpf/common/data/effects/peds/multiplayer_overlays.xml	ZONE_HEAD	TYPE_TATTOO	GENDER_DONTCARE	0.500000	0.500000	0.600000	0.500000	0.000000	MP_NG_F_Hair_003_a	MP_NG_F_Hair_003_a
NG_F_Hair_004	multiplayer_overlays	update/update.rpf/common/data/effects/peds/multiplayer_overlays.xml	ZONE_HEAD	TYPE_TATTOO	GENDER_DONTCARE	0.500000	0.500000	0.600000	0.500000	0.000000	MP_NG_F_Hair_004_a	MP_NG_F_Hair_004_a
NG_F_Hair_005	multiplayer_overlays	update/update.rpf/common/data/effects/peds/multiplayer_overlays.xml	ZONE_HEAD	TYPE_TATTOO	GENDER_DONTCARE	0.500000	0.500000	0.600000	0.500000	0.000000	MP_NG_F_Hair_005_a	MP_NG_F_Hair_005_a
NG_F_Hair_006	multiplayer_overlays	update/update.rpf/common/data/effects/peds/multiplayer_overlays.xml	ZONE_HEAD	TYPE_TATTOO	GENDER_DONTCARE	0.500000	0.500000	0.600000	0.500000	0.000000	MP_NG_F_Hair_006_a	MP_NG_F_Hair_006_a
NG_F_Hair_007	multiplayer_overlays	update/update.rpf/common/data/effects/peds/multiplayer_overlays.xml	ZONE_HEAD	TYPE_TATTOO	GENDER_DONTCARE	0.500000	0.500000	0.600000	0.500000	0.000000	MP_NG_F_Hair_007_a	MP_NG_F_Hair_007_a
NG_F_Hair_008	multiplayer_overlays	update/update.rpf/common/data/effects/peds/multiplayer_overlays.xml	ZONE_HEAD	TYPE_TATTOO	GENDER_DONTCARE	0.500000	0.500000	0.600000	0.500000	0.000000	MP_NG_F_Hair_008_a	MP_NG_F_Hair_008_a
NG_F_Hair_009	multiplayer_overlays	update/update.rpf/common/data/effects/peds/multiplayer_overlays.xml	ZONE_HEAD	TYPE_TATTOO	GENDER_DONTCARE	0.500000	0.500000	0.600000	0.500000	0.000000	MP_NG_F_Hair_009_a	MP_NG_F_Hair_009_a
NG_F_Hair_010	multiplayer_overlays	update/update.rpf/common/data/effects/peds/multiplayer_overlays.xml	ZONE_HEAD	TYPE_TATTOO	GENDER_DONTCARE	0.500000	0.500000	0.600000	0.500000	0.000000	MP_NG_F_Hair_010_a	MP_NG_F_Hair_010_a
NG_F_Hair_011	multiplayer_overlays	update/update.rpf/common/data/effects/peds/multiplayer_overlays.xml	ZONE_HEAD	TYPE_TATTOO	GENDER_DONTCARE	0.500000	0.500000	0.600000	0.500000	0.000000	MP_NG_F_Hair_011_a	MP_NG_F_Hair_011_a
NG_F_Hair_012	multiplayer_overlays	update/update.rpf/common/data/effects/peds/multiplayer_overlays.xml	ZONE_HEAD	TYPE_TATTOO	GENDER_DONTCARE	0.500000	0.500000	0.600000	0.500000	0.000000	MP_NG_F_Hair_012_a	MP_NG_F_Hair_012_a
NG_F_Hair_013	multiplayer_overlays	update/update.rpf/common/data/effects/peds/multiplayer_overlays.xml	ZONE_HEAD	TYPE_TATTOO	GENDER_DONTCARE	0.500000	0.500000	0.600000	0.500000	0.000000	MP_NG_F_Hair_013_a	MP_NG_F_Hair_013_a
NG_F_Hair_014	multiplayer_overlays	update/update.rpf/common/data/effects/peds/multiplayer_overlays.xml	ZONE_HEAD	TYPE_TATTOO	GENDER_DONTCARE	0.500000	0.500000	0.600000	0.500000	0.000000	MP_NG_F_Hair_014_a	MP_NG_F_Hair_014_a
NG_F_Hair_015	multiplayer_overlays	update/update.rpf/common/data/effects/peds/multiplayer_overlays.xml	ZONE_HEAD	TYPE_TATTOO	GENDER_DONTCARE	0.500000	0.500000	0.600000	0.500000	0.000000	MP_NG_F_Hair_015_a	MP_NG_F_Hair_015_a
NGBea_F_Hair_000	multiplayer_overlays	update/update.rpf/common/data/effects/peds/multiplayer_overlays.xml	ZONE_HEAD	TYPE_TATTOO	GENDER_DONTCARE	0.500000	0.500000	0.600000	0.500000	0.000000	MP_NGBea_F_Hair_000_a	MP_NGBea_F_Hair_000_a
NGBea_F_Hair_001	multiplayer_overlays	update/update.rpf/common/data/effects/peds/multiplayer_overlays.xml	ZONE_HEAD	TYPE_TATTOO	GENDER_DONTCARE	0.500000	0.500000	0.600000	0.500000	0.000000	MP_NGBea_F_Hair_001_a	MP_NGBea_F_Hair_001_a
NGBus_F_Hair_000	multiplayer_overlays	update/update.rpf/common/data/effects/peds/multiplayer_overlays.xml	ZONE_HEAD	TYPE_TATTOO	GENDER_DONTCARE	0.500000	0.500000	0.600000	0.500000	0.000000	MP_NGBus_F_Hair_000_a	MP_NGBus_F_Hair_000_a
NGBus_F_Hair_001	multiplayer_overlays	update/update.rpf/common/data/effects/peds/multiplayer_overlays.xml	ZONE_HEAD	TYPE_TATTOO	GENDER_DONTCARE	0.500000	0.500000	0.600000	0.500000	0.000000	MP_NGBus_F_Hair_001_a	MP_NGBus_F_Hair_001_a
NGHip_F_Hair_000	multiplayer_overlays	update/update.rpf/common/data/effects/peds/multiplayer_overlays.xml	ZONE_HEAD	TYPE_TATTOO	GENDER_DONTCARE	0.500000	0.500000	0.600000	0.500000	0.000000	MP_NGHip_F_Hair_000_a	MP_NGHip_F_Hair_000_a
NGHip_F_Hair_001	multiplayer_overlays	update/update.rpf/common/data/effects/peds/multiplayer_overlays.xml	ZONE_HEAD	TYPE_TATTOO	GENDER_DONTCARE	0.500000	0.500000	0.600000	0.500000	0.000000	MP_NGHip_F_Hair_001_a	MP_NGHip_F_Hair_001_a
NGInd_F_Hair_000	multiplayer_overlays	update/update.rpf/common/data/effects/peds/multiplayer_overlays.xml	ZONE_HEAD	TYPE_TATTOO	GENDER_DONTCARE	0.500000	0.500000	0.600000	0.500000	0.000000	MP_NGInd_F_Hair_000_a	MP_NGInd_F_Hair_000_a
FM_Hip_M_Hair_000_a	mpHipster_overlays	update/update.rpf/dlc_patch/mphipster/common/data/effects/peds/mphipster_overlays.xml	ZONE_HEAD	TYPE_TATTOO	GENDER_MALE	0.500000	0.500000	0.600000	0.500000	0.000000	M_Hipster_Hair_000_A	M_Hipster_Hair_000_A
FM_Hip_M_Hair_000_b	mpHipster_overlays	update/update.rpf/dlc_patch/mphipster/common/data/effects/peds/mphipster_overlays.xml	ZONE_HEAD	TYPE_TATTOO	GENDER_MALE	0.500000	0.500000	0.600000	0.500000	0.000000	M_Hipster_Hair_000_B	M_Hipster_Hair_000_B
FM_Hip_M_Hair_000_c	mpHipster_overlays	update/update.rpf/dlc_patch/mphipster/common/data/effects/peds/mphipster_overlays.xml	ZONE_HEAD	TYPE_TATTOO	GENDER_MALE	0.500000	0.500000	0.600000	0.500000	0.000000	M_Hipster_Hair_000_C	M_Hipster_Hair_000_C
FM_Hip_M_Hair_000_d	mpHipster_overlays	update/update.rpf/dlc_patch/mphipster/common/data/effects/peds/mphipster_overlays.xml	ZONE_HEAD	TYPE_TATTOO	GENDER_MALE	0.500000	0.500000	0.600000	0.500000	0.000000	M_Hipster_Hair_000_D	M_Hipster_Hair_000_D
FM_Hip_M_Hair_000_e	mpHipster_overlays	update/update.rpf/dlc_patch/mphipster/common/data/effects/peds/mphipster_overlays.xml	ZONE_HEAD	TYPE_TATTOO	GENDER_MALE	0.500000	0.500000	0.600000	0.500000	0.000000	M_Hipster_Hair_000_E	M_Hipster_Hair_000_E
FM_Hip_M_Hair_001_a	mpHipster_overlays	update/update.rpf/dlc_patch/mphipster/common/data/effects/peds/mphipster_overlays.xml	ZONE_HEAD	TYPE_TATTOO	GENDER_MALE	0.500000	0.500000	0.600000	0.500000	0.000000	M_Hipster_Hair_001_A	M_Hipster_Hair_001_A
FM_Hip_M_Hair_001_b	mpHipster_overlays	update/update.rpf/dlc_patch/mphipster/common/data/effects/peds/mphipster_overlays.xml	ZONE_HEAD	TYPE_TATTOO	GENDER_MALE	0.500000	0.500000	0.600000	0.500000	0.000000	M_Hipster_Hair_001_B	M_Hipster_Hair_001_B
FM_Hip_M_Hair_001_c	mpHipster_overlays	update/update.rpf/dlc_patch/mphipster/common/data/effects/peds/mphipster_overlays.xml	ZONE_HEAD	TYPE_TATTOO	GENDER_MALE	0.500000	0.500000	0.600000	0.500000	0.000000	M_Hipster_Hair_001_C	M_Hipster_Hair_001_C
FM_Hip_M_Hair_001_d	mpHipster_overlays	update/update.rpf/dlc_patch/mphipster/common/data/effects/peds/mphipster_overlays.xml	ZONE_HEAD	TYPE_TATTOO	GENDER_MALE	0.500000	0.500000	0.600000	0.500000	0.000000	M_Hipster_Hair_001_D	M_Hipster_Hair_001_D
FM_Hip_M_Hair_001_e	mpHipster_overlays	update/update.rpf/dlc_patch/mphipster/common/data/effects/peds/mphipster_overlays.xml	ZONE_HEAD	TYPE_TATTOO	GENDER_MALE	0.500000	0.500000	0.600000	0.500000	0.000000	M_Hipster_Hair_001_E	M_Hipster_Hair_001_E
FM_Hip_F_Hair_000_a	mpHipster_overlays	update/update.rpf/dlc_patch/mphipster/common/data/effects/peds/mphipster_overlays.xml	ZONE_HEAD	TYPE_TATTOO	GENDER_FEMALE	0.500000	0.500000	0.600000	0.500000	0.000000	F_Hipster_Hair_000_A	F_Hipster_Hair_000_A
FM_Hip_F_Hair_000_b	mpHipster_overlays	update/update.rpf/dlc_patch/mphipster/common/data/effects/peds/mphipster_overlays.xml	ZONE_HEAD	TYPE_TATTOO	GENDER_FEMALE	0.500000	0.500000	0.600000	0.500000	0.000000	F_Hipster_Hair_000_B	F_Hipster_Hair_000_B
FM_Hip_F_Hair_000_c	mpHipster_overlays	update/update.rpf/dlc_patch/mphipster/common/data/effects/peds/mphipster_overlays.xml	ZONE_HEAD	TYPE_TATTOO	GENDER_FEMALE	0.500000	0.500000	0.600000	0.500000	0.000000	F_Hipster_Hair_000_C	F_Hipster_Hair_000_C
FM_Hip_F_Hair_000_d	mpHipster_overlays	update/update.rpf/dlc_patch/mphipster/common/data/effects/peds/mphipster_overlays.xml	ZONE_HEAD	TYPE_TATTOO	GENDER_FEMALE	0.500000	0.500000	0.600000	0.500000	0.000000	F_Hipster_Hair_000_D	F_Hipster_Hair_000_D
FM_Hip_F_Hair_000_e	mpHipster_overlays	update/update.rpf/dlc_patch/mphipster/common/data/effects/peds/mphipster_overlays.xml	ZONE_HEAD	TYPE_TATTOO	GENDER_FEMALE	0.500000	0.500000	0.600000	0.500000	0.000000	F_Hipster_Hair_000_E	F_Hipster_Hair_000_E
FM_Hip_M_Tat_000	mpHipster_overlays	update/update.rpf/dlc_patch/mphipster/common/data/effects/peds/mphipster_overlays.xml	ZONE_TORSO	TYPE_TATTOO	GENDER_MALE	0.230000	0.700000	0.150000	0.100000	0.000000	MP_Hip_Tat_000	MP_Hip_Tat_000
FM_Hip_M_Tat_001	mpHipster_overlays	update/update.rpf/dlc_patch/mphipster/common/data/effects/peds/mphipster_overlays.xml	ZONE_RIGHT_ARM	TYPE_TATTOO	GENDER_MALE	0.700000	0.750000	0.120000	0.120000	0.000000	MP_Hip_Tat_001	MP_Hip_Tat_001
FM_Hip_M_Tat_002	mpHipster_overlays	update/update.rpf/dlc_patch/mphipster/common/data/effects/peds/mphipster_overlays.xml	ZONE_TORSO	TYPE_TATTOO	GENDER_MALE	0.820000	0.620000	0.090000	0.070000	0.000000	MP_Hip_Tat_002	MP_Hip_Tat_002
FM_Hip_M_Tat_003	mpHipster_overlays	update/update.rpf/dlc_patch/mphipster/common/data/effects/peds/mphipster_overlays.xml	ZONE_LEFT_ARM	TYPE_TATTOO	GENDER_MALE	0.310000	0.520000	0.100000	0.100000	0.000000	MP_Hip_Tat_003	MP_Hip_Tat_003
FM_Hip_M_Tat_004	mpHipster_overlays	update/update.rpf/dlc_patch/mphipster/common/data/effects/peds/mphipster_overlays.xml	ZONE_RIGHT_ARM	TYPE_TATTOO	GENDER_MALE	0.130000	0.480000	0.070000	0.120000	-15.500000	MP_Hip_Tat_004	MP_Hip_Tat_004
FM_Hip_M_Tat_005	mpHipster_overlays	update/update.rpf/dlc_patch/mphipster/common/data/effects/peds/mphipster_overlays.xml	ZONE_HEAD	TYPE_TATTOO	GENDER_MALE	0.770000	0.350000	-0.120000	0.120000	0.000000	MP_Hip_Tat_005	MP_Hip_Tat_005
FM_Hip_M_Tat_006	mpHipster_overlays	update/update.rpf/dlc_patch/mphipster/common/data/effects/peds/mphipster_overlays.xml	ZONE_TORSO	TYPE_TATTOO	GENDER_MALE	0.460000	0.340000	0.300000	0.160000	0.000000	MP_Hip_Tat_006	MP_Hip_Tat_006
FM_Hip_M_Tat_007	mpHipster_overlays	update/update.rpf/dlc_patch/mphipster/common/data/effects/peds/mphipster_overlays.xml	ZONE_LEFT_ARM	TYPE_TATTOO	GENDER_MALE	0.470000	0.250000	0.070000	0.080000	0.000000	MP_Hip_Tat_007	MP_Hip_Tat_007
FM_Hip_M_Tat_008	mpHipster_overlays	update/update.rpf/dlc_patch/mphipster/common/data/effects/peds/mphipster_overlays.xml	ZONE_RIGHT_ARM	TYPE_TATTOO	GENDER_MALE	0.500000	0.900000	0.050000	0.070000	0.000000	MP_Hip_Tat_008	MP_Hip_Tat_008
FM_Hip_M_Tat_009	mpHipster_overlays	update/update.rpf/dlc_patch/mphipster/common/data/effects/peds/mphipster_overlays.xml	ZONE_LEFT_LEG	TYPE_TATTOO	GENDER_MALE	0.250000	0.400000	0.100000	0.100000	0.000000	MP_Hip_Tat_009	MP_Hip_Tat_009
FM_Hip_M_Tat_010	mpHipster_overlays	update/update.rpf/dlc_patch/mphipster/common/data/effects/peds/mphipster_overlays.xml	ZONE_RIGHT_ARM	TYPE_TATTOO	GENDER_MALE	0.560000	0.260000	0.050000	0.050000	0.000000	MP_Hip_Tat_010	MP_Hip_Tat_010
FM_Hip_M_Tat_011	mpHipster_overlays	update/update.rpf/dlc_patch/mphipster/common/data/effects/peds/mphipster_overlays.xml	ZONE_TORSO	TYPE_TATTOO	GENDER_MALE	0.226000	0.770000	0.050000	0.050000	0.000000	MP_Hip_Tat_011	MP_Hip_Tat_011
FM_Hip_M_Tat_012	mpHipster_overlays	update/update.rpf/dlc_patch/mphipster/common/data/effects/peds/mphipster_overlays.xml	ZONE_TORSO	TYPE_TATTOO	GENDER_MALE	0.226000	0.700000	0.100000	0.100000	0.000000	MP_Hip_Tat_012	MP_Hip_Tat_012
FM_Hip_M_Tat_013	mpHipster_overlays	update/update.rpf/dlc_patch/mphipster/common/data/effects/peds/mphipster_overlays.xml	ZONE_TORSO	TYPE_TATTOO	GENDER_MALE	0.725000	0.600000	0.150000	0.150000	0.000000	MP_Hip_Tat_013	MP_Hip_Tat_013
FM_Hip_M_Tat_014	mpHipster_overlays	update/update.rpf/dlc_patch/mphipster/common/data/effects/peds/mphipster_overlays.xml	ZONE_RIGHT_ARM	TYPE_TATTOO	GENDER_MALE	0.200000	0.520000	0.100000	0.100000	0.000000	MP_Hip_Tat_014	MP_Hip_Tat_014
FM_Hip_M_Tat_015	mpHipster_overlays	update/update.rpf/dlc_patch/mphipster/common/data/effects/peds/mphipster_overlays.xml	ZONE_LEFT_ARM	TYPE_TATTOO	GENDER_MALE	-0.120000	0.750000	0.080000	0.080000	90.000000	MP_Hip_Tat_015	MP_Hip_Tat_015
FM_Hip_M_Tat_016	mpHipster_overlays	update/update.rpf/dlc_patch/mphipster/common/data/effects/peds/mphipster_overlays.xml	ZONE_LEFT_ARM	TYPE_TATTOO	GENDER_MALE	0.800000	0.500000	0.100000	0.100000	0.000000	MP_Hip_Tat_016	MP_Hip_Tat_016
FM_Hip_M_Tat_017	mpHipster_overlays	update/update.rpf/dlc_patch/mphipster/common/data/effects/peds/mphipster_overlays.xml	ZONE_RIGHT_ARM	TYPE_TATTOO	GENDER_MALE	-0.250000	0.540000	0.100000	0.100000	180.000000	MP_Hip_Tat_017	MP_Hip_Tat_017
FM_Hip_M_Tat_018	mpHipster_overlays	update/update.rpf/dlc_patch/mphipster/common/data/effects/peds/mphipster_overlays.xml	ZONE_RIGHT_ARM	TYPE_TATTOO	GENDER_MALE	0.000000	0.370000	0.050000	0.034000	0.000000	MP_Hip_Tat_018	MP_Hip_Tat_018
FM_Hip_M_Tat_019	mpHipster_overlays	update/update.rpf/dlc_patch/mphipster/common/data/effects/peds/mphipster_overlays.xml	ZONE_LEFT_LEG	TYPE_TATTOO	GENDER_MALE	0.200000	0.350000	0.170000	0.150000	0.000000	MP_Hip_Tat_019	MP_Hip_Tat_019
FM_Hip_M_Tat_020	mpHipster_overlays	update/update.rpf/dlc_patch/mphipster/common/data/effects/peds/mphipster_overlays.xml	ZONE_RIGHT_ARM	TYPE_TATTOO	GENDER_MALE	0.775000	0.625000	0.100000	0.100000	0.000000	MP_Hip_Tat_020	MP_Hip_Tat_020
FM_Hip_M_Tat_021	mpHipster_overlays	update/update.rpf/dlc_patch/mphipster/common/data/effects/peds/mphipster_overlays.xml	ZONE_HEAD	TYPE_TATTOO	GENDER_MALE	0.240000	0.320000	0.080000	0.100000	42.120000	MP_Hip_Tat_021	MP_Hip_Tat_021
FM_Hip_M_Tat_022	mpHipster_overlays	update/update.rpf/dlc_patch/mphipster/common/data/effects/peds/mphipster_overlays.xml	ZONE_RIGHT_ARM	TYPE_TATTOO	GENDER_MALE	0.440000	0.550000	0.060000	0.060000	0.000000	MP_Hip_Tat_022	MP_Hip_Tat_022
FM_Hip_M_Tat_023	mpHipster_overlays	update/update.rpf/dlc_patch/mphipster/common/data/effects/peds/mphipster_overlays.xml	ZONE_RIGHT_ARM	TYPE_TATTOO	GENDER_MALE	0.520000	0.250000	0.050000	0.050000	0.000000	MP_Hip_Tat_023	MP_Hip_Tat_023
FM_Hip_M_Tat_024	mpHipster_overlays	update/update.rpf/dlc_patch/mphipster/common/data/effects/peds/mphipster_overlays.xml	ZONE_TORSO	TYPE_TATTOO	GENDER_MALE	0.320000	0.650000	0.070000	0.070000	0.000000	MP_Hip_Tat_024	MP_Hip_Tat_024
FM_Hip_M_Tat_025	mpHipster_overlays	update/update.rpf/dlc_patch/mphipster/common/data/effects/peds/mphipster_overlays.xml	ZONE_TORSO	TYPE_TATTOO	GENDER_MALE	0.170000	0.650000	0.120000	0.120000	0.000000	MP_Hip_Tat_025	MP_Hip_Tat_025
FM_Hip_M_Tat_026	mpHipster_overlays	update/update.rpf/dlc_patch/mphipster/common/data/effects/peds/mphipster_overlays.xml	ZONE_LEFT_ARM	TYPE_TATTOO	GENDER_MALE	0.500000	0.870000	0.050000	0.050000	0.000000	MP_Hip_Tat_026	MP_Hip_Tat_026
FM_Hip_M_Tat_027	mpHipster_overlays	update/update.rpf/dlc_patch/mphipster/common/data/effects/peds/mphipster_overlays.xml	ZONE_LEFT_ARM	TYPE_TATTOO	GENDER_MALE	0.000000	0.400000	0.080000	0.080000	0.000000	MP_Hip_Tat_027	MP_Hip_Tat_027
FM_Hip_M_Tat_028	mpHipster_overlays	update/update.rpf/dlc_patch/mphipster/common/data/effects/peds/mphipster_overlays.xml	ZONE_LEFT_ARM	TYPE_TATTOO	GENDER_MALE	0.250000	0.500000	0.080000	0.100000	0.000000	MP_Hip_Tat_028	MP_Hip_Tat_028
FM_Hip_M_Tat_029	mpHipster_overlays	update/update.rpf/dlc_patch/mphipster/common/data/effects/peds/mphipster_overlays.xml	ZONE_TORSO	TYPE_TATTOO	GENDER_MALE	-0.100000	0.240000	0.080000	0.080000	0.000000	MP_Hip_Tat_029	MP_Hip_Tat_029
FM_Hip_M_Tat_030	mpHipster_overlays	update/update.rpf/dlc_patch/mphipster/common/data/effects/peds/mphipster_overlays.xml	ZONE_TORSO	TYPE_TATTOO	GENDER_MALE	0.220000	0.200000	0.080000	0.080000	0.000000	MP_Hip_Tat_030	MP_Hip_Tat_030
FM_Hip_M_Tat_031	mpHipster_overlays	update/update.rpf/dlc_patch/mphipster/common/data/effects/peds/mphipster_overlays.xml	ZONE_TORSO	TYPE_TATTOO	GENDER_MALE	0.220000	0.700000	0.080000	0.080000	0.000000	MP_Hip_Tat_031	MP_Hip_Tat_031
FM_Hip_M_Tat_032	mpHipster_overlays	update/update.rpf/dlc_patch/mphipster/common/data/effects/peds/mphipster_overlays.xml	ZONE_TORSO	TYPE_TATTOO	GENDER_MALE	0.300000	0.650000	0.100000	0.100000	0.000000	MP_Hip_Tat_032	MP_Hip_Tat_032
FM_Hip_M_Tat_033	mpHipster_overlays	update/update.rpf/dlc_patch/mphipster/common/data/effects/peds/mphipster_overlays.xml	ZONE_TORSO	TYPE_TATTOO	GENDER_MALE	0.735000	0.550000	0.140000	0.100000	0.000000	MP_Hip_Tat_033	MP_Hip_Tat_033
FM_Hip_M_Tat_034	mpHipster_overlays	update/update.rpf/dlc_patch/mphipster/common/data/effects/peds/mphipster_overlays.xml	ZONE_LEFT_ARM	TYPE_TATTOO	GENDER_MALE	0.450000	0.250000	0.050000	0.050000	0.000000	MP_Hip_Tat_034	MP_Hip_Tat_034
FM_Hip_M_Tat_035	mpHipster_overlays	update/update.rpf/dlc_patch/mphipster/common/data/effects/peds/mphipster_overlays.xml	ZONE_TORSO	TYPE_TATTOO	GENDER_MALE	0.900000	0.250000	0.120000	0.120000	0.000000	MP_Hip_Tat_035	MP_Hip_Tat_035
FM_Hip_M_Tat_036	mpHipster_overlays	update/update.rpf/dlc_patch/mphipster/common/data/effects/peds/mphipster_overlays.xml	ZONE_RIGHT_ARM	TYPE_TATTOO	GENDER_MALE	0.500000	0.850000	0.070000	0.100000	0.000000	MP_Hip_Tat_036	MP_Hip_Tat_036
FM_Hip_M_Tat_037	mpHipster_overlays	update/update.rpf/dlc_patch/mphipster/common/data/effects/peds/mphipster_overlays.xml	ZONE_LEFT_ARM	TYPE_TATTOO	GENDER_MALE	0.500000	0.900000	0.070000	0.100000	0.000000	MP_Hip_Tat_037	MP_Hip_Tat_037
FM_Hip_M_Tat_038	mpHipster_overlays	update/update.rpf/dlc_patch/mphipster/common/data/effects/peds/mphipster_overlays.xml	ZONE_RIGHT_LEG	TYPE_TATTOO	GENDER_MALE	0.500000	0.300000	0.070000	0.100000	0.000000	MP_Hip_Tat_038	MP_Hip_Tat_038
FM_Hip_M_Tat_039	mpHipster_overlays	update/update.rpf/dlc_patch/mphipster/common/data/effects/peds/mphipster_overlays.xml	ZONE_LEFT_ARM	TYPE_TATTOO	GENDER_MALE	0.530000	0.600000	0.300000	0.300000	0.000000	MP_Hip_Tat_039	MP_Hip_Tat_039
FM_Hip_M_Tat_040	mpHipster_overlays	update/update.rpf/dlc_patch/mphipster/common/data/effects/peds/mphipster_overlays.xml	ZONE_LEFT_LEG	TYPE_TATTOO	GENDER_MALE	0.230000	0.400000	0.070000	0.070000	0.000000	MP_Hip_Tat_040	MP_Hip_Tat_040
FM_Hip_M_Tat_041	mpHipster_overlays	update/update.rpf/dlc_patch/mphipster/common/data/effects/peds/mphipster_overlays.xml	ZONE_TORSO	TYPE_TATTOO	GENDER_MALE	0.100000	0.250000	0.070000	0.100000	0.000000	MP_Hip_Tat_041	MP_Hip_Tat_041
FM_Hip_M_Tat_042	mpHipster_overlays	update/update.rpf/dlc_patch/mphipster/common/data/effects/peds/mphipster_overlays.xml	ZONE_RIGHT_LEG	TYPE_TATTOO	GENDER_MALE	0.750000	0.350000	0.150000	0.150000	0.000000	MP_Hip_Tat_042	MP_Hip_Tat_042
FM_Hip_M_Tat_043	mpHipster_overlays	update/update.rpf/dlc_patch/mphipster/common/data/effects/peds/mphipster_overlays.xml	ZONE_LEFT_ARM	TYPE_TATTOO	GENDER_MALE	0.527000	0.900000	0.050000	0.050000	0.000000	MP_Hip_Tat_043	MP_Hip_Tat_043
FM_Hip_M_Tat_044	mpHipster_overlays	update/update.rpf/dlc_patch/mphipster/common/data/effects/peds/mphipster_overlays.xml	ZONE_RIGHT_ARM	TYPE_TATTOO	GENDER_MALE	0.527000	0.900000	0.050000	0.050000	0.000000	MP_Hip_Tat_044	MP_Hip_Tat_044
FM_Hip_M_Tat_045	mpHipster_overlays	update/update.rpf/dlc_patch/mphipster/common/data/effects/peds/mphipster_overlays.xml	ZONE_RIGHT_ARM	TYPE_TATTOO	GENDER_MALE	0.527000	0.550000	0.170000	0.250000	0.000000	MP_Hip_Tat_045	MP_Hip_Tat_045
FM_Hip_M_Tat_046	mpHipster_overlays	update/update.rpf/dlc_patch/mphipster/common/data/effects/peds/mphipster_overlays.xml	ZONE_TORSO	TYPE_TATTOO	GENDER_MALE	0.227000	0.740000	0.070000	0.070000	0.000000	MP_Hip_Tat_046	MP_Hip_Tat_046
FM_Hip_M_Tat_047	mpHipster_overlays	update/update.rpf/dlc_patch/mphipster/common/data/effects/peds/mphipster_overlays.xml	ZONE_TORSO	TYPE_TATTOO	GENDER_MALE	-0.173000	0.610000	0.100000	0.100000	0.000000	MP_Hip_Tat_047	MP_Hip_Tat_047
FM_Hip_M_Tat_048	mpHipster_overlays	update/update.rpf/dlc_patch/mphipster/common/data/effects/peds/mphipster_overlays.xml	ZONE_LEFT_ARM	TYPE_TATTOO	GENDER_MALE	0.430000	0.260000	0.050000	0.050000	0.000000	MP_Hip_Tat_048	MP_Hip_Tat_048
FM_Hip_F_Tat_000	mpHipster_overlays	update/update.rpf/dlc_patch/mphipster/common/data/effects/peds/mphipster_overlays.xml	ZONE_TORSO	TYPE_TATTOO	GENDER_FEMALE	0.230000	0.700000	0.150000	0.100000	0.000000	MP_Hip_Tat_000	MP_Hip_Tat_000
FM_Hip_F_Tat_001	mpHipster_overlays	update/update.rpf/dlc_patch/mphipster/common/data/effects/peds/mphipster_overlays.xml	ZONE_RIGHT_ARM	TYPE_TATTOO	GENDER_FEMALE	0.750000	0.750000	0.120000	0.120000	0.000000	MP_Hip_Tat_001	MP_Hip_Tat_001
FM_Hip_F_Tat_002	mpHipster_overlays	update/update.rpf/dlc_patch/mphipster/common/data/effects/peds/mphipster_overlays.xml	ZONE_TORSO	TYPE_TATTOO	GENDER_FEMALE	0.820000	0.620000	0.090000	0.070000	0.000000	MP_Hip_Tat_002	MP_Hip_Tat_002
FM_Hip_F_Tat_003	mpHipster_overlays	update/update.rpf/dlc_patch/mphipster/common/data/effects/peds/mphipster_overlays.xml	ZONE_LEFT_ARM	TYPE_TATTOO	GENDER_FEMALE	0.310000	0.520000	0.100000	0.100000	0.000000	MP_Hip_Tat_003	MP_Hip_Tat_003
FM_Hip_F_Tat_004	mpHipster_overlays	update/update.rpf/dlc_patch/mphipster/common/data/effects/peds/mphipster_overlays.xml	ZONE_RIGHT_ARM	TYPE_TATTOO	GENDER_FEMALE	0.230000	0.400000	0.070000	0.120000	-15.500000	MP_Hip_Tat_004	MP_Hip_Tat_004
FM_Hip_F_Tat_005	mpHipster_overlays	update/update.rpf/dlc_patch/mphipster/common/data/effects/peds/mphipster_overlays.xml	ZONE_HEAD	TYPE_TATTOO	GENDER_FEMALE	0.770000	0.350000	-0.120000	0.120000	0.000000	MP_Hip_Tat_005	MP_Hip_Tat_005
FM_Hip_F_Tat_006	mpHipster_overlays	update/update.rpf/dlc_patch/mphipster/common/data/effects/peds/mphipster_overlays.xml	ZONE_TORSO	TYPE_TATTOO	GENDER_FEMALE	0.460000	0.450000	0.300000	0.160000	0.000000	MP_Hip_Tat_006	MP_Hip_Tat_006
FM_Hip_F_Tat_007	mpHipster_overlays	update/update.rpf/dlc_patch/mphipster/common/data/effects/peds/mphipster_overlays.xml	ZONE_LEFT_ARM	TYPE_TATTOO	GENDER_FEMALE	0.400000	0.220000	0.070000	0.080000	0.000000	MP_Hip_Tat_007	MP_Hip_Tat_007
FM_Hip_F_Tat_008	mpHipster_overlays	update/update.rpf/dlc_patch/mphipster/common/data/effects/peds/mphipster_overlays.xml	ZONE_RIGHT_ARM	TYPE_TATTOO	GENDER_FEMALE	0.500000	0.900000	0.050000	0.070000	0.000000	MP_Hip_Tat_008	MP_Hip_Tat_008
FM_Hip_F_Tat_009	mpHipster_overlays	update/update.rpf/dlc_patch/mphipster/common/data/effects/peds/mphipster_overlays.xml	ZONE_LEFT_LEG	TYPE_TATTOO	GENDER_FEMALE	0.250000	0.400000	0.100000	0.100000	0.000000	MP_Hip_Tat_009	MP_Hip_Tat_009
FM_Hip_F_Tat_010	mpHipster_overlays	update/update.rpf/dlc_patch/mphipster/common/data/effects/peds/mphipster_overlays.xml	ZONE_RIGHT_ARM	TYPE_TATTOO	GENDER_FEMALE	0.560000	0.220000	0.050000	0.050000	0.000000	MP_Hip_Tat_010	MP_Hip_Tat_010
FM_Hip_F_Tat_011	mpHipster_overlays	update/update.rpf/dlc_patch/mphipster/common/data/effects/peds/mphipster_overlays.xml	ZONE_TORSO	TYPE_TATTOO	GENDER_FEMALE	0.235000	0.790000	0.050000	0.050000	0.000000	MP_Hip_Tat_011	MP_Hip_Tat_011
FM_Hip_F_Tat_012	mpHipster_overlays	update/update.rpf/dlc_patch/mphipster/common/data/effects/peds/mphipster_overlays.xml	ZONE_TORSO	TYPE_TATTOO	GENDER_FEMALE	0.235000	0.770000	0.100000	0.100000	0.000000	MP_Hip_Tat_012	MP_Hip_Tat_012
FM_Hip_F_Tat_013	mpHipster_overlays	update/update.rpf/dlc_patch/mphipster/common/data/effects/peds/mphipster_overlays.xml	ZONE_TORSO	TYPE_TATTOO	GENDER_FEMALE	0.740000	0.600000	0.150000	0.150000	0.000000	MP_Hip_Tat_013	MP_Hip_Tat_013
FM_Hip_F_Tat_014	mpHipster_overlays	update/update.rpf/dlc_patch/mphipster/common/data/effects/peds/mphipster_overlays.xml	ZONE_RIGHT_ARM	TYPE_TATTOO	GENDER_FEMALE	0.200000	0.520000	0.100000	0.100000	0.000000	MP_Hip_Tat_014	MP_Hip_Tat_014
FM_Hip_F_Tat_015	mpHipster_overlays	update/update.rpf/dlc_patch/mphipster/common/data/effects/peds/mphipster_overlays.xml	ZONE_LEFT_ARM	TYPE_TATTOO	GENDER_FEMALE	-0.120000	0.720000	0.080000	0.080000	90.000000	MP_Hip_Tat_015	MP_Hip_Tat_015
FM_Hip_F_Tat_016	mpHipster_overlays	update/update.rpf/dlc_patch/mphipster/common/data/effects/peds/mphipster_overlays.xml	ZONE_LEFT_ARM	TYPE_TATTOO	GENDER_FEMALE	0.800000	0.460000	0.100000	0.100000	0.000000	MP_Hip_Tat_016	MP_Hip_Tat_016
FM_Hip_F_Tat_017	mpHipster_overlays	update/update.rpf/dlc_patch/mphipster/common/data/effects/peds/mphipster_overlays.xml	ZONE_RIGHT_ARM	TYPE_TATTOO	GENDER_FEMALE	-0.250000	0.540000	0.100000	0.100000	180.000000	MP_Hip_Tat_017	MP_Hip_Tat_017
FM_Hip_F_Tat_018	mpHipster_overlays	update/update.rpf/dlc_patch/mphipster/common/data/effects/peds/mphipster_overlays.xml	ZONE_RIGHT_ARM	TYPE_TATTOO	GENDER_FEMALE	0.000000	0.300000	0.050000	0.034000	0.000000	MP_Hip_Tat_018	MP_Hip_Tat_018
FM_Hip_F_Tat_019	mpHipster_overlays	update/update.rpf/dlc_patch/mphipster/common/data/effects/peds/mphipster_overlays.xml	ZONE_LEFT_LEG	TYPE_TATTOO	GENDER_FEMALE	0.200000	0.350000	0.170000	0.150000	0.000000	MP_Hip_Tat_019	MP_Hip_Tat_019
FM_Hip_F_Tat_020	mpHipster_overlays	update/update.rpf/dlc_patch/mphipster/common/data/effects/peds/mphipster_overlays.xml	ZONE_RIGHT_ARM	TYPE_TATTOO	GENDER_FEMALE	0.775000	0.625000	0.100000	0.100000	0.000000	MP_Hip_Tat_020	MP_Hip_Tat_020
FM_Hip_F_Tat_021	mpHipster_overlays	update/update.rpf/dlc_patch/mphipster/common/data/effects/peds/mphipster_overlays.xml	ZONE_HEAD	TYPE_TATTOO	GENDER_FEMALE	0.240000	0.320000	0.080000	0.100000	42.120000	MP_Hip_Tat_021	MP_Hip_Tat_021
FM_Hip_F_Tat_022	mpHipster_overlays	update/update.rpf/dlc_patch/mphipster/common/data/effects/peds/mphipster_overlays.xml	ZONE_RIGHT_ARM	TYPE_TATTOO	GENDER_FEMALE	0.540000	0.550000	0.060000	0.060000	0.000000	MP_Hip_Tat_022	MP_Hip_Tat_022
FM_Hip_F_Tat_023	mpHipster_overlays	update/update.rpf/dlc_patch/mphipster/common/data/effects/peds/mphipster_overlays.xml	ZONE_RIGHT_ARM	TYPE_TATTOO	GENDER_FEMALE	0.600000	0.220000	0.050000	0.050000	0.000000	MP_Hip_Tat_023	MP_Hip_Tat_023
FM_Hip_F_Tat_024	mpHipster_overlays	update/update.rpf/dlc_patch/mphipster/common/data/effects/peds/mphipster_overlays.xml	ZONE_TORSO	TYPE_TATTOO	GENDER_FEMALE	0.320000	0.720000	0.070000	0.070000	0.000000	MP_Hip_Tat_024	MP_Hip_Tat_024
FM_Hip_F_Tat_025	mpHipster_overlays	update/update.rpf/dlc_patch/mphipster/common/data/effects/peds/mphipster_overlays.xml	ZONE_TORSO	TYPE_TATTOO	GENDER_FEMALE	0.170000	0.720000	0.120000	0.120000	0.000000	MP_Hip_Tat_025	MP_Hip_Tat_025
FM_Hip_F_Tat_026	mpHipster_overlays	update/update.rpf/dlc_patch/mphipster/common/data/effects/peds/mphipster_overlays.xml	ZONE_LEFT_ARM	TYPE_TATTOO	GENDER_FEMALE	0.500000	0.870000	0.050000	0.050000	0.000000	MP_Hip_Tat_026	MP_Hip_Tat_026
FM_Hip_F_Tat_027	mpHipster_overlays	update/update.rpf/dlc_patch/mphipster/common/data/effects/peds/mphipster_overlays.xml	ZONE_LEFT_ARM	TYPE_TATTOO	GENDER_FEMALE	0.000000	0.340000	0.070000	0.070000	0.000000	MP_Hip_Tat_027	MP_Hip_Tat_027
FM_Hip_F_Tat_028	mpHipster_overlays	update/update.rpf/dlc_patch/mphipster/common/data/effects/peds/mphipster_overlays.xml	ZONE_LEFT_ARM	TYPE_TATTOO	GENDER_FEMALE	0.250000	0.500000	0.080000	0.100000	0.000000	MP_Hip_Tat_028	MP_Hip_Tat_028
FM_Hip_F_Tat_029	mpHipster_overlays	update/update.rpf/dlc_patch/mphipster/common/data/effects/peds/mphipster_overlays.xml	ZONE_TORSO	TYPE_TATTOO	GENDER_FEMALE	-0.120000	0.350000	0.080000	0.050000	0.000000	MP_Hip_Tat_029	MP_Hip_Tat_029
FM_Hip_F_Tat_030	mpHipster_overlays	update/update.rpf/dlc_patch/mphipster/common/data/effects/peds/mphipster_overlays.xml	ZONE_TORSO	TYPE_TATTOO	GENDER_FEMALE	0.220000	0.360000	0.080000	0.080000	0.000000	MP_Hip_Tat_030	MP_Hip_Tat_030
FM_Hip_F_Tat_031	mpHipster_overlays	update/update.rpf/dlc_patch/mphipster/common/data/effects/peds/mphipster_overlays.xml	ZONE_TORSO	TYPE_TATTOO	GENDER_FEMALE	0.220000	0.740000	0.080000	0.080000	0.000000	MP_Hip_Tat_031	MP_Hip_Tat_031
FM_Hip_F_Tat_032	mpHipster_overlays	update/update.rpf/dlc_patch/mphipster/common/data/effects/peds/mphipster_overlays.xml	ZONE_TORSO	TYPE_TATTOO	GENDER_FEMALE	0.300000	0.700000	0.100000	0.100000	0.000000	MP_Hip_Tat_032	MP_Hip_Tat_032
FM_Hip_F_Tat_033	mpHipster_overlays	update/update.rpf/dlc_patch/mphipster/common/data/effects/peds/mphipster_overlays.xml	ZONE_TORSO	TYPE_TATTOO	GENDER_FEMALE	0.745000	0.600000	0.140000	0.100000	0.000000	MP_Hip_Tat_033	MP_Hip_Tat_033
FM_Hip_F_Tat_034	mpHipster_overlays	update/update.rpf/dlc_patch/mphipster/common/data/effects/peds/mphipster_overlays.xml	ZONE_LEFT_ARM	TYPE_TATTOO	GENDER_FEMALE	0.400000	0.220000	0.050000	0.050000	0.000000	MP_Hip_Tat_034	MP_Hip_Tat_034
FM_Hip_F_Tat_035	mpHipster_overlays	update/update.rpf/dlc_patch/mphipster/common/data/effects/peds/mphipster_overlays.xml	ZONE_TORSO	TYPE_TATTOO	GENDER_FEMALE	0.900000	0.350000	0.120000	0.120000	12.500000	MP_Hip_Tat_035	MP_Hip_Tat_035
FM_Hip_F_Tat_036	mpHipster_overlays	update/update.rpf/dlc_patch/mphipster/common/data/effects/peds/mphipster_overlays.xml	ZONE_RIGHT_ARM	TYPE_TATTOO	GENDER_FEMALE	0.500000	0.850000	0.070000	0.100000	0.000000	MP_Hip_Tat_036	MP_Hip_Tat_036
FM_Hip_F_Tat_037	mpHipster_overlays	update/update.rpf/dlc_patch/mphipster/common/data/effects/peds/mphipster_overlays.xml	ZONE_LEFT_ARM	TYPE_TATTOO	GENDER_FEMALE	0.500000	0.900000	0.070000	0.100000	0.000000	MP_Hip_Tat_037	MP_Hip_Tat_037
FM_Hip_F_Tat_038	mpHipster_overlays	update/update.rpf/dlc_patch/mphipster/common/data/effects/peds/mphipster_overlays.xml	ZONE_RIGHT_LEG	TYPE_TATTOO	GENDER_FEMALE	0.500000	0.300000	0.070000	0.100000	0.000000	MP_Hip_Tat_038	MP_Hip_Tat_038
FM_Hip_F_Tat_039	mpHipster_overlays	update/update.rpf/dlc_patch/mphipster/common/data/effects/peds/mphipster_overlays.xml	ZONE_LEFT_ARM	TYPE_TATTOO	GENDER_FEMALE	0.530000	0.600000	0.300000	0.300000	0.000000	MP_Hip_Tat_039	MP_Hip_Tat_039
FM_Hip_F_Tat_040	mpHipster_overlays	update/update.rpf/dlc_patch/mphipster/common/data/effects/peds/mphipster_overlays.xml	ZONE_LEFT_LEG	TYPE_TATTOO	GENDER_FEMALE	0.230000	0.400000	0.070000	0.070000	0.000000	MP_Hip_Tat_040	MP_Hip_Tat_040
FM_Hip_F_Tat_041	mpHipster_overlays	update/update.rpf/dlc_patch/mphipster/common/data/effects/peds/mphipster_overlays.xml	ZONE_TORSO	TYPE_TATTOO	GENDER_FEMALE	0.100000	0.370000	0.070000	0.070000	0.000000	MP_Hip_Tat_041	MP_Hip_Tat_041
FM_Hip_F_Tat_042	mpHipster_overlays	update/update.rpf/dlc_patch/mphipster/common/data/effects/peds/mphipster_overlays.xml	ZONE_RIGHT_LEG	TYPE_TATTOO	GENDER_FEMALE	0.750000	0.350000	0.150000	0.150000	0.000000	MP_Hip_Tat_042	MP_Hip_Tat_042
FM_Hip_F_Tat_043	mpHipster_overlays	update/update.rpf/dlc_patch/mphipster/common/data/effects/peds/mphipster_overlays.xml	ZONE_LEFT_ARM	TYPE_TATTOO	GENDER_FEMALE	0.527000	0.900000	0.050000	0.050000	0.000000	MP_Hip_Tat_043	MP_Hip_Tat_043
FM_Hip_F_Tat_044	mpHipster_overlays	update/update.rpf/dlc_patch/mphipster/common/data/effects/peds/mphipster_overlays.xml	ZONE_RIGHT_ARM	TYPE_TATTOO	GENDER_FEMALE	0.527000	0.900000	0.050000	0.050000	0.000000	MP_Hip_Tat_044	MP_Hip_Tat_044
FM_Hip_F_Tat_045	mpHipster_overlays	update/update.rpf/dlc_patch/mphipster/common/data/effects/peds/mphipster_overlays.xml	ZONE_RIGHT_ARM	TYPE_TATTOO	GENDER_FEMALE	0.527000	0.550000	0.170000	0.250000	0.000000	MP_Hip_Tat_045	MP_Hip_Tat_045
FM_Hip_F_Tat_046	mpHipster_overlays	update/update.rpf/dlc_patch/mphipster/common/data/effects/peds/mphipster_overlays.xml	ZONE_TORSO	TYPE_TATTOO	GENDER_FEMALE	0.227000	0.740000	0.070000	0.070000	0.000000	MP_Hip_Tat_046	MP_Hip_Tat_046
FM_Hip_F_Tat_047	mpHipster_overlays	update/update.rpf/dlc_patch/mphipster/common/data/effects/peds/mphipster_overlays.xml	ZONE_TORSO	TYPE_TATTOO	GENDER_FEMALE	-0.173000	0.610000	0.100000	0.100000	0.000000	MP_Hip_Tat_047	MP_Hip_Tat_047
FM_Hip_F_Tat_048	mpHipster_overlays	update/update.rpf/dlc_patch/mphipster/common/data/effects/peds/mphipster_overlays.xml	ZONE_LEFT_ARM	TYPE_TATTOO	GENDER_FEMALE	0.400000	0.220000	0.050000	0.050000	0.000000	MP_Hip_Tat_048	MP_Hip_Tat_048
FM_Hip_M_Tshirt_000	mpHipster_overlays	update/update.rpf/dlc_patch/mphipster/common/data/effects/peds/mphipster_overlays.xml	ZONE_TORSO	TYPE_BADGE	GENDER_MALE	0.738000	0.590000	0.300000	0.300000	0.000000	MP_Hip_Tshirt_011	MP_Hip_Tshirt_011
FM_Hip_M_Tshirt_001	mpHipster_overlays	update/update.rpf/dlc_patch/mphipster/common/data/effects/peds/mphipster_overlays.xml	ZONE_TORSO	TYPE_BADGE	GENDER_MALE	0.738000	0.590000	0.200000	0.180000	0.000000	MP_Hip_Tshirt_012	MP_Hip_Tshirt_012
FM_Hip_M_Tshirt_002	mpHipster_overlays	update/update.rpf/dlc_patch/mphipster/common/data/effects/peds/mphipster_overlays.xml	ZONE_TORSO	TYPE_BADGE	GENDER_MALE	0.738000	0.600000	0.150000	0.150000	0.000000	MP_Hip_Tshirt_013	MP_Hip_Tshirt_013
FM_Hip_M_Tshirt_003	mpHipster_overlays	update/update.rpf/dlc_patch/mphipster/common/data/effects/peds/mphipster_overlays.xml	ZONE_TORSO	TYPE_BADGE	GENDER_MALE	0.738000	0.540000	0.210000	0.210000	0.000000	MP_Hip_Tshirt_014	MP_Hip_Tshirt_014
FM_Hip_M_Tshirt_004	mpHipster_overlays	update/update.rpf/dlc_patch/mphipster/common/data/effects/peds/mphipster_overlays.xml	ZONE_TORSO	TYPE_BADGE	GENDER_MALE	0.738000	0.640000	0.160000	0.160000	0.000000	MP_Hip_Tshirt_015	MP_Hip_Tshirt_015
FM_Hip_M_Tshirt_005	mpHipster_overlays	update/update.rpf/dlc_patch/mphipster/common/data/effects/peds/mphipster_overlays.xml	ZONE_TORSO	TYPE_BADGE	GENDER_MALE	0.738000	0.590000	0.200000	0.200000	0.000000	MP_Hip_Tshirt_016	MP_Hip_Tshirt_016
FM_Hip_M_Tshirt_006	mpHipster_overlays	update/update.rpf/dlc_patch/mphipster/common/data/effects/peds/mphipster_overlays.xml	ZONE_TORSO	TYPE_BADGE	GENDER_MALE	0.738000	0.550000	0.260000	0.260000	0.000000	MP_Hip_Tshirt_017	MP_Hip_Tshirt_017
FM_Hip_M_Tshirt_007	mpHipster_overlays	update/update.rpf/dlc_patch/mphipster/common/data/effects/peds/mphipster_overlays.xml	ZONE_TORSO	TYPE_BADGE	GENDER_MALE	0.738000	0.620000	0.180000	0.180000	0.000000	MP_Hip_Tshirt_018	MP_Hip_Tshirt_018
FM_Hip_M_Tshirt_008	mpHipster_overlays	update/update.rpf/dlc_patch/mphipster/common/data/effects/peds/mphipster_overlays.xml	ZONE_TORSO	TYPE_BADGE	GENDER_MALE	0.738000	0.580000	0.180000	0.180000	0.000000	MP_Hip_Tshirt_009	MP_Hip_Tshirt_009
FM_Hip_M_Tshirt_009	mpHipster_overlays	update/update.rpf/dlc_patch/mphipster/common/data/effects/peds/mphipster_overlays.xml	ZONE_TORSO	TYPE_BADGE	GENDER_MALE	0.738000	0.580000	0.180000	0.180000	0.000000	MP_Hip_Tshirt_003	MP_Hip_Tshirt_003
FM_Hip_M_Tshirt_010	mpHipster_overlays	update/update.rpf/dlc_patch/mphipster/common/data/effects/peds/mphipster_overlays.xml	ZONE_TORSO	TYPE_BADGE	GENDER_MALE	0.738000	0.600000	0.180000	0.180000	0.000000	MP_Hip_Tshirt_022	MP_Hip_Tshirt_022
FM_Hip_M_Tshirt_011	mpHipster_overlays	update/update.rpf/dlc_patch/mphipster/common/data/effects/peds/mphipster_overlays.xml	ZONE_TORSO	TYPE_BADGE	GENDER_MALE	0.738000	0.620000	0.180000	0.180000	0.000000	MP_Hip_Tshirt_006	MP_Hip_Tshirt_006
FM_Hip_M_Tshirt_012	mpHipster_overlays	update/update.rpf/dlc_patch/mphipster/common/data/effects/peds/mphipster_overlays.xml	ZONE_TORSO	TYPE_BADGE	GENDER_MALE	0.738000	0.560000	0.180000	0.180000	0.000000	MP_Hip_Tshirt_001	MP_Hip_Tshirt_001
FM_Hip_M_Tshirt_013	mpHipster_overlays	update/update.rpf/dlc_patch/mphipster/common/data/effects/peds/mphipster_overlays.xml	ZONE_TORSO	TYPE_BADGE	GENDER_MALE	0.738000	0.560000	0.180000	0.180000	0.000000	MP_Hip_Tshirt_000	MP_Hip_Tshirt_000
FM_Hip_M_Tshirt_014	mpHipster_overlays	update/update.rpf/dlc_patch/mphipster/common/data/effects/peds/mphipster_overlays.xml	ZONE_TORSO	TYPE_BADGE	GENDER_MALE	0.738000	0.570000	0.250000	0.250000	0.000000	MP_Hip_Tshirt_008	MP_Hip_Tshirt_008
FM_Hip_M_Tshirt_015	mpHipster_overlays	update/update.rpf/dlc_patch/mphipster/common/data/effects/peds/mphipster_overlays.xml	ZONE_TORSO	TYPE_BADGE	GENDER_MALE	0.738000	0.570000	0.200000	0.200000	0.000000	MP_Hip_Tshirt_007	MP_Hip_Tshirt_007
FM_Hip_M_Tshirt_016	mpHipster_overlays	update/update.rpf/dlc_patch/mphipster/common/data/effects/peds/mphipster_overlays.xml	ZONE_TORSO	TYPE_BADGE	GENDER_MALE	0.738000	0.630000	0.200000	0.200000	0.000000	MP_Hip_Tshirt_010	MP_Hip_Tshirt_010
FM_Hip_M_Tshirt_017	mpHipster_overlays	update/update.rpf/dlc_patch/mphipster/common/data/effects/peds/mphipster_overlays.xml	ZONE_TORSO	TYPE_BADGE	GENDER_MALE	0.738000	0.600000	0.200000	0.200000	0.000000	MP_Hip_Tshirt_005	MP_Hip_Tshirt_005
FM_Hip_M_Tshirt_018	mpHipster_overlays	update/update.rpf/dlc_patch/mphipster/common/data/effects/peds/mphipster_overlays.xml	ZONE_TORSO	TYPE_BADGE	GENDER_MALE	0.738000	0.600000	0.300000	0.260000	0.000000	MP_Hip_Tshirt_004	MP_Hip_Tshirt_004
FM_Hip_M_Tshirt_019	mpHipster_overlays	update/update.rpf/dlc_patch/mphipster/common/data/effects/peds/mphipster_overlays.xml	ZONE_TORSO	TYPE_BADGE	GENDER_MALE	0.738000	0.600000	0.170000	0.170000	0.000000	MP_Hip_Tshirt_020	MP_Hip_Tshirt_020
FM_Hip_M_Tshirt_020	mpHipster_overlays	update/update.rpf/dlc_patch/mphipster/common/data/effects/peds/mphipster_overlays.xml	ZONE_TORSO	TYPE_BADGE	GENDER_MALE	0.800000	0.500000	0.270000	0.270000	0.000000	MP_Hip_Tshirt_021	MP_Hip_Tshirt_021
FM_Hip_M_Tshirt_021	mpHipster_overlays	update/update.rpf/dlc_patch/mphipster/common/data/effects/peds/mphipster_overlays.xml	ZONE_TORSO	TYPE_BADGE	GENDER_MALE	0.738000	0.630000	0.180000	0.180000	0.000000	MP_Hip_Tshirt_019	MP_Hip_Tshirt_019
FM_Hip_M_Tshirt_022	mpHipster_overlays	update/update.rpf/dlc_patch/mphipster/common/data/effects/peds/mphipster_overlays.xml	ZONE_TORSO	TYPE_BADGE	GENDER_MALE	0.738000	0.600000	0.180000	0.180000	0.000000	MP_Hip_Tshirt_002	MP_Hip_Tshirt_002
FM_Hip_F_Tshirt_000	mpHipster_overlays	update/update.rpf/dlc_patch/mphipster/common/data/effects/peds/mphipster_overlays.xml	ZONE_TORSO	TYPE_BADGE	GENDER_FEMALE	0.710000	0.560000	0.300000	0.300000	0.000000	MP_Hip_Tshirt_011	MP_Hip_Tshirt_011
FM_Hip_F_Tshirt_001	mpHipster_overlays	update/update.rpf/dlc_patch/mphipster/common/data/effects/peds/mphipster_overlays.xml	ZONE_TORSO	TYPE_BADGE	GENDER_FEMALE	0.714000	0.590000	0.200000	0.180000	0.000000	MP_Hip_Tshirt_012	MP_Hip_Tshirt_012
FM_Hip_F_Tshirt_002	mpHipster_overlays	update/update.rpf/dlc_patch/mphipster/common/data/effects/peds/mphipster_overlays.xml	ZONE_TORSO	TYPE_BADGE	GENDER_FEMALE	0.710000	0.600000	0.150000	0.150000	0.000000	MP_Hip_Tshirt_013	MP_Hip_Tshirt_013
FM_Hip_F_Tshirt_003	mpHipster_overlays	update/update.rpf/dlc_patch/mphipster/common/data/effects/peds/mphipster_overlays.xml	ZONE_TORSO	TYPE_BADGE	GENDER_FEMALE	0.714000	0.540000	0.220000	0.220000	0.000000	MP_Hip_Tshirt_014	MP_Hip_Tshirt_014
FM_Hip_F_Tshirt_004	mpHipster_overlays	update/update.rpf/dlc_patch/mphipster/common/data/effects/peds/mphipster_overlays.xml	ZONE_TORSO	TYPE_BADGE	GENDER_FEMALE	0.714000	0.660000	0.160000	0.160000	0.000000	MP_Hip_Tshirt_015	MP_Hip_Tshirt_015
FM_Hip_F_Tshirt_005	mpHipster_overlays	update/update.rpf/dlc_patch/mphipster/common/data/effects/peds/mphipster_overlays.xml	ZONE_TORSO	TYPE_BADGE	GENDER_FEMALE	0.714000	0.590000	0.200000	0.200000	0.000000	MP_Hip_Tshirt_016	MP_Hip_Tshirt_016
FM_Hip_F_Tshirt_006	mpHipster_overlays	update/update.rpf/dlc_patch/mphipster/common/data/effects/peds/mphipster_overlays.xml	ZONE_TORSO	TYPE_BADGE	GENDER_FEMALE	0.714000	0.570000	0.260000	0.280000	0.000000	MP_Hip_Tshirt_017	MP_Hip_Tshirt_017
FM_Hip_F_Tshirt_007	mpHipster_overlays	update/update.rpf/dlc_patch/mphipster/common/data/effects/peds/mphipster_overlays.xml	ZONE_TORSO	TYPE_BADGE	GENDER_FEMALE	0.714000	0.620000	0.180000	0.180000	0.000000	MP_Hip_Tshirt_018	MP_Hip_Tshirt_018
FM_Hip_F_Tshirt_008	mpHipster_overlays	update/update.rpf/dlc_patch/mphipster/common/data/effects/peds/mphipster_overlays.xml	ZONE_TORSO	TYPE_BADGE	GENDER_FEMALE	0.714000	0.580000	0.180000	0.180000	0.000000	MP_Hip_Tshirt_009	MP_Hip_Tshirt_009
FM_Hip_F_Tshirt_009	mpHipster_overlays	update/update.rpf/dlc_patch/mphipster/common/data/effects/peds/mphipster_overlays.xml	ZONE_TORSO	TYPE_BADGE	GENDER_FEMALE	0.714000	0.580000	0.180000	0.180000	0.000000	MP_Hip_Tshirt_003	MP_Hip_Tshirt_003
FM_Hip_F_Tshirt_010	mpHipster_overlays	update/update.rpf/dlc_patch/mphipster/common/data/effects/peds/mphipster_overlays.xml	ZONE_TORSO	TYPE_BADGE	GENDER_FEMALE	0.714000	0.600000	0.180000	0.180000	0.000000	MP_Hip_Tshirt_022	MP_Hip_Tshirt_022
FM_Hip_F_Tshirt_011	mpHipster_overlays	update/update.rpf/dlc_patch/mphipster/common/data/effects/peds/mphipster_overlays.xml	ZONE_TORSO	TYPE_BADGE	GENDER_FEMALE	0.714000	0.620000	0.180000	0.180000	0.000000	MP_Hip_Tshirt_006	MP_Hip_Tshirt_006
FM_Hip_F_Tshirt_012	mpHipster_overlays	update/update.rpf/dlc_patch/mphipster/common/data/effects/peds/mphipster_overlays.xml	ZONE_TORSO	TYPE_BADGE	GENDER_FEMALE	0.714000	0.560000	0.180000	0.180000	0.000000	MP_Hip_Tshirt_001	MP_Hip_Tshirt_001
FM_Hip_F_Tshirt_013	mpHipster_overlays	update/update.rpf/dlc_patch/mphipster/common/data/effects/peds/mphipster_overlays.xml	ZONE_TORSO	TYPE_BADGE	GENDER_FEMALE	0.714000	0.560000	0.180000	0.180000	0.000000	MP_Hip_Tshirt_000	MP_Hip_Tshirt_000
FM_Hip_F_Tshirt_014	mpHipster_overlays	update/update.rpf/dlc_patch/mphipster/common/data/effects/peds/mphipster_overlays.xml	ZONE_TORSO	TYPE_BADGE	GENDER_FEMALE	0.714000	0.570000	0.250000	0.250000	0.000000	MP_Hip_Tshirt_008	MP_Hip_Tshirt_008
FM_Hip_F_Tshirt_015	mpHipster_overlays	update/update.rpf/dlc_patch/mphipster/common/data/effects/peds/mphipster_overlays.xml	ZONE_TORSO	TYPE_BADGE	GENDER_FEMALE	0.714000	0.570000	0.200000	0.200000	0.000000	MP_Hip_Tshirt_007	MP_Hip_Tshirt_007
FM_Hip_F_Tshirt_016	mpHipster_overlays	update/update.rpf/dlc_patch/mphipster/common/data/effects/peds/mphipster_overlays.xml	ZONE_TORSO	TYPE_BADGE	GENDER_FEMALE	0.714000	0.630000	0.200000	0.200000	0.000000	MP_Hip_Tshirt_010	MP_Hip_Tshirt_010
FM_Hip_F_Tshirt_017	mpHipster_overlays	update/update.rpf/dlc_patch/mphipster/common/data/effects/peds/mphipster_overlays.xml	ZONE_TORSO	TYPE_BADGE	GENDER_FEMALE	0.714000	0.600000	0.200000	0.200000	0.000000	MP_Hip_Tshirt_005	MP_Hip_Tshirt_005
FM_Hip_F_Tshirt_018	mpHipster_overlays	update/update.rpf/dlc_patch/mphipster/common/data/effects/peds/mphipster_overlays.xml	ZONE_TORSO	TYPE_BADGE	GENDER_FEMALE	0.714000	0.600000	0.300000	0.260000	0.000000	MP_Hip_Tshirt_004	MP_Hip_Tshirt_004
FM_Hip_F_Tshirt_019	mpHipster_overlays	update/update.rpf/dlc_patch/mphipster/common/data/effects/peds/mphipster_overlays.xml	ZONE_TORSO	TYPE_BADGE	GENDER_FEMALE	0.714000	0.600000	0.170000	0.170000	0.000000	MP_Hip_Tshirt_020	MP_Hip_Tshirt_020
FM_Hip_F_Tshirt_020	mpHipster_overlays	update/update.rpf/dlc_patch/mphipster/common/data/effects/peds/mphipster_overlays.xml	ZONE_TORSO	TYPE_BADGE	GENDER_FEMALE	0.780000	0.500000	0.270000	0.270000	0.000000	MP_Hip_Tshirt_021	MP_Hip_Tshirt_021
FM_Hip_F_Tshirt_021	mpHipster_overlays	update/update.rpf/dlc_patch/mphipster/common/data/effects/peds/mphipster_overlays.xml	ZONE_TORSO	TYPE_BADGE	GENDER_FEMALE	0.714000	0.630000	0.180000	0.180000	0.000000	MP_Hip_Tshirt_019	MP_Hip_Tshirt_019
FM_Hip_F_Tshirt_022	mpHipster_overlays	update/update.rpf/dlc_patch/mphipster/common/data/effects/peds/mphipster_overlays.xml	ZONE_TORSO	TYPE_BADGE	GENDER_FEMALE	0.714000	0.600000	0.180000	0.180000	0.000000	MP_Hip_Tshirt_002	MP_Hip_Tshirt_002
FM_Hip_M_Retro_000	mpHipster_overlays	update/update.rpf/dlc_patch/mphipster/common/data/effects/peds/mphipster_overlays.xml	ZONE_TORSO	TYPE_BADGE	GENDER_MALE	0.738000	0.550000	0.250000	0.200000	0.000000	MP_Hip_OBrands_000	MP_Hip_OBrands_000
FM_Hip_M_Retro_001	mpHipster_overlays	update/update.rpf/dlc_patch/mphipster/common/data/effects/peds/mphipster_overlays.xml	ZONE_TORSO	TYPE_BADGE	GENDER_MALE	0.738000	0.590000	0.170000	0.170000	0.000000	MP_Hip_OBrands_001	MP_Hip_OBrands_001
FM_Hip_M_Retro_002	mpHipster_overlays	update/update.rpf/dlc_patch/mphipster/common/data/effects/peds/mphipster_overlays.xml	ZONE_TORSO	TYPE_BADGE	GENDER_MALE	0.738000	0.650000	0.200000	0.150000	0.000000	MP_Hip_OBrands_002	MP_Hip_OBrands_002
FM_Hip_M_Retro_003	mpHipster_overlays	update/update.rpf/dlc_patch/mphipster/common/data/effects/peds/mphipster_overlays.xml	ZONE_TORSO	TYPE_BADGE	GENDER_MALE	0.738000	0.650000	0.150000	0.150000	0.000000	MP_Hip_OBrands_003	MP_Hip_OBrands_003
FM_Hip_M_Retro_004	mpHipster_overlays	update/update.rpf/dlc_patch/mphipster/common/data/effects/peds/mphipster_overlays.xml	ZONE_TORSO	TYPE_BADGE	GENDER_MALE	0.738000	0.650000	0.150000	0.170000	0.000000	MP_Hip_OBrands_004	MP_Hip_OBrands_004
FM_Hip_M_Retro_005	mpHipster_overlays	update/update.rpf/dlc_patch/mphipster/common/data/effects/peds/mphipster_overlays.xml	ZONE_TORSO	TYPE_BADGE	GENDER_MALE	0.738000	0.650000	0.150000	0.170000	0.000000	MP_Hip_OBrands_005	MP_Hip_OBrands_005
FM_Hip_M_Retro_006	mpHipster_overlays	update/update.rpf/dlc_patch/mphipster/common/data/effects/peds/mphipster_overlays.xml	ZONE_TORSO	TYPE_BADGE	GENDER_MALE	0.750000	0.610000	0.150000	0.170000	0.000000	MP_Hip_OBrands_006	MP_Hip_OBrands_006
FM_Hip_M_Retro_007	mpHipster_overlays	update/update.rpf/dlc_patch/mphipster/common/data/effects/peds/mphipster_overlays.xml	ZONE_TORSO	TYPE_BADGE	GENDER_MALE	0.850000	0.520000	0.250000	0.300000	-90.000000	MP_Hip_OBrands_007	MP_Hip_OBrands_007
FM_Hip_M_Retro_008	mpHipster_overlays	update/update.rpf/dlc_patch/mphipster/common/data/effects/peds/mphipster_overlays.xml	ZONE_TORSO	TYPE_BADGE	GENDER_MALE	0.738000	0.620000	0.200000	0.200000	0.000000	MP_Hip_OBrands_008	MP_Hip_OBrands_008
FM_Hip_M_Retro_009	mpHipster_overlays	update/update.rpf/dlc_patch/mphipster/common/data/effects/peds/mphipster_overlays.xml	ZONE_TORSO	TYPE_BADGE	GENDER_MALE	0.738000	0.620000	0.150000	0.150000	0.000000	MP_Hip_OBrands_009	MP_Hip_OBrands_009
FM_Hip_M_Retro_010	mpHipster_overlays	update/update.rpf/dlc_patch/mphipster/common/data/effects/peds/mphipster_overlays.xml	ZONE_TORSO	TYPE_BADGE	GENDER_MALE	0.738000	0.620000	0.200000	0.200000	0.000000	MP_Hip_OBrands_010	MP_Hip_OBrands_010
FM_Hip_M_Retro_011	mpHipster_overlays	update/update.rpf/dlc_patch/mphipster/common/data/effects/peds/mphipster_overlays.xml	ZONE_TORSO	TYPE_BADGE	GENDER_MALE	0.738000	0.620000	0.200000	0.200000	0.000000	MP_Hip_OBrands_011	MP_Hip_OBrands_011
FM_Hip_M_Retro_012	mpHipster_overlays	update/update.rpf/dlc_patch/mphipster/common/data/effects/peds/mphipster_overlays.xml	ZONE_TORSO	TYPE_BADGE	GENDER_MALE	0.738000	0.610000	0.170000	0.170000	0.000000	MP_Hip_OBrands_012	MP_Hip_OBrands_012
FM_Hip_M_Retro_013	mpHipster_overlays	update/update.rpf/dlc_patch/mphipster/common/data/effects/peds/mphipster_overlays.xml	ZONE_TORSO	TYPE_BADGE	GENDER_MALE	0.738000	0.610000	0.150000	0.150000	0.000000	MP_Hip_OBrands_013	MP_Hip_OBrands_013
FM_Hip_F_Retro_000	mpHipster_overlays	update/update.rpf/dlc_patch/mphipster/common/data/effects/peds/mphipster_overlays.xml	ZONE_TORSO	TYPE_BADGE	GENDER_FEMALE	0.718000	0.550000	0.250000	0.200000	0.000000	MP_Hip_OBrands_000	MP_Hip_OBrands_000
FM_Hip_F_Retro_001	mpHipster_overlays	update/update.rpf/dlc_patch/mphipster/common/data/effects/peds/mphipster_overlays.xml	ZONE_TORSO	TYPE_BADGE	GENDER_FEMALE	0.718000	0.620000	0.170000	0.170000	0.000000	MP_Hip_OBrands_001	MP_Hip_OBrands_001
FM_Hip_F_Retro_002	mpHipster_overlays	update/update.rpf/dlc_patch/mphipster/common/data/effects/peds/mphipster_overlays.xml	ZONE_TORSO	TYPE_BADGE	GENDER_FEMALE	0.718000	0.680000	0.200000	0.150000	0.000000	MP_Hip_OBrands_002	MP_Hip_OBrands_002
FM_Hip_F_Retro_003	mpHipster_overlays	update/update.rpf/dlc_patch/mphipster/common/data/effects/peds/mphipster_overlays.xml	ZONE_TORSO	TYPE_BADGE	GENDER_FEMALE	0.718000	0.650000	0.150000	0.150000	0.000000	MP_Hip_OBrands_003	MP_Hip_OBrands_003
FM_Hip_F_Retro_004	mpHipster_overlays	update/update.rpf/dlc_patch/mphipster/common/data/effects/peds/mphipster_overlays.xml	ZONE_TORSO	TYPE_BADGE	GENDER_FEMALE	0.718000	0.650000	0.150000	0.170000	0.000000	MP_Hip_OBrands_004	MP_Hip_OBrands_004
FM_Hip_F_Retro_005	mpHipster_overlays	update/update.rpf/dlc_patch/mphipster/common/data/effects/peds/mphipster_overlays.xml	ZONE_TORSO	TYPE_BADGE	GENDER_FEMALE	0.718000	0.650000	0.150000	0.170000	0.000000	MP_Hip_OBrands_005	MP_Hip_OBrands_005
FM_Hip_F_Retro_006	mpHipster_overlays	update/update.rpf/dlc_patch/mphipster/common/data/effects/peds/mphipster_overlays.xml	ZONE_TORSO	TYPE_BADGE	GENDER_FEMALE	0.730000	0.610000	0.150000	0.170000	0.000000	MP_Hip_OBrands_006	MP_Hip_OBrands_006
FM_Hip_F_Retro_007	mpHipster_overlays	update/update.rpf/dlc_patch/mphipster/common/data/effects/peds/mphipster_overlays.xml	ZONE_TORSO	TYPE_BADGE	GENDER_FEMALE	0.850000	0.520000	0.250000	0.300000	-90.000000	MP_Hip_OBrands_007	MP_Hip_OBrands_007
FM_Hip_F_Retro_008	mpHipster_overlays	update/update.rpf/dlc_patch/mphipster/common/data/effects/peds/mphipster_overlays.xml	ZONE_TORSO	TYPE_BADGE	GENDER_FEMALE	0.718000	0.650000	0.200000	0.200000	0.000000	MP_Hip_OBrands_008	MP_Hip_OBrands_008
FM_Hip_F_Retro_009	mpHipster_overlays	update/update.rpf/dlc_patch/mphipster/common/data/effects/peds/mphipster_overlays.xml	ZONE_TORSO	TYPE_BADGE	GENDER_FEMALE	0.718000	0.650000	0.150000	0.150000	0.000000	MP_Hip_OBrands_009	MP_Hip_OBrands_009
FM_Hip_F_Retro_010	mpHipster_overlays	update/update.rpf/dlc_patch/mphipster/common/data/effects/peds/mphipster_overlays.xml	ZONE_TORSO	TYPE_BADGE	GENDER_FEMALE	0.718000	0.650000	0.200000	0.200000	0.000000	MP_Hip_OBrands_010	MP_Hip_OBrands_010
FM_Hip_F_Retro_011	mpHipster_overlays	update/update.rpf/dlc_patch/mphipster/common/data/effects/peds/mphipster_overlays.xml	ZONE_TORSO	TYPE_BADGE	GENDER_FEMALE	0.718000	0.650000	0.200000	0.200000	0.000000	MP_Hip_OBrands_011	MP_Hip_OBrands_011
FM_Hip_F_Retro_012	mpHipster_overlays	update/update.rpf/dlc_patch/mphipster/common/data/effects/peds/mphipster_overlays.xml	ZONE_TORSO	TYPE_BADGE	GENDER_FEMALE	0.718000	0.630000	0.170000	0.170000	0.000000	MP_Hip_OBrands_012	MP_Hip_OBrands_012
FM_Hip_F_Retro_013	mpHipster_overlays	update/update.rpf/dlc_patch/mphipster/common/data/effects/peds/mphipster_overlays.xml	ZONE_TORSO	TYPE_BADGE	GENDER_FEMALE	0.718000	0.610000	0.150000	0.150000	0.000000	MP_Hip_OBrands_013	MP_Hip_OBrands_013
FM_F_Hair_017_a	mpHipster_overlays	update/update.rpf/dlc_patch/mphipster/common/data/effects/peds/mphipster_overlays.xml	ZONE_HEAD	TYPE_TATTOO	GENDER_FEMALE	0.500000	0.500000	0.600000	0.500000	0.000000	F_Beach_Hair_001_A	F_Beach_Hair_001_A
FM_F_Hair_017_b	mpHipster_overlays	update/update.rpf/dlc_patch/mphipster/common/data/effects/peds/mphipster_overlays.xml	ZONE_HEAD	TYPE_TATTOO	GENDER_FEMALE	0.500000	0.500000	0.600000	0.500000	0.000000	F_Beach_Hair_001_B	F_Beach_Hair_001_B
FM_F_Hair_017_c	mpHipster_overlays	update/update.rpf/dlc_patch/mphipster/common/data/effects/peds/mphipster_overlays.xml	ZONE_HEAD	TYPE_TATTOO	GENDER_FEMALE	0.500000	0.500000	0.600000	0.500000	0.000000	F_Beach_Hair_001_C	F_Beach_Hair_001_C
FM_F_Hair_017_d	mpHipster_overlays	update/update.rpf/dlc_patch/mphipster/common/data/effects/peds/mphipster_overlays.xml	ZONE_HEAD	TYPE_TATTOO	GENDER_FEMALE	0.500000	0.500000	0.600000	0.500000	0.000000	F_Beach_Hair_001_D	F_Beach_Hair_001_D
FM_F_Hair_017_e	mpHipster_overlays	update/update.rpf/dlc_patch/mphipster/common/data/effects/peds/mphipster_overlays.xml	ZONE_HEAD	TYPE_TATTOO	GENDER_FEMALE	0.500000	0.500000	0.600000	0.500000	0.000000	F_Beach_Hair_001_E	F_Beach_Hair_001_E
FM_F_Hair_020_a	mpHipster_overlays	update/update.rpf/dlc_patch/mphipster/common/data/effects/peds/mphipster_overlays.xml	ZONE_HEAD	TYPE_TATTOO	GENDER_FEMALE	0.500000	0.500000	0.600000	0.500000	0.000000	F_Business_Hair_001_A	F_Business_Hair_001_A
FM_F_Hair_020_b	mpHipster_overlays	update/update.rpf/dlc_patch/mphipster/common/data/effects/peds/mphipster_overlays.xml	ZONE_HEAD	TYPE_TATTOO	GENDER_FEMALE	0.500000	0.500000	0.600000	0.500000	0.000000	F_Business_Hair_001_B	F_Business_Hair_001_B
FM_F_Hair_020_c	mpHipster_overlays	update/update.rpf/dlc_patch/mphipster/common/data/effects/peds/mphipster_overlays.xml	ZONE_HEAD	TYPE_TATTOO	GENDER_FEMALE	0.500000	0.500000	0.600000	0.500000	0.000000	F_Business_Hair_001_C	F_Business_Hair_001_C
FM_F_Hair_020_d	mpHipster_overlays	update/update.rpf/dlc_patch/mphipster/common/data/effects/peds/mphipster_overlays.xml	ZONE_HEAD	TYPE_TATTOO	GENDER_FEMALE	0.500000	0.500000	0.600000	0.500000	0.000000	F_Business_Hair_001_D	F_Business_Hair_001_D
FM_F_Hair_020_e	mpHipster_overlays	update/update.rpf/dlc_patch/mphipster/common/data/effects/peds/mphipster_overlays.xml	ZONE_HEAD	TYPE_TATTOO	GENDER_FEMALE	0.500000	0.500000	0.600000	0.500000	0.000000	F_Business_Hair_001_E	F_Business_Hair_001_E
FM_Disc_M_Hair_001_a	mpHipster_overlays	update/update.rpf/dlc_patch/mphipster/common/data/effects/peds/mphipster_overlays.xml	ZONE_HEAD	TYPE_TATTOO	GENDER_MALE	0.500000	0.500000	0.600000	0.500000	0.000000	M_Disc_Hair_001_A	M_Disc_Hair_001_A
FM_Disc_M_Hair_001_b	mpHipster_overlays	update/update.rpf/dlc_patch/mphipster/common/data/effects/peds/mphipster_overlays.xml	ZONE_HEAD	TYPE_TATTOO	GENDER_MALE	0.500000	0.500000	0.600000	0.500000	0.000000	M_Disc_Hair_001_B	M_Disc_Hair_001_B
FM_Disc_M_Hair_001_c	mpHipster_overlays	update/update.rpf/dlc_patch/mphipster/common/data/effects/peds/mphipster_overlays.xml	ZONE_HEAD	TYPE_TATTOO	GENDER_MALE	0.500000	0.500000	0.600000	0.500000	0.000000	M_Disc_Hair_001_C	M_Disc_Hair_001_C
FM_Disc_M_Hair_001_d	mpHipster_overlays	update/update.rpf/dlc_patch/mphipster/common/data/effects/peds/mphipster_overlays.xml	ZONE_HEAD	TYPE_TATTOO	GENDER_MALE	0.500000	0.500000	0.600000	0.500000	0.000000	M_Disc_Hair_001_D	M_Disc_Hair_001_D
FM_Disc_M_Hair_001_e	mpHipster_overlays	update/update.rpf/dlc_patch/mphipster/common/data/effects/peds/mphipster_overlays.xml	ZONE_HEAD	TYPE_TATTOO	GENDER_MALE	0.500000	0.500000	0.600000	0.500000	0.000000	M_Disc_Hair_001_E	M_Disc_Hair_001_E
FM_Rstar_M_Tshirt_000	mpHipster_overlays	update/update.rpf/dlc_patch/mphipster/common/data/effects/peds/mphipster_overlays.xml	ZONE_TORSO	TYPE_BADGE	GENDER_MALE	0.738000	0.580000	0.180000	0.180000	0.000000	mp_Rstar_tshirt_000	mp_Rstar_tshirt_000
FM_Rstar_M_Tshirt_001	mpHipster_overlays	update/update.rpf/dlc_patch/mphipster/common/data/effects/peds/mphipster_overlays.xml	ZONE_TORSO	TYPE_BADGE	GENDER_MALE	0.738000	0.580000	0.180000	0.180000	0.000000	mp_Rstar_tshirt_001	mp_Rstar_tshirt_001
FM_Rstar_M_Tshirt_002	mpHipster_overlays	update/update.rpf/dlc_patch/mphipster/common/data/effects/peds/mphipster_overlays.xml	ZONE_TORSO	TYPE_BADGE	GENDER_MALE	0.738000	0.600000	0.140000	0.140000	0.000000	mp_Rstar_tshirt_002	mp_Rstar_tshirt_002
FM_Rstar_F_Tshirt_000	mpHipster_overlays	update/update.rpf/dlc_patch/mphipster/common/data/effects/peds/mphipster_overlays.xml	ZONE_TORSO	TYPE_BADGE	GENDER_FEMALE	0.720000	0.580000	0.180000	0.180000	0.000000	mp_Rstar_tshirt_000	mp_Rstar_tshirt_000
FM_Rstar_F_Tshirt_001	mpHipster_overlays	update/update.rpf/dlc_patch/mphipster/common/data/effects/peds/mphipster_overlays.xml	ZONE_TORSO	TYPE_BADGE	GENDER_FEMALE	0.720000	0.580000	0.180000	0.180000	0.000000	mp_Rstar_tshirt_001	mp_Rstar_tshirt_001
FM_Rstar_F_Tshirt_002	mpHipster_overlays	update/update.rpf/dlc_patch/mphipster/common/data/effects/peds/mphipster_overlays.xml	ZONE_TORSO	TYPE_BADGE	GENDER_FEMALE	0.720000	0.620000	0.120000	0.120000	0.000000	mp_Rstar_tshirt_002	mp_Rstar_tshirt_002
FM_Ind_M_Award_000	mpIndependence_overlays	update/update.rpf/dlc_patch/mpindependence/common/data/effects/peds/mpindependence_overlays.xml	ZONE_TORSO	TYPE_BADGE	GENDER_MALE	0.740000	0.550000	0.200000	0.220000	0.000000	MP_Ind_Award_Tshirt_000	MP_Ind_Award_Tshirt_000
FM_Ind_F_Award_000	mpIndependence_overlays	update/update.rpf/dlc_patch/mpindependence/common/data/effects/peds/mpindependence_overlays.xml	ZONE_TORSO	TYPE_BADGE	GENDER_FEMALE	0.740000	0.550000	0.200000	0.220000	0.000000	MP_Ind_Award_Tshirt_000	MP_Ind_Award_Tshirt_000
FM_Ind_M_Tshirt_000	mpIndependence_overlays	update/update.rpf/dlc_patch/mpindependence/common/data/effects/peds/mpindependence_overlays.xml	ZONE_TORSO	TYPE_BADGE	GENDER_MALE	0.740000	0.550000	0.160000	0.160000	0.000000	MP_Ind_Tshirt_000	MP_Ind_Tshirt_000
FM_Ind_M_Tshirt_001	mpIndependence_overlays	update/update.rpf/dlc_patch/mpindependence/common/data/effects/peds/mpindependence_overlays.xml	ZONE_TORSO	TYPE_BADGE	GENDER_MALE	0.740000	0.650000	0.160000	0.160000	0.000000	MP_Ind_Tshirt_001	MP_Ind_Tshirt_001
FM_Ind_M_Tshirt_002	mpIndependence_overlays	update/update.rpf/dlc_patch/mpindependence/common/data/effects/peds/mpindependence_overlays.xml	ZONE_TORSO	TYPE_BADGE	GENDER_MALE	0.740000	0.630000	0.160000	0.160000	0.000000	MP_Ind_Tshirt_002	MP_Ind_Tshirt_002
FM_Ind_M_Tshirt_003	mpIndependence_overlays	update/update.rpf/dlc_patch/mpindependence/common/data/effects/peds/mpindependence_overlays.xml	ZONE_TORSO	TYPE_BADGE	GENDER_MALE	0.740000	0.630000	0.160000	0.160000	0.000000	MP_Ind_Tshirt_003	MP_Ind_Tshirt_003
FM_Ind_M_Tshirt_004	mpIndependence_overlays	update/update.rpf/dlc_patch/mpindependence/common/data/effects/peds/mpindependence_overlays.xml	ZONE_TORSO	TYPE_BADGE	GENDER_MALE	0.740000	0.620000	0.160000	0.160000	0.000000	MP_Ind_Tshirt_004	MP_Ind_Tshirt_004
FM_Ind_M_Tshirt_005	mpIndependence_overlays	update/update.rpf/dlc_patch/mpindependence/common/data/effects/peds/mpindependence_overlays.xml	ZONE_TORSO	TYPE_BADGE	GENDER_MALE	0.726000	0.620000	0.160000	0.160000	0.000000	MP_Ind_Tshirt_005	MP_Ind_Tshirt_005
FM_Ind_M_Tshirt_006	mpIndependence_overlays	update/update.rpf/dlc_patch/mpindependence/common/data/effects/peds/mpindependence_overlays.xml	ZONE_TORSO	TYPE_BADGE	GENDER_MALE	0.738000	0.620000	0.160000	0.140000	0.000000	MP_Ind_Tshirt_006	MP_Ind_Tshirt_006
FM_Ind_M_Tshirt_007	mpIndependence_overlays	update/update.rpf/dlc_patch/mpindependence/common/data/effects/peds/mpindependence_overlays.xml	ZONE_TORSO	TYPE_BADGE	GENDER_MALE	0.726000	0.620000	0.160000	0.140000	0.000000	MP_Ind_Tshirt_007	MP_Ind_Tshirt_007
FM_Ind_M_Tshirt_008	mpIndependence_overlays	update/update.rpf/dlc_patch/mpindependence/common/data/effects/peds/mpindependence_overlays.xml	ZONE_TORSO	TYPE_BADGE	GENDER_MALE	0.736000	0.620000	0.160000	0.140000	0.000000	MP_Ind_Tshirt_008	MP_Ind_Tshirt_008
FM_Ind_M_Tshirt_009	mpIndependence_overlays	update/update.rpf/dlc_patch/mpindependence/common/data/effects/peds/mpindependence_overlays.xml	ZONE_TORSO	TYPE_BADGE	GENDER_MALE	0.736000	0.620000	0.160000	0.140000	0.000000	MP_Ind_Tshirt_009	MP_Ind_Tshirt_009
FM_Ind_M_Tshirt_010	mpIndependence_overlays	update/update.rpf/dlc_patch/mpindependence/common/data/effects/peds/mpindependence_overlays.xml	ZONE_TORSO	TYPE_BADGE	GENDER_MALE	0.736000	0.620000	0.160000	0.140000	0.000000	MP_Ind_Tshirt_010	MP_Ind_Tshirt_010
FM_Ind_M_Tshirt_011	mpIndependence_overlays	update/update.rpf/dlc_patch/mpindependence/common/data/effects/peds/mpindependence_overlays.xml	ZONE_TORSO	TYPE_BADGE	GENDER_MALE	0.736000	0.620000	0.160000	0.140000	0.000000	MP_Ind_Tshirt_011	MP_Ind_Tshirt_011
FM_Ind_M_Tshirt_012	mpIndependence_overlays	update/update.rpf/dlc_patch/mpindependence/common/data/effects/peds/mpindependence_overlays.xml	ZONE_TORSO	TYPE_BADGE	GENDER_MALE	0.736000	0.620000	0.180000	0.160000	0.000000	MP_Ind_Tshirt_012	MP_Ind_Tshirt_012
FM_Ind_M_Tshirt_013	mpIndependence_overlays	update/update.rpf/dlc_patch/mpindependence/common/data/effects/peds/mpindependence_overlays.xml	ZONE_TORSO	TYPE_BADGE	GENDER_MALE	0.736000	0.620000	0.180000	0.160000	0.000000	MP_Ind_Tshirt_013	MP_Ind_Tshirt_013
FM_Ind_M_Tshirt_014	mpIndependence_overlays	update/update.rpf/dlc_patch/mpindependence/common/data/effects/peds/mpindependence_overlays.xml	ZONE_TORSO	TYPE_BADGE	GENDER_MALE	0.734000	0.600000	0.140000	0.140000	0.000000	MP_Ind_Tshirt_014	MP_Ind_Tshirt_014
FM_Ind_M_Tshirt_015	mpIndependence_overlays	update/update.rpf/dlc_patch/mpindependence/common/data/effects/peds/mpindependence_overlays.xml	ZONE_TORSO	TYPE_BADGE	GENDER_MALE	0.734000	0.600000	0.180000	0.150000	0.000000	MP_Ind_Tshirt_015	MP_Ind_Tshirt_015
FM_Ind_M_Tshirt_016	mpIndependence_overlays	update/update.rpf/dlc_patch/mpindependence/common/data/effects/peds/mpindependence_overlays.xml	ZONE_TORSO	TYPE_BADGE	GENDER_MALE	0.734000	0.600000	0.180000	0.150000	0.000000	MP_Ind_Tshirt_016	MP_Ind_Tshirt_016
FM_Ind_M_Tshirt_017	mpIndependence_overlays	update/update.rpf/dlc_patch/mpindependence/common/data/effects/peds/mpindependence_overlays.xml	ZONE_TORSO	TYPE_BADGE	GENDER_MALE	0.734000	0.580000	0.180000	0.150000	0.000000	MP_Ind_Tshirt_017	MP_Ind_Tshirt_017
FM_Ind_M_Tshirt_018	mpIndependence_overlays	update/update.rpf/dlc_patch/mpindependence/common/data/effects/peds/mpindependence_overlays.xml	ZONE_TORSO	TYPE_BADGE	GENDER_MALE	0.734000	0.580000	0.180000	0.150000	0.000000	MP_Ind_Tshirt_018	MP_Ind_Tshirt_018
FM_Ind_M_Tshirt_019	mpIndependence_overlays	update/update.rpf/dlc_patch/mpindependence/common/data/effects/peds/mpindependence_overlays.xml	ZONE_TORSO	TYPE_BADGE	GENDER_MALE	0.714000	0.620000	0.180000	0.150000	0.000000	MP_Ind_Tshirt_019	MP_Ind_Tshirt_019
FM_Ind_M_Tshirt_020	mpIndependence_overlays	update/update.rpf/dlc_patch/mpindependence/common/data/effects/peds/mpindependence_overlays.xml	ZONE_TORSO	TYPE_BADGE	GENDER_MALE	0.734000	0.660000	0.180000	0.150000	0.000000	MP_Ind_Tshirt_020	MP_Ind_Tshirt_020
FM_Ind_M_Tshirt_021	mpIndependence_overlays	update/update.rpf/dlc_patch/mpindependence/common/data/effects/peds/mpindependence_overlays.xml	ZONE_TORSO	TYPE_BADGE	GENDER_MALE	0.734000	0.600000	0.140000	0.140000	0.000000	MP_Ind_Tshirt_021	MP_Ind_Tshirt_021
FM_Ind_M_Tshirt_022	mpIndependence_overlays	update/update.rpf/dlc_patch/mpindependence/common/data/effects/peds/mpindependence_overlays.xml	ZONE_TORSO	TYPE_BADGE	GENDER_MALE	0.734000	0.650000	0.150000	0.150000	0.000000	MP_Ind_Tshirt_022	MP_Ind_Tshirt_022
FM_Ind_M_Tshirt_023	mpIndependence_overlays	update/update.rpf/dlc_patch/mpindependence/common/data/effects/peds/mpindependence_overlays.xml	ZONE_TORSO	TYPE_BADGE	GENDER_MALE	0.743000	0.600000	0.150000	0.150000	0.000000	MP_Ind_Tshirt_023	MP_Ind_Tshirt_023
FM_Ind_M_Tshirt_024	mpIndependence_overlays	update/update.rpf/dlc_patch/mpindependence/common/data/effects/peds/mpindependence_overlays.xml	ZONE_TORSO	TYPE_BADGE	GENDER_MALE	0.743000	0.600000	0.150000	0.150000	0.000000	MP_Ind_Tshirt_024	MP_Ind_Tshirt_024
FM_Ind_M_Tshirt_025	mpIndependence_overlays	update/update.rpf/dlc_patch/mpindependence/common/data/effects/peds/mpindependence_overlays.xml	ZONE_TORSO	TYPE_BADGE	GENDER_MALE	0.736000	0.640000	0.150000	0.150000	0.000000	MP_Ind_Tshirt_025	MP_Ind_Tshirt_025
FM_Ind_M_Tshirt_026	mpIndependence_overlays	update/update.rpf/dlc_patch/mpindependence/common/data/effects/peds/mpindependence_overlays.xml	ZONE_TORSO	TYPE_BADGE	GENDER_MALE	0.743000	0.600000	0.150000	0.150000	0.000000	MP_Ind_Tshirt_026	MP_Ind_Tshirt_026
FM_Ind_F_Tshirt_000	mpIndependence_overlays	update/update.rpf/dlc_patch/mpindependence/common/data/effects/peds/mpindependence_overlays.xml	ZONE_TORSO	TYPE_BADGE	GENDER_FEMALE	0.726000	0.570000	0.160000	0.160000	0.000000	MP_Ind_Tshirt_000	MP_Ind_Tshirt_000
FM_Ind_F_Tshirt_001	mpIndependence_overlays	update/update.rpf/dlc_patch/mpindependence/common/data/effects/peds/mpindependence_overlays.xml	ZONE_TORSO	TYPE_BADGE	GENDER_FEMALE	0.726000	0.650000	0.160000	0.160000	0.000000	MP_Ind_Tshirt_001	MP_Ind_Tshirt_001
FM_Ind_F_Tshirt_002	mpIndependence_overlays	update/update.rpf/dlc_patch/mpindependence/common/data/effects/peds/mpindependence_overlays.xml	ZONE_TORSO	TYPE_BADGE	GENDER_FEMALE	0.722000	0.630000	0.160000	0.160000	0.000000	MP_Ind_Tshirt_002	MP_Ind_Tshirt_002
FM_Ind_F_Tshirt_003	mpIndependence_overlays	update/update.rpf/dlc_patch/mpindependence/common/data/effects/peds/mpindependence_overlays.xml	ZONE_TORSO	TYPE_BADGE	GENDER_FEMALE	0.722000	0.630000	0.160000	0.160000	0.000000	MP_Ind_Tshirt_003	MP_Ind_Tshirt_003
FM_Ind_F_Tshirt_004	mpIndependence_overlays	update/update.rpf/dlc_patch/mpindependence/common/data/effects/peds/mpindependence_overlays.xml	ZONE_TORSO	TYPE_BADGE	GENDER_FEMALE	0.726000	0.600000	0.160000	0.160000	0.000000	MP_Ind_Tshirt_004	MP_Ind_Tshirt_004
FM_Ind_F_Tshirt_005	mpIndependence_overlays	update/update.rpf/dlc_patch/mpindependence/common/data/effects/peds/mpindependence_overlays.xml	ZONE_TORSO	TYPE_BADGE	GENDER_FEMALE	0.710000	0.620000	0.160000	0.160000	0.000000	MP_Ind_Tshirt_005	MP_Ind_Tshirt_005
FM_Ind_F_Tshirt_006	mpIndependence_overlays	update/update.rpf/dlc_patch/mpindependence/common/data/effects/peds/mpindependence_overlays.xml	ZONE_TORSO	TYPE_BADGE	GENDER_FEMALE	0.726000	0.620000	0.160000	0.140000	0.000000	MP_Ind_Tshirt_006	MP_Ind_Tshirt_006
FM_Ind_F_Tshirt_007	mpIndependence_overlays	update/update.rpf/dlc_patch/mpindependence/common/data/effects/peds/mpindependence_overlays.xml	ZONE_TORSO	TYPE_BADGE	GENDER_FEMALE	0.726000	0.620000	0.160000	0.140000	0.000000	MP_Ind_Tshirt_007	MP_Ind_Tshirt_007
FM_Ind_F_Tshirt_008	mpIndependence_overlays	update/update.rpf/dlc_patch/mpindependence/common/data/effects/peds/mpindependence_overlays.xml	ZONE_TORSO	TYPE_BADGE	GENDER_FEMALE	0.710000	0.620000	0.160000	0.140000	0.000000	MP_Ind_Tshirt_008	MP_Ind_Tshirt_008
FM_Ind_F_Tshirt_009	mpIndependence_overlays	update/update.rpf/dlc_patch/mpindependence/common/data/effects/peds/mpindependence_overlays.xml	ZONE_TORSO	TYPE_BADGE	GENDER_FEMALE	0.710000	0.620000	0.160000	0.140000	0.000000	MP_Ind_Tshirt_009	MP_Ind_Tshirt_009
FM_Ind_F_Tshirt_010	mpIndependence_overlays	update/update.rpf/dlc_patch/mpindependence/common/data/effects/peds/mpindependence_overlays.xml	ZONE_TORSO	TYPE_BADGE	GENDER_FEMALE	0.710000	0.620000	0.160000	0.140000	0.000000	MP_Ind_Tshirt_010	MP_Ind_Tshirt_010
FM_Ind_F_Tshirt_011	mpIndependence_overlays	update/update.rpf/dlc_patch/mpindependence/common/data/effects/peds/mpindependence_overlays.xml	ZONE_TORSO	TYPE_BADGE	GENDER_FEMALE	0.710000	0.620000	0.160000	0.140000	0.000000	MP_Ind_Tshirt_011	MP_Ind_Tshirt_011
FM_Ind_F_Tshirt_012	mpIndependence_overlays	update/update.rpf/dlc_patch/mpindependence/common/data/effects/peds/mpindependence_overlays.xml	ZONE_TORSO	TYPE_BADGE	GENDER_FEMALE	0.726000	0.620000	0.180000	0.160000	0.000000	MP_Ind_Tshirt_012	MP_Ind_Tshirt_012
FM_Ind_F_Tshirt_013	mpIndependence_overlays	update/update.rpf/dlc_patch/mpindependence/common/data/effects/peds/mpindependence_overlays.xml	ZONE_TORSO	TYPE_BADGE	GENDER_FEMALE	0.726000	0.620000	0.180000	0.160000	0.000000	MP_Ind_Tshirt_013	MP_Ind_Tshirt_013
FM_Ind_F_Tshirt_014	mpIndependence_overlays	update/update.rpf/dlc_patch/mpindependence/common/data/effects/peds/mpindependence_overlays.xml	ZONE_TORSO	TYPE_BADGE	GENDER_FEMALE	0.710000	0.640000	0.100000	0.100000	0.000000	MP_Ind_Tshirt_014	MP_Ind_Tshirt_014
FM_Ind_F_Tshirt_015	mpIndependence_overlays	update/update.rpf/dlc_patch/mpindependence/common/data/effects/peds/mpindependence_overlays.xml	ZONE_TORSO	TYPE_BADGE	GENDER_FEMALE	0.726000	0.600000	0.180000	0.150000	0.000000	MP_Ind_Tshirt_015	MP_Ind_Tshirt_015
FM_Ind_F_Tshirt_016	mpIndependence_overlays	update/update.rpf/dlc_patch/mpindependence/common/data/effects/peds/mpindependence_overlays.xml	ZONE_TORSO	TYPE_BADGE	GENDER_FEMALE	0.726000	0.600000	0.180000	0.150000	0.000000	MP_Ind_Tshirt_016	MP_Ind_Tshirt_016
FM_Ind_F_Tshirt_017	mpIndependence_overlays	update/update.rpf/dlc_patch/mpindependence/common/data/effects/peds/mpindependence_overlays.xml	ZONE_TORSO	TYPE_BADGE	GENDER_FEMALE	0.715000	0.580000	0.180000	0.150000	0.000000	MP_Ind_Tshirt_017	MP_Ind_Tshirt_017
FM_Ind_F_Tshirt_018	mpIndependence_overlays	update/update.rpf/dlc_patch/mpindependence/common/data/effects/peds/mpindependence_overlays.xml	ZONE_TORSO	TYPE_BADGE	GENDER_FEMALE	0.715000	0.580000	0.180000	0.150000	0.000000	MP_Ind_Tshirt_018	MP_Ind_Tshirt_018
FM_Ind_F_Tshirt_019	mpIndependence_overlays	update/update.rpf/dlc_patch/mpindependence/common/data/effects/peds/mpindependence_overlays.xml	ZONE_TORSO	TYPE_BADGE	GENDER_FEMALE	0.690000	0.620000	0.180000	0.150000	0.000000	MP_Ind_Tshirt_019	MP_Ind_Tshirt_019
FM_Ind_F_Tshirt_020	mpIndependence_overlays	update/update.rpf/dlc_patch/mpindependence/common/data/effects/peds/mpindependence_overlays.xml	ZONE_TORSO	TYPE_BADGE	GENDER_FEMALE	0.700000	0.690000	0.180000	0.150000	0.000000	MP_Ind_Tshirt_020	MP_Ind_Tshirt_020
FM_Ind_F_Tshirt_021	mpIndependence_overlays	update/update.rpf/dlc_patch/mpindependence/common/data/effects/peds/mpindependence_overlays.xml	ZONE_TORSO	TYPE_BADGE	GENDER_FEMALE	0.710000	0.620000	0.140000	0.140000	0.000000	MP_Ind_Tshirt_021	MP_Ind_Tshirt_021
FM_Ind_F_Tshirt_022	mpIndependence_overlays	update/update.rpf/dlc_patch/mpindependence/common/data/effects/peds/mpindependence_overlays.xml	ZONE_TORSO	TYPE_BADGE	GENDER_FEMALE	0.726000	0.650000	0.150000	0.150000	0.000000	MP_Ind_Tshirt_022	MP_Ind_Tshirt_022
FM_Ind_F_Tshirt_023	mpIndependence_overlays	update/update.rpf/dlc_patch/mpindependence/common/data/effects/peds/mpindependence_overlays.xml	ZONE_TORSO	TYPE_BADGE	GENDER_FEMALE	0.726000	0.600000	0.150000	0.150000	0.000000	MP_Ind_Tshirt_023	MP_Ind_Tshirt_023
FM_Ind_F_Tshirt_024	mpIndependence_overlays	update/update.rpf/dlc_patch/mpindependence/common/data/effects/peds/mpindependence_overlays.xml	ZONE_TORSO	TYPE_BADGE	GENDER_FEMALE	0.726000	0.600000	0.150000	0.150000	0.000000	MP_Ind_Tshirt_024	MP_Ind_Tshirt_024
FM_Ind_F_Tshirt_025	mpIndependence_overlays	update/update.rpf/dlc_patch/mpindependence/common/data/effects/peds/mpindependence_overlays.xml	ZONE_TORSO	TYPE_BADGE	GENDER_FEMALE	0.726000	0.640000	0.150000	0.150000	0.000000	MP_Ind_Tshirt_025	MP_Ind_Tshirt_025
FM_Ind_F_Tshirt_026	mpIndependence_overlays	update/update.rpf/dlc_patch/mpindependence/common/data/effects/peds/mpindependence_overlays.xml	ZONE_TORSO	TYPE_BADGE	GENDER_FEMALE	0.743000	0.600000	0.150000	0.150000	0.000000	MP_Ind_Tshirt_026	MP_Ind_Tshirt_026
MP_2023_01_Hair_000_M	mp2023_01_overlays	update/x64/dlcpacks/mp2023_01/dlc.rpf/common/data/effects/peds/mp2023_01_overlays.xml	ZONE_HEAD	TYPE_TATTOO	GENDER_MALE	0.500000	0.500000	0.600000	0.500000	0.000000	MP_2023_01_Hair_000	MP_2023_01_Hair_000
MP_2023_01_Hair_001_F	mp2023_01_overlays	update/x64/dlcpacks/mp2023_01/dlc.rpf/common/data/effects/peds/mp2023_01_overlays.xml	ZONE_HEAD	TYPE_TATTOO	GENDER_FEMALE	0.500000	0.500000	0.600000	0.500000	0.000000	MP_2023_01_Hair_001	MP_2023_01_Hair_001
MP_2023_01_Hair_002_M	mp2023_01_overlays	update/x64/dlcpacks/mp2023_01/dlc.rpf/common/data/effects/peds/mp2023_01_overlays.xml	ZONE_HEAD	TYPE_TATTOO	GENDER_MALE	0.500000	0.500000	0.600000	0.500000	0.000000	MP_2023_01_Hair_002	MP_2023_01_Hair_002
MP_2023_01_Tee_000_M	mp2023_01_overlays	update/x64/dlcpacks/mp2023_01/dlc.rpf/common/data/effects/peds/mp2023_01_overlays.xml	ZONE_TORSO	TYPE_BADGE	GENDER_MALE	0.730000	0.665000	0.160000	0.160000	0.000000	MP_2023_01_Tee_000	MP_2023_01_Tee_000
MP_2023_01_Tee_000_F	mp2023_01_overlays	update/x64/dlcpacks/mp2023_01/dlc.rpf/common/data/effects/peds/mp2023_01_overlays.xml	ZONE_TORSO	TYPE_BADGE	GENDER_FEMALE	0.735000	0.680000	0.130000	0.130000	0.000000	MP_2023_01_Tee_000	MP_2023_01_Tee_000
MP_2023_01_Tee_001_M	mp2023_01_overlays	update/x64/dlcpacks/mp2023_01/dlc.rpf/common/data/effects/peds/mp2023_01_overlays.xml	ZONE_TORSO	TYPE_BADGE	GENDER_MALE	0.737000	0.710000	0.150000	0.150000	0.000000	MP_2023_01_Tee_001	MP_2023_01_Tee_001
MP_2023_01_Tee_001_F	mp2023_01_overlays	update/x64/dlcpacks/mp2023_01/dlc.rpf/common/data/effects/peds/mp2023_01_overlays.xml	ZONE_TORSO	TYPE_BADGE	GENDER_FEMALE	0.730000	0.690000	0.140000	0.140000	0.000000	MP_2023_01_Tee_001	MP_2023_01_Tee_001
MP_2023_01_Tee_002_M	mp2023_01_overlays	update/x64/dlcpacks/mp2023_01/dlc.rpf/common/data/effects/peds/mp2023_01_overlays.xml	ZONE_TORSO	TYPE_BADGE	GENDER_MALE	0.737000	0.660000	0.120000	0.120000	0.000000	MP_2023_01_Tee_002	MP_2023_01_Tee_002
MP_2023_01_Tee_002_F	mp2023_01_overlays	update/x64/dlcpacks/mp2023_01/dlc.rpf/common/data/effects/peds/mp2023_01_overlays.xml	ZONE_TORSO	TYPE_BADGE	GENDER_FEMALE	0.735000	0.660000	0.105000	0.105000	0.000000	MP_2023_01_Tee_002	MP_2023_01_Tee_002
MP_2023_01_Tee_003_M	mp2023_01_overlays	update/x64/dlcpacks/mp2023_01/dlc.rpf/common/data/effects/peds/mp2023_01_overlays.xml	ZONE_TORSO	TYPE_BADGE	GENDER_MALE	0.737000	0.650000	0.150000	0.140000	0.000000	MP_2023_01_Tee_003	MP_2023_01_Tee_003
MP_2023_01_Tee_003_F	mp2023_01_overlays	update/x64/dlcpacks/mp2023_01/dlc.rpf/common/data/effects/peds/mp2023_01_overlays.xml	ZONE_TORSO	TYPE_BADGE	GENDER_FEMALE	0.730000	0.660000	0.130000	0.110000	0.000000	MP_2023_01_Tee_003	MP_2023_01_Tee_003
MP_2023_01_Tee_004_M	mp2023_01_overlays	update/x64/dlcpacks/mp2023_01/dlc.rpf/common/data/effects/peds/mp2023_01_overlays.xml	ZONE_TORSO	TYPE_BADGE	GENDER_MALE	0.730000	0.690000	0.160000	0.160000	0.000000	MP_2023_01_Tee_004	MP_2023_01_Tee_004
MP_2023_01_Tee_004_F	mp2023_01_overlays	update/x64/dlcpacks/mp2023_01/dlc.rpf/common/data/effects/peds/mp2023_01_overlays.xml	ZONE_TORSO	TYPE_BADGE	GENDER_FEMALE	0.730000	0.710000	0.150000	0.150000	0.000000	MP_2023_01_Tee_004	MP_2023_01_Tee_004
MP_2023_01_Tee_005_M	mp2023_01_overlays	update/x64/dlcpacks/mp2023_01/dlc.rpf/common/data/effects/peds/mp2023_01_overlays.xml	ZONE_TORSO	TYPE_BADGE	GENDER_MALE	0.737000	0.600000	0.260000	0.260000	0.000000	MP_2023_01_Tee_005	MP_2023_01_Tee_005
MP_2023_01_Tee_005_F	mp2023_01_overlays	update/x64/dlcpacks/mp2023_01/dlc.rpf/common/data/effects/peds/mp2023_01_overlays.xml	ZONE_TORSO	TYPE_BADGE	GENDER_FEMALE	0.726000	0.590000	0.230000	0.230000	0.000000	MP_2023_01_Tee_005	MP_2023_01_Tee_005
MP_2023_01_Tee_006_M	mp2023_01_overlays	update/x64/dlcpacks/mp2023_01/dlc.rpf/common/data/effects/peds/mp2023_01_overlays.xml	ZONE_TORSO	TYPE_BADGE	GENDER_MALE	0.737000	0.650000	0.115000	0.115000	0.000000	MP_2023_01_Tee_006	MP_2023_01_Tee_006
MP_2023_01_Tee_006_F	mp2023_01_overlays	update/x64/dlcpacks/mp2023_01/dlc.rpf/common/data/effects/peds/mp2023_01_overlays.xml	ZONE_TORSO	TYPE_BADGE	GENDER_FEMALE	0.726000	0.650000	0.110000	0.100000	0.000000	MP_2023_01_Tee_006	MP_2023_01_Tee_006
MP_2023_01_Tee_007_M	mp2023_01_overlays	update/x64/dlcpacks/mp2023_01/dlc.rpf/common/data/effects/peds/mp2023_01_overlays.xml	ZONE_TORSO	TYPE_BADGE	GENDER_MALE	1.237000	0.770000	0.165000	0.170000	0.000000	MP_2023_01_Tee_007	MP_2023_01_Tee_007
MP_2023_01_Tee_007_F	mp2023_01_overlays	update/x64/dlcpacks/mp2023_01/dlc.rpf/common/data/effects/peds/mp2023_01_overlays.xml	ZONE_TORSO	TYPE_BADGE	GENDER_FEMALE	1.226000	0.775000	0.140000	0.140000	0.000000	MP_2023_01_Tee_007	MP_2023_01_Tee_007
MP_2023_02_Hair_000_M	mp2023_02_overlays	update/x64/dlcpacks/mp2023_02/dlc.rpf/common/data/effects/peds/mp2023_02_overlays.xml	ZONE_HEAD	TYPE_TATTOO	GENDER_MALE	0.500000	0.500000	0.600000	0.500000	0.000000	MP_2023_02_Hair_000	MP_2023_02_Hair_000
MP_2023_02_Hair_001_F	mp2023_02_overlays	update/x64/dlcpacks/mp2023_02/dlc.rpf/common/data/effects/peds/mp2023_02_overlays.xml	ZONE_HEAD	TYPE_TATTOO	GENDER_FEMALE	0.500000	0.500000	0.600000	0.500000	0.000000	MP_2023_02_Hair_001	MP_2023_02_Hair_001
MP_2023_02_Tat_000_M	mp2023_02_overlays	update/x64/dlcpacks/mp2023_02/dlc.rpf/common/data/effects/peds/mp2023_02_overlays.xml	ZONE_LEFT_ARM	TYPE_TATTOO	GENDER_MALE	0.430000	0.465000	0.130000	0.140000	0.000000	MP_2023_02_Tat_000	MP_2023_02_Tat_000
MP_2023_02_Tat_000_F	mp2023_02_overlays	update/x64/dlcpacks/mp2023_02/dlc.rpf/common/data/effects/peds/mp2023_02_overlays.xml	ZONE_LEFT_ARM	TYPE_TATTOO	GENDER_FEMALE	0.430000	0.410000	0.130000	0.148000	0.000000	MP_2023_02_Tat_000	MP_2023_02_Tat_000
MP_2023_02_Tat_001_M	mp2023_02_overlays	update/x64/dlcpacks/mp2023_02/dlc.rpf/common/data/effects/peds/mp2023_02_overlays.xml	ZONE_LEFT_ARM	TYPE_TATTOO	GENDER_MALE	0.485000	0.730000	0.070000	0.065000	-6.000000	MP_2023_02_Tat_001	MP_2023_02_Tat_001
MP_2023_02_Tat_001_F	mp2023_02_overlays	update/x64/dlcpacks/mp2023_02/dlc.rpf/common/data/effects/peds/mp2023_02_overlays.xml	ZONE_LEFT_ARM	TYPE_TATTOO	GENDER_FEMALE	0.510000	0.740000	0.065000	0.065000	-6.000000	MP_2023_02_Tat_001	MP_2023_02_Tat_001
MP_2023_02_Tat_002_M	mp2023_02_overlays	update/x64/dlcpacks/mp2023_02/dlc.rpf/common/data/effects/peds/mp2023_02_overlays.xml	ZONE_LEFT_ARM	TYPE_TATTOO	GENDER_MALE	0.520000	0.510000	0.110000	0.120000	-18.200000	MP_2023_02_Tat_002	MP_2023_02_Tat_002
MP_2023_02_Tat_002_F	mp2023_02_overlays	update/x64/dlcpacks/mp2023_02/dlc.rpf/common/data/effects/peds/mp2023_02_overlays.xml	ZONE_LEFT_ARM	TYPE_TATTOO	GENDER_FEMALE	0.500000	0.470000	0.120000	0.120000	-18.500000	MP_2023_02_Tat_002	MP_2023_02_Tat_002
MP_2023_02_Tat_003_M	mp2023_02_overlays	update/x64/dlcpacks/mp2023_02/dlc.rpf/common/data/effects/peds/mp2023_02_overlays.xml	ZONE_LEFT_ARM	TYPE_TATTOO	GENDER_MALE	0.580000	0.770000	0.100000	0.110000	8.000000	MP_2023_02_Tat_003	MP_2023_02_Tat_003
MP_2023_02_Tat_003_F	mp2023_02_overlays	update/x64/dlcpacks/mp2023_02/dlc.rpf/common/data/effects/peds/mp2023_02_overlays.xml	ZONE_LEFT_ARM	TYPE_TATTOO	GENDER_FEMALE	0.570000	0.780000	0.130000	0.130000	0.000000	MP_2023_02_Tat_003	MP_2023_02_Tat_003
MP_2023_02_Tat_004_M	mp2023_02_overlays	update/x64/dlcpacks/mp2023_02/dlc.rpf/common/data/effects/peds/mp2023_02_overlays.xml	ZONE_TORSO	TYPE_TATTOO	GENDER_MALE	0.220000	0.590000	0.150000	0.190000	0.000000	MP_2023_02_Tat_004	MP_2023_02_Tat_004
MP_2023_02_Tat_004_F	mp2023_02_overlays	update/x64/dlcpacks/mp2023_02/dlc.rpf/common/data/effects/peds/mp2023_02_overlays.xml	ZONE_TORSO	TYPE_TATTOO	GENDER_FEMALE	0.230000	0.680000	0.170000	0.150000	0.000000	MP_2023_02_Tat_004	MP_2023_02_Tat_004
MP_2023_02_Tat_005_M	mp2023_02_overlays	update/x64/dlcpacks/mp2023_02/dlc.rpf/common/data/effects/peds/mp2023_02_overlays.xml	ZONE_RIGHT_ARM	TYPE_TATTOO	GENDER_MALE	0.150000	0.520000	-0.080000	0.090000	0.000000	MP_2023_02_Tat_005	MP_2023_02_Tat_005
MP_2023_02_Tat_005_F	mp2023_02_overlays	update/x64/dlcpacks/mp2023_02/dlc.rpf/common/data/effects/peds/mp2023_02_overlays.xml	ZONE_RIGHT_ARM	TYPE_TATTOO	GENDER_FEMALE	0.160000	0.460000	-0.090000	0.100000	0.000000	MP_2023_02_Tat_005	MP_2023_02_Tat_005
MP_2023_02_Tat_006_M	mp2023_02_overlays	update/x64/dlcpacks/mp2023_02/dlc.rpf/common/data/effects/peds/mp2023_02_overlays.xml	ZONE_RIGHT_ARM	TYPE_TATTOO	GENDER_MALE	0.480000	0.710000	0.200000	0.260000	0.000000	MP_2023_02_Tat_006	MP_2023_02_Tat_006
MP_2023_02_Tat_006_F	mp2023_02_overlays	update/x64/dlcpacks/mp2023_02/dlc.rpf/common/data/effects/peds/mp2023_02_overlays.xml	ZONE_RIGHT_ARM	TYPE_TATTOO	GENDER_FEMALE	0.500000	0.700000	0.250000	0.280000	0.000000	MP_2023_02_Tat_006	MP_2023_02_Tat_006
MP_2023_02_Tat_007_M	mp2023_02_overlays	update/x64/dlcpacks/mp2023_02/dlc.rpf/common/data/effects/peds/mp2023_02_overlays.xml	ZONE_RIGHT_ARM	TYPE_TATTOO	GENDER_MALE	0.490000	0.800000	0.088000	0.175000	0.000000	MP_2023_02_Tat_007	MP_2023_02_Tat_007
MP_2023_02_Tat_007_F	mp2023_02_overlays	update/x64/dlcpacks/mp2023_02/dlc.rpf/common/data/effects/peds/mp2023_02_overlays.xml	ZONE_RIGHT_ARM	TYPE_TATTOO	GENDER_FEMALE	0.470000	0.800000	0.120000	0.195000	0.000000	MP_2023_02_Tat_007	MP_2023_02_Tat_007
MP_2023_02_Tat_008_M	mp2023_02_overlays	update/x64/dlcpacks/mp2023_02/dlc.rpf/common/data/effects/peds/mp2023_02_overlays.xml	ZONE_HEAD	TYPE_TATTOO	GENDER_MALE	1.580000	0.576000	0.080000	0.060000	-3.960000	MP_2023_02_Tat_008	MP_2023_02_Tat_008
MP_2023_02_Tat_008_F	mp2023_02_overlays	update/x64/dlcpacks/mp2023_02/dlc.rpf/common/data/effects/peds/mp2023_02_overlays.xml	ZONE_HEAD	TYPE_TATTOO	GENDER_FEMALE	1.575000	0.580000	0.075000	0.065000	-3.960000	MP_2023_02_Tat_008	MP_2023_02_Tat_008
MP_2023_02_Tat_009_M	mp2023_02_overlays	update/x64/dlcpacks/mp2023_02/dlc.rpf/common/data/effects/peds/mp2023_02_overlays.xml	ZONE_HEAD	TYPE_TATTOO	GENDER_MALE	1.4180000	0.615000	0.140000	0.140000	0.000000	MP_2023_02_Tat_009	MP_2023_02_Tat_009
MP_2023_02_Tat_009_F	mp2023_02_overlays	update/x64/dlcpacks/mp2023_02/dlc.rpf/common/data/effects/peds/mp2023_02_overlays.xml	ZONE_HEAD	TYPE_TATTOO	GENDER_FEMALE	1.420000	0.610000	0.160000	0.140000	0.000000	MP_2023_02_Tat_009	MP_2023_02_Tat_009
MP_2023_02_Tat_010_M	mp2023_02_overlays	update/x64/dlcpacks/mp2023_02/dlc.rpf/common/data/effects/peds/mp2023_02_overlays.xml	ZONE_HEAD	TYPE_TATTOO	GENDER_MALE	1.250000	0.290000	0.120000	0.170000	30.960000	MP_2023_02_Tat_010	MP_2023_02_Tat_010
MP_2023_02_Tat_010_F	mp2023_02_overlays	update/x64/dlcpacks/mp2023_02/dlc.rpf/common/data/effects/peds/mp2023_02_overlays.xml	ZONE_HEAD	TYPE_TATTOO	GENDER_FEMALE	1.240000	0.300000	0.130000	0.170000	29.160000	MP_2023_02_Tat_010	MP_2023_02_Tat_010
MP_2023_02_Tat_011_M	mp2023_02_overlays	update/x64/dlcpacks/mp2023_02/dlc.rpf/common/data/effects/peds/mp2023_02_overlays.xml	ZONE_HEAD	TYPE_TATTOO	GENDER_MALE	0.740000	0.290000	0.130000	0.170000	-22.320000	MP_2023_02_Tat_011	MP_2023_02_Tat_011
MP_2023_02_Tat_011_F	mp2023_02_overlays	update/x64/dlcpacks/mp2023_02/dlc.rpf/common/data/effects/peds/mp2023_02_overlays.xml	ZONE_HEAD	TYPE_TATTOO	GENDER_FEMALE	0.750000	0.300000	0.230000	0.100000	8.280000	MP_2023_02_Tat_011	MP_2023_02_Tat_011
MP_2023_02_Tat_012_M	mp2023_02_overlays	update/x64/dlcpacks/mp2023_02/dlc.rpf/common/data/effects/peds/mp2023_02_overlays.xml	ZONE_TORSO	TYPE_TATTOO	GENDER_MALE	0.230000	0.610000	0.170000	0.170000	0.000000	MP_2023_02_Tat_012	MP_2023_02_Tat_012
MP_2023_02_Tat_012_F	mp2023_02_overlays	update/x64/dlcpacks/mp2023_02/dlc.rpf/common/data/effects/peds/mp2023_02_overlays.xml	ZONE_TORSO	TYPE_TATTOO	GENDER_FEMALE	0.240000	0.670000	0.180000	0.130000	-2.000000	MP_2023_02_Tat_012	MP_2023_02_Tat_012
MP_2023_02_Tat_013_M	mp2023_02_overlays	update/x64/dlcpacks/mp2023_02/dlc.rpf/common/data/effects/peds/mp2023_02_overlays.xml	ZONE_LEFT_LEG	TYPE_TATTOO	GENDER_MALE	0.570000	0.700000	0.150000	0.140000	7.920000	MP_2023_02_Tat_013	MP_2023_02_Tat_013
MP_2023_02_Tat_013_F	mp2023_02_overlays	update/x64/dlcpacks/mp2023_02/dlc.rpf/common/data/effects/peds/mp2023_02_overlays.xml	ZONE_LEFT_LEG	TYPE_TATTOO	GENDER_FEMALE	0.580000	0.730000	0.120000	0.150000	7.920000	MP_2023_02_Tat_013	MP_2023_02_Tat_013
MP_2023_02_Tat_014_M	mp2023_02_overlays	update/x64/dlcpacks/mp2023_02/dlc.rpf/common/data/effects/peds/mp2023_02_overlays.xml	ZONE_LEFT_LEG	TYPE_TATTOO	GENDER_MALE	0.470000	0.390000	0.105000	0.105000	0.000000	MP_2023_02_Tat_014	MP_2023_02_Tat_014
MP_2023_02_Tat_014_F	mp2023_02_overlays	update/x64/dlcpacks/mp2023_02/dlc.rpf/common/data/effects/peds/mp2023_02_overlays.xml	ZONE_LEFT_LEG	TYPE_TATTOO	GENDER_FEMALE	0.470000	0.390000	0.115000	0.115000	0.000000	MP_2023_02_Tat_014	MP_2023_02_Tat_014
MP_2023_02_Tat_015_M	mp2023_02_overlays	update/x64/dlcpacks/mp2023_02/dlc.rpf/common/data/effects/peds/mp2023_02_overlays.xml	ZONE_LEFT_LEG	TYPE_TATTOO	GENDER_MALE	0.240000	0.410000	0.120000	0.120000	0.000000	MP_2023_02_Tat_015	MP_2023_02_Tat_015
MP_2023_02_Tat_015_F	mp2023_02_overlays	update/x64/dlcpacks/mp2023_02/dlc.rpf/common/data/effects/peds/mp2023_02_overlays.xml	ZONE_LEFT_LEG	TYPE_TATTOO	GENDER_FEMALE	0.210000	0.400000	0.120000	0.120000	0.000000	MP_2023_02_Tat_015	MP_2023_02_Tat_015
MP_2023_02_Tat_016_M	mp2023_02_overlays	update/x64/dlcpacks/mp2023_02/dlc.rpf/common/data/effects/peds/mp2023_02_overlays.xml	ZONE_RIGHT_LEG	TYPE_TATTOO	GENDER_MALE	0.800000	0.350000	-0.080000	0.100000	-4.000000	MP_2023_02_Tat_016	MP_2023_02_Tat_016
MP_2023_02_Tat_016_F	mp2023_02_overlays	update/x64/dlcpacks/mp2023_02/dlc.rpf/common/data/effects/peds/mp2023_02_overlays.xml	ZONE_RIGHT_LEG	TYPE_TATTOO	GENDER_FEMALE	0.810000	0.350000	-0.090000	0.100000	-4.000000	MP_2023_02_Tat_016	MP_2023_02_Tat_016
MP_2023_02_Tat_017_M	mp2023_02_overlays	update/x64/dlcpacks/mp2023_02/dlc.rpf/common/data/effects/peds/mp2023_02_overlays.xml	ZONE_RIGHT_LEG	TYPE_TATTOO	GENDER_MALE	0.490000	0.790000	0.100000	0.170000	0.000000	MP_2023_02_Tat_017	MP_2023_02_Tat_017
MP_2023_02_Tat_017_F	mp2023_02_overlays	update/x64/dlcpacks/mp2023_02/dlc.rpf/common/data/effects/peds/mp2023_02_overlays.xml	ZONE_RIGHT_LEG	TYPE_TATTOO	GENDER_FEMALE	0.490000	0.790000	0.100000	0.170000	-2.960000	MP_2023_02_Tat_017	MP_2023_02_Tat_017
MP_2023_02_Tat_018_M	mp2023_02_overlays	update/x64/dlcpacks/mp2023_02/dlc.rpf/common/data/effects/peds/mp2023_02_overlays.xml	ZONE_TORSO	TYPE_TATTOO	GENDER_MALE	0.220000	0.595000	0.180000	0.180000	0.000000	MP_2023_02_Tat_018	MP_2023_02_Tat_018
MP_2023_02_Tat_018_F	mp2023_02_overlays	update/x64/dlcpacks/mp2023_02/dlc.rpf/common/data/effects/peds/mp2023_02_overlays.xml	ZONE_TORSO	TYPE_TATTOO	GENDER_FEMALE	0.230000	0.680000	0.180000	0.140000	0.000000	MP_2023_02_Tat_018	MP_2023_02_Tat_018
MP_2023_02_Tat_019_M	mp2023_02_overlays	update/x64/dlcpacks/mp2023_02/dlc.rpf/common/data/effects/peds/mp2023_02_overlays.xml	ZONE_RIGHT_LEG	TYPE_TATTOO	GENDER_MALE	0.550000	0.370000	0.140000	0.140000	0.000000	MP_2023_02_Tat_019	MP_2023_02_Tat_019
MP_2023_02_Tat_019_F	mp2023_02_overlays	update/x64/dlcpacks/mp2023_02/dlc.rpf/common/data/effects/peds/mp2023_02_overlays.xml	ZONE_RIGHT_LEG	TYPE_TATTOO	GENDER_FEMALE	0.530000	0.350000	0.140000	0.120000	0.000000	MP_2023_02_Tat_019	MP_2023_02_Tat_019
MP_2023_02_Tat_020_M	mp2023_02_overlays	update/x64/dlcpacks/mp2023_02/dlc.rpf/common/data/effects/peds/mp2023_02_overlays.xml	ZONE_TORSO	TYPE_TATTOO	GENDER_MALE	0.225000	0.555000	0.210000	0.230000	0.000000	MP_2023_02_Tat_020	MP_2023_02_Tat_020
MP_2023_02_Tat_020_F	mp2023_02_overlays	update/x64/dlcpacks/mp2023_02/dlc.rpf/common/data/effects/peds/mp2023_02_overlays.xml	ZONE_TORSO	TYPE_TATTOO	GENDER_FEMALE	0.235000	0.660000	0.210000	0.180000	0.000000	MP_2023_02_Tat_020	MP_2023_02_Tat_020
MP_2023_02_Tat_021_M	mp2023_02_overlays	update/x64/dlcpacks/mp2023_02/dlc.rpf/common/data/effects/peds/mp2023_02_overlays.xml	ZONE_TORSO	TYPE_TATTOO	GENDER_MALE	0.235000	0.290000	0.130000	0.135000	0.000000	MP_2023_02_Tat_021	MP_2023_02_Tat_021
MP_2023_02_Tat_021_F	mp2023_02_overlays	update/x64/dlcpacks/mp2023_02/dlc.rpf/common/data/effects/peds/mp2023_02_overlays.xml	ZONE_TORSO	TYPE_TATTOO	GENDER_FEMALE	0.235000	0.430000	0.160000	0.110000	0.000000	MP_2023_02_Tat_021	MP_2023_02_Tat_021
MP_2023_02_Tat_022_M	mp2023_02_overlays	update/x64/dlcpacks/mp2023_02/dlc.rpf/common/data/effects/peds/mp2023_02_overlays.xml	ZONE_RIGHT_ARM	TYPE_TATTOO	GENDER_MALE	0.520000	0.860000	-0.100000	0.130000	0.000000	MP_2023_02_Tat_022	MP_2023_02_Tat_022
MP_2023_02_Tat_022_F	mp2023_02_overlays	update/x64/dlcpacks/mp2023_02/dlc.rpf/common/data/effects/peds/mp2023_02_overlays.xml	ZONE_RIGHT_ARM	TYPE_TATTOO	GENDER_FEMALE	0.480000	0.850000	-0.110000	0.135000	0.000000	MP_2023_02_Tat_022	MP_2023_02_Tat_022
MP_2023_02_Tat_023_M	mp2023_02_overlays	update/x64/dlcpacks/mp2023_02/dlc.rpf/common/data/effects/peds/mp2023_02_overlays.xml	ZONE_TORSO	TYPE_TATTOO	GENDER_MALE	0.225000	0.670000	0.190000	0.230000	0.000000	MP_2023_02_Tat_023	MP_2023_02_Tat_023
MP_2023_02_Tat_023_F	mp2023_02_overlays	update/x64/dlcpacks/mp2023_02/dlc.rpf/common/data/effects/peds/mp2023_02_overlays.xml	ZONE_TORSO	TYPE_TATTOO	GENDER_FEMALE	0.225000	0.740000	0.190000	0.180000	0.000000	MP_2023_02_Tat_023	MP_2023_02_Tat_023
MP_2023_02_Tat_024_M	mp2023_02_overlays	update/x64/dlcpacks/mp2023_02/dlc.rpf/common/data/effects/peds/mp2023_02_overlays.xml	ZONE_TORSO	TYPE_TATTOO	GENDER_MALE	-0.270000	0.600000	0.200000	0.230000	0.000000	MP_2023_02_Tat_024	MP_2023_02_Tat_024
MP_2023_02_Tat_024_F	mp2023_02_overlays	update/x64/dlcpacks/mp2023_02/dlc.rpf/common/data/effects/peds/mp2023_02_overlays.xml	ZONE_TORSO	TYPE_TATTOO	GENDER_FEMALE	-0.260000	0.650000	0.180000	0.170000	-1.500000	MP_2023_02_Tat_024	MP_2023_02_Tat_024
MP_2023_02_Tat_025_M	mp2023_02_overlays	update/x64/dlcpacks/mp2023_02/dlc.rpf/common/data/effects/peds/mp2023_02_overlays.xml	ZONE_TORSO	TYPE_TATTOO	GENDER_MALE	0.640000	0.610000	0.087000	0.087000	0.000000	MP_2023_02_Tat_025	MP_2023_02_Tat_025
MP_2023_02_Tat_025_F	mp2023_02_overlays	update/x64/dlcpacks/mp2023_02/dlc.rpf/common/data/effects/peds/mp2023_02_overlays.xml	ZONE_TORSO	TYPE_TATTOO	GENDER_FEMALE	0.660000	0.650000	0.100000	0.080000	-8.280000	MP_2023_02_Tat_025	MP_2023_02_Tat_025
MP_2023_02_Tat_026_M	mp2023_02_overlays	update/x64/dlcpacks/mp2023_02/dlc.rpf/common/data/effects/peds/mp2023_02_overlays.xml	ZONE_TORSO	TYPE_TATTOO	GENDER_MALE	0.730000	0.610000	0.150000	0.150000	-3.960000	MP_2023_02_Tat_026	MP_2023_02_Tat_026
MP_2023_02_Tat_026_F	mp2023_02_overlays	update/x64/dlcpacks/mp2023_02/dlc.rpf/common/data/effects/peds/mp2023_02_overlays.xml	ZONE_TORSO	TYPE_TATTOO	GENDER_FEMALE	0.730000	0.630000	0.140000	0.120000	-6.120000	MP_2023_02_Tat_026	MP_2023_02_Tat_026
MP_2023_02_Tat_027_M	mp2023_02_overlays	update/x64/dlcpacks/mp2023_02/dlc.rpf/common/data/effects/peds/mp2023_02_overlays.xml	ZONE_TORSO	TYPE_TATTOO	GENDER_MALE	0.800000	0.610000	0.090000	0.110000	0.000000	MP_2023_02_Tat_027	MP_2023_02_Tat_027
MP_2023_02_Tat_027_F	mp2023_02_overlays	update/x64/dlcpacks/mp2023_02/dlc.rpf/common/data/effects/peds/mp2023_02_overlays.xml	ZONE_TORSO	TYPE_TATTOO	GENDER_FEMALE	0.810000	0.635000	0.090000	0.100000	0.000000	MP_2023_02_Tat_027	MP_2023_02_Tat_027
MP_2023_02_Tat_028_M	mp2023_02_overlays	update/x64/dlcpacks/mp2023_02/dlc.rpf/common/data/effects/peds/mp2023_02_overlays.xml	ZONE_TORSO	TYPE_TATTOO	GENDER_MALE	0.725000	0.325000	0.170000	0.170000	0.000000	MP_2023_02_Tat_028	MP_2023_02_Tat_028
MP_2023_02_Tat_028_F	mp2023_02_overlays	update/x64/dlcpacks/mp2023_02/dlc.rpf/common/data/effects/peds/mp2023_02_overlays.xml	ZONE_TORSO	TYPE_TATTOO	GENDER_FEMALE	0.725000	0.400000	0.170000	0.120000	0.000000	MP_2023_02_Tat_028	MP_2023_02_Tat_028
MP_2023_02_Tat_029_M	mp2023_02_overlays	update/x64/dlcpacks/mp2023_02/dlc.rpf/common/data/effects/peds/mp2023_02_overlays.xml	ZONE_TORSO	TYPE_TATTOO	GENDER_MALE	0.565000	0.305000	0.150000	0.150000	0.000000	MP_2023_02_Tat_029	MP_2023_02_Tat_029
MP_2023_02_Tat_029_F	mp2023_02_overlays	update/x64/dlcpacks/mp2023_02/dlc.rpf/common/data/effects/peds/mp2023_02_overlays.xml	ZONE_TORSO	TYPE_TATTOO	GENDER_FEMALE	0.565000	0.390000	0.150000	0.113000	0.000000	MP_2023_02_Tat_029	MP_2023_02_Tat_029
MP_2023_02_Tat_030_M	mp2023_02_overlays	update/x64/dlcpacks/mp2023_02/dlc.rpf/common/data/effects/peds/mp2023_02_overlays.xml	ZONE_TORSO	TYPE_TATTOO	GENDER_MALE	0.725000	0.325000	0.180000	0.150000	0.000000	MP_2023_02_Tat_030	MP_2023_02_Tat_030
MP_2023_02_Tat_030_F	mp2023_02_overlays	update/x64/dlcpacks/mp2023_02/dlc.rpf/common/data/effects/peds/mp2023_02_overlays.xml	ZONE_TORSO	TYPE_TATTOO	GENDER_FEMALE	0.725000	0.380000	0.190000	0.110000	0.000000	MP_2023_02_Tat_030	MP_2023_02_Tat_030
MP_2023_02_Tat_031_M	mp2023_02_overlays	update/x64/dlcpacks/mp2023_02/dlc.rpf/common/data/effects/peds/mp2023_02_overlays.xml	ZONE_TORSO	TYPE_TATTOO	GENDER_MALE	0.890000	0.310000	0.130000	0.130000	0.000000	MP_2023_02_Tat_031	MP_2023_02_Tat_031
MP_2023_02_Tat_031_F	mp2023_02_overlays	update/x64/dlcpacks/mp2023_02/dlc.rpf/common/data/effects/peds/mp2023_02_overlays.xml	ZONE_TORSO	TYPE_TATTOO	GENDER_FEMALE	0.880000	0.395000	0.150000	0.100000	2.880000	MP_2023_02_Tat_031	MP_2023_02_Tat_031
MP_2024_02_Hair_000_F	mp2024_02_overlays	update/x64/dlcpacks/mp2024_02/dlc.rpf/common/data/effects/peds/mp2024_02_overlays.xml	ZONE_HEAD	TYPE_TATTOO	GENDER_FEMALE	0.500000	0.500000	0.600000	0.500000	0.000000	MP_2024_02_Hair_000	MP_2024_02_Hair_000
MP_2024_02_Hair_001_M	mp2024_02_overlays	update/x64/dlcpacks/mp2024_02/dlc.rpf/common/data/effects/peds/mp2024_02_overlays.xml	ZONE_HEAD	TYPE_TATTOO	GENDER_MALE	0.500000	0.500000	0.600000	0.500000	0.000000	MP_2024_02_Hair_001	MP_2024_02_Hair_001
MP_Airraces_Tattoo_000_M	mpAirraces_overlays	update/x64/dlcpacks/mpairraces/dlc.rpf/common/data/effects/peds/mpairraces_overlays.xml	ZONE_TORSO	TYPE_TATTOO	GENDER_MALE	0.830000	0.600000	0.120000	0.120000	0.000000	MP_Airraces_Tattoo_000	MP_Airraces_Tattoo_000
MP_Airraces_Tattoo_000_F	mpAirraces_overlays	update/x64/dlcpacks/mpairraces/dlc.rpf/common/data/effects/peds/mpairraces_overlays.xml	ZONE_TORSO	TYPE_TATTOO	GENDER_FEMALE	0.830000	0.620000	0.110000	0.100000	0.000000	MP_Airraces_Tattoo_000	MP_Airraces_Tattoo_000
MP_Airraces_Tattoo_001_M	mpAirraces_overlays	update/x64/dlcpacks/mpairraces/dlc.rpf/common/data/effects/peds/mpairraces_overlays.xml	ZONE_TORSO	TYPE_TATTOO	GENDER_MALE	0.228000	0.590000	0.190000	0.220000	0.000000	MP_Airraces_Tattoo_001	MP_Airraces_Tattoo_001
MP_Airraces_Tattoo_001_F	mpAirraces_overlays	update/x64/dlcpacks/mpairraces/dlc.rpf/common/data/effects/peds/mpairraces_overlays.xml	ZONE_TORSO	TYPE_TATTOO	GENDER_FEMALE	0.228000	0.660000	0.190000	0.200000	0.000000	MP_Airraces_Tattoo_001	MP_Airraces_Tattoo_001
MP_Airraces_Tattoo_002_M	mpAirraces_overlays	update/x64/dlcpacks/mpairraces/dlc.rpf/common/data/effects/peds/mpairraces_overlays.xml	ZONE_TORSO	TYPE_TATTOO	GENDER_MALE	0.228000	0.650000	0.200000	0.230000	0.000000	MP_Airraces_Tattoo_002	MP_Airraces_Tattoo_002
MP_Airraces_Tattoo_002_F	mpAirraces_overlays	update/x64/dlcpacks/mpairraces/dlc.rpf/common/data/effects/peds/mpairraces_overlays.xml	ZONE_TORSO	TYPE_TATTOO	GENDER_FEMALE	0.228000	0.710000	0.200000	0.190000	0.000000	MP_Airraces_Tattoo_002	MP_Airraces_Tattoo_002
MP_Airraces_Tattoo_003_M	mpAirraces_overlays	update/x64/dlcpacks/mpairraces/dlc.rpf/common/data/effects/peds/mpairraces_overlays.xml	ZONE_LEFT_ARM	TYPE_TATTOO	GENDER_MALE	0.460000	0.640000	0.230000	0.340000	0.000000	MP_Airraces_Tattoo_003	MP_Airraces_Tattoo_003
MP_Airraces_Tattoo_003_F	mpAirraces_overlays	update/x64/dlcpacks/mpairraces/dlc.rpf/common/data/effects/peds/mpairraces_overlays.xml	ZONE_LEFT_ARM	TYPE_TATTOO	GENDER_FEMALE	0.460000	0.620000	0.230000	0.350000	0.000000	MP_Airraces_Tattoo_003	MP_Airraces_Tattoo_003
MP_Airraces_Tattoo_004_M	mpAirraces_overlays	update/x64/dlcpacks/mpairraces/dlc.rpf/common/data/effects/peds/mpairraces_overlays.xml	ZONE_TORSO	TYPE_TATTOO	GENDER_MALE	0.228000	0.480000	0.225000	0.310000	0.000000	MP_Airraces_Tattoo_004	MP_Airraces_Tattoo_004
MP_Airraces_Tattoo_004_F	mpAirraces_overlays	update/x64/dlcpacks/mpairraces/dlc.rpf/common/data/effects/peds/mpairraces_overlays.xml	ZONE_TORSO	TYPE_TATTOO	GENDER_FEMALE	0.228000	0.550000	0.225000	0.250000	0.000000	MP_Airraces_Tattoo_004	MP_Airraces_Tattoo_004
MP_Airraces_Tattoo_005_M	mpAirraces_overlays	update/x64/dlcpacks/mpairraces/dlc.rpf/common/data/effects/peds/mpairraces_overlays.xml	ZONE_TORSO	TYPE_TATTOO	GENDER_MALE	0.228000	0.570000	0.190000	0.220000	0.000000	MP_Airraces_Tattoo_005	MP_Airraces_Tattoo_005
MP_Airraces_Tattoo_005_F	mpAirraces_overlays	update/x64/dlcpacks/mpairraces/dlc.rpf/common/data/effects/peds/mpairraces_overlays.xml	ZONE_TORSO	TYPE_TATTOO	GENDER_FEMALE	0.228000	0.650000	0.190000	0.170000	0.000000	MP_Airraces_Tattoo_005	MP_Airraces_Tattoo_005
MP_Airraces_Tattoo_006_M	mpAirraces_overlays	update/x64/dlcpacks/mpairraces/dlc.rpf/common/data/effects/peds/mpairraces_overlays.xml	ZONE_TORSO	TYPE_TATTOO	GENDER_MALE	0.728000	0.295000	0.180000	0.160000	0.000000	MP_Airraces_Tattoo_006	MP_Airraces_Tattoo_006
MP_Airraces_Tattoo_006_F	mpAirraces_overlays	update/x64/dlcpacks/mpairraces/dlc.rpf/common/data/effects/peds/mpairraces_overlays.xml	ZONE_TORSO	TYPE_TATTOO	GENDER_FEMALE	0.728000	0.340000	0.180000	0.130000	0.000000	MP_Airraces_Tattoo_006	MP_Airraces_Tattoo_006
MP_Airraces_Tattoo_007_M	mpAirraces_overlays	update/x64/dlcpacks/mpairraces/dlc.rpf/common/data/effects/peds/mpairraces_overlays.xml	ZONE_TORSO	TYPE_TATTOO	GENDER_MALE	0.228000	0.590000	0.180000	0.300000	0.000000	MP_Airraces_Tattoo_007	MP_Airraces_Tattoo_007
MP_Airraces_Tattoo_007_F	mpAirraces_overlays	update/x64/dlcpacks/mpairraces/dlc.rpf/common/data/effects/peds/mpairraces_overlays.xml	ZONE_TORSO	TYPE_TATTOO	GENDER_FEMALE	0.228000	0.670000	0.180000	0.220000	0.000000	MP_Airraces_Tattoo_007	MP_Airraces_Tattoo_007
MP_Battle_Clothing_000_M	mpBattle_overlays	update/x64/dlcpacks/mpbattle/dlc.rpf/common/data/effects/peds/mpbattle_overlays.xml	ZONE_TORSO	TYPE_BADGE	GENDER_MALE	0.737000	0.680000	0.170000	0.170000	0.000000	MP_Battle_Clothing_000	MP_Battle_Clothing_000
MP_Battle_Clothing_000_F	mpBattle_overlays	update/x64/dlcpacks/mpbattle/dlc.rpf/common/data/effects/peds/mpbattle_overlays.xml	ZONE_TORSO	TYPE_BADGE	GENDER_FEMALE	0.727000	0.700000	0.180000	0.160000	0.000000	MP_Battle_Clothing_000	MP_Battle_Clothing_000
MP_Battle_Clothing_001_M	mpBattle_overlays	update/x64/dlcpacks/mpbattle/dlc.rpf/common/data/effects/peds/mpbattle_overlays.xml	ZONE_TORSO	TYPE_BADGE	GENDER_MALE	0.237000	0.840000	0.100000	0.100000	0.000000	MP_Battle_Clothing_001	MP_Battle_Clothing_001
MP_Battle_Clothing_001_F	mpBattle_overlays	update/x64/dlcpacks/mpbattle/dlc.rpf/common/data/effects/peds/mpbattle_overlays.xml	ZONE_TORSO	TYPE_BADGE	GENDER_FEMALE	0.227000	0.870000	0.090000	0.100000	0.000000	MP_Battle_Clothing_001	MP_Battle_Clothing_001
MP_Battle_Clothing_002_M	mpBattle_overlays	update/x64/dlcpacks/mpbattle/dlc.rpf/common/data/effects/peds/mpbattle_overlays.xml	ZONE_TORSO	TYPE_BADGE	GENDER_MALE	0.737000	0.637000	0.140000	0.115000	0.000000	MP_Battle_Clothing_002	MP_Battle_Clothing_002
MP_Battle_Clothing_002_F	mpBattle_overlays	update/x64/dlcpacks/mpbattle/dlc.rpf/common/data/effects/peds/mpbattle_overlays.xml	ZONE_TORSO	TYPE_BADGE	GENDER_FEMALE	0.720000	0.657000	0.140000	0.115000	0.000000	MP_Battle_Clothing_002	MP_Battle_Clothing_002
MP_Battle_Clothing_003_M	mpBattle_overlays	update/x64/dlcpacks/mpbattle/dlc.rpf/common/data/effects/peds/mpbattle_overlays.xml	ZONE_TORSO	TYPE_BADGE	GENDER_MALE	0.737000	0.637000	0.160000	0.135000	0.000000	MP_Battle_Clothing_003	MP_Battle_Clothing_003
MP_Battle_Clothing_003_F	mpBattle_overlays	update/x64/dlcpacks/mpbattle/dlc.rpf/common/data/effects/peds/mpbattle_overlays.xml	ZONE_TORSO	TYPE_BADGE	GENDER_FEMALE	0.720000	0.667000	0.160000	0.135000	0.000000	MP_Battle_Clothing_003	MP_Battle_Clothing_003
MP_Battle_Clothing_004_M	mpBattle_overlays	update/x64/dlcpacks/mpbattle/dlc.rpf/common/data/effects/peds/mpbattle_overlays.xml	ZONE_TORSO	TYPE_BADGE	GENDER_MALE	0.737000	0.637000	0.130000	0.105000	0.000000	MP_Battle_Clothing_004	MP_Battle_Clothing_004
MP_Battle_Clothing_004_F	mpBattle_overlays	update/x64/dlcpacks/mpbattle/dlc.rpf/common/data/effects/peds/mpbattle_overlays.xml	ZONE_TORSO	TYPE_BADGE	GENDER_FEMALE	0.720000	0.657000	0.140000	0.105000	0.000000	MP_Battle_Clothing_004	MP_Battle_Clothing_004
MP_Battle_Clothing_005_M	mpBattle_overlays	update/x64/dlcpacks/mpbattle/dlc.rpf/common/data/effects/peds/mpbattle_overlays.xml	ZONE_TORSO	TYPE_BADGE	GENDER_MALE	0.737000	0.637000	0.130000	0.105000	0.000000	MP_Battle_Clothing_005	MP_Battle_Clothing_005
MP_Battle_Clothing_005_F	mpBattle_overlays	update/x64/dlcpacks/mpbattle/dlc.rpf/common/data/effects/peds/mpbattle_overlays.xml	ZONE_TORSO	TYPE_BADGE	GENDER_FEMALE	0.720000	0.657000	0.140000	0.105000	0.000000	MP_Battle_Clothing_005	MP_Battle_Clothing_005
MP_Battle_Clothing_006_M	mpBattle_overlays	update/x64/dlcpacks/mpbattle/dlc.rpf/common/data/effects/peds/mpbattle_overlays.xml	ZONE_TORSO	TYPE_BADGE	GENDER_MALE	0.737000	0.637000	0.160000	0.135000	0.000000	MP_Battle_Clothing_006	MP_Battle_Clothing_006
MP_Battle_Clothing_006_F	mpBattle_overlays	update/x64/dlcpacks/mpbattle/dlc.rpf/common/data/effects/peds/mpbattle_overlays.xml	ZONE_TORSO	TYPE_BADGE	GENDER_FEMALE	0.720000	0.657000	0.160000	0.135000	0.000000	MP_Battle_Clothing_006	MP_Battle_Clothing_006
MP_Battle_Clothing_007_M	mpBattle_overlays	update/x64/dlcpacks/mpbattle/dlc.rpf/common/data/effects/peds/mpbattle_overlays.xml	ZONE_TORSO	TYPE_BADGE	GENDER_MALE	0.737000	0.637000	0.160000	0.135000	0.000000	MP_Battle_Clothing_007	MP_Battle_Clothing_007
MP_Battle_Clothing_007_F	mpBattle_overlays	update/x64/dlcpacks/mpbattle/dlc.rpf/common/data/effects/peds/mpbattle_overlays.xml	ZONE_TORSO	TYPE_BADGE	GENDER_FEMALE	0.747000	0.677000	0.140000	0.115000	0.000000	MP_Battle_Clothing_007	MP_Battle_Clothing_007
MP_Battle_Clothing_008_M	mpBattle_overlays	update/x64/dlcpacks/mpbattle/dlc.rpf/common/data/effects/peds/mpbattle_overlays.xml	ZONE_TORSO	TYPE_BADGE	GENDER_MALE	0.737000	0.637000	0.140000	0.115000	0.000000	MP_Battle_Clothing_008	MP_Battle_Clothing_008
MP_Battle_Clothing_008_F	mpBattle_overlays	update/x64/dlcpacks/mpbattle/dlc.rpf/common/data/effects/peds/mpbattle_overlays.xml	ZONE_TORSO	TYPE_BADGE	GENDER_FEMALE	0.720000	0.657000	0.140000	0.115000	0.000000	MP_Battle_Clothing_008	MP_Battle_Clothing_008
MP_Battle_Clothing_009_M	mpBattle_overlays	update/x64/dlcpacks/mpbattle/dlc.rpf/common/data/effects/peds/mpbattle_overlays.xml	ZONE_TORSO	TYPE_BADGE	GENDER_MALE	0.737000	0.637000	0.140000	0.115000	0.000000	MP_Battle_Clothing_009	MP_Battle_Clothing_009
MP_Battle_Clothing_009_F	mpBattle_overlays	update/x64/dlcpacks/mpbattle/dlc.rpf/common/data/effects/peds/mpbattle_overlays.xml	ZONE_TORSO	TYPE_BADGE	GENDER_FEMALE	0.720000	0.657000	0.140000	0.115000	0.000000	MP_Battle_Clothing_009	MP_Battle_Clothing_009
MP_Battle_Clothing_010_M	mpBattle_overlays	update/x64/dlcpacks/mpbattle/dlc.rpf/common/data/effects/peds/mpbattle_overlays.xml	ZONE_TORSO	TYPE_BADGE	GENDER_MALE	0.737000	0.637000	0.160000	0.135000	0.000000	MP_Battle_Clothing_010	MP_Battle_Clothing_010
MP_Battle_Clothing_010_F	mpBattle_overlays	update/x64/dlcpacks/mpbattle/dlc.rpf/common/data/effects/peds/mpbattle_overlays.xml	ZONE_TORSO	TYPE_BADGE	GENDER_FEMALE	0.720000	0.657000	0.160000	0.135000	0.000000	MP_Battle_Clothing_010	MP_Battle_Clothing_010
MP_Battle_Clothing_011_M	mpBattle_overlays	update/x64/dlcpacks/mpbattle/dlc.rpf/common/data/effects/peds/mpbattle_overlays.xml	ZONE_TORSO	TYPE_BADGE	GENDER_MALE	0.737000	0.677000	0.160000	0.135000	0.000000	MP_Battle_Clothing_011	MP_Battle_Clothing_011
MP_Battle_Clothing_011_F	mpBattle_overlays	update/x64/dlcpacks/mpbattle/dlc.rpf/common/data/effects/peds/mpbattle_overlays.xml	ZONE_TORSO	TYPE_BADGE	GENDER_FEMALE	0.720000	0.687000	0.160000	0.135000	0.000000	MP_Battle_Clothing_011	MP_Battle_Clothing_011
MP_Battle_Clothing_012_M	mpBattle_overlays	update/x64/dlcpacks/mpbattle/dlc.rpf/common/data/effects/peds/mpbattle_overlays.xml	ZONE_TORSO	TYPE_BADGE	GENDER_MALE	0.737000	0.637000	0.140000	0.115000	0.000000	MP_Battle_Clothing_012	MP_Battle_Clothing_012
MP_Battle_Clothing_012_F	mpBattle_overlays	update/x64/dlcpacks/mpbattle/dlc.rpf/common/data/effects/peds/mpbattle_overlays.xml	ZONE_TORSO	TYPE_BADGE	GENDER_FEMALE	0.720000	0.657000	0.140000	0.115000	0.000000	MP_Battle_Clothing_012	MP_Battle_Clothing_012
MP_Battle_Clothing_013_M	mpBattle_overlays	update/x64/dlcpacks/mpbattle/dlc.rpf/common/data/effects/peds/mpbattle_overlays.xml	ZONE_TORSO	TYPE_BADGE	GENDER_MALE	0.737000	0.637000	0.140000	0.115000	0.000000	MP_Battle_Clothing_013	MP_Battle_Clothing_013
MP_Battle_Clothing_013_F	mpBattle_overlays	update/x64/dlcpacks/mpbattle/dlc.rpf/common/data/effects/peds/mpbattle_overlays.xml	ZONE_TORSO	TYPE_BADGE	GENDER_FEMALE	0.720000	0.657000	0.140000	0.115000	0.000000	MP_Battle_Clothing_013	MP_Battle_Clothing_013
MP_Battle_Clothing_014_M	mpBattle_overlays	update/x64/dlcpacks/mpbattle/dlc.rpf/common/data/effects/peds/mpbattle_overlays.xml	ZONE_TORSO	TYPE_BADGE	GENDER_MALE	0.737000	0.647000	0.140000	0.115000	0.000000	MP_Battle_Clothing_014	MP_Battle_Clothing_014
MP_Battle_Clothing_014_F	mpBattle_overlays	update/x64/dlcpacks/mpbattle/dlc.rpf/common/data/effects/peds/mpbattle_overlays.xml	ZONE_TORSO	TYPE_BADGE	GENDER_FEMALE	0.720000	0.667000	0.140000	0.115000	0.000000	MP_Battle_Clothing_014	MP_Battle_Clothing_014
MP_Battle_Clothing_015_M	mpBattle_overlays	update/x64/dlcpacks/mpbattle/dlc.rpf/common/data/effects/peds/mpbattle_overlays.xml	ZONE_TORSO	TYPE_BADGE	GENDER_MALE	0.737000	0.637000	0.140000	0.115000	0.000000	MP_Battle_Clothing_015	MP_Battle_Clothing_015
MP_Battle_Clothing_015_F	mpBattle_overlays	update/x64/dlcpacks/mpbattle/dlc.rpf/common/data/effects/peds/mpbattle_overlays.xml	ZONE_TORSO	TYPE_BADGE	GENDER_FEMALE	0.720000	0.657000	0.140000	0.115000	0.000000	MP_Battle_Clothing_015	MP_Battle_Clothing_015
MP_Battle_Clothing_016_M	mpBattle_overlays	update/x64/dlcpacks/mpbattle/dlc.rpf/common/data/effects/peds/mpbattle_overlays.xml	ZONE_TORSO	TYPE_BADGE	GENDER_MALE	0.737000	0.637000	0.140000	0.115000	0.000000	MP_Battle_Clothing_016	MP_Battle_Clothing_016
MP_Battle_Clothing_016_F	mpBattle_overlays	update/x64/dlcpacks/mpbattle/dlc.rpf/common/data/effects/peds/mpbattle_overlays.xml	ZONE_TORSO	TYPE_BADGE	GENDER_FEMALE	0.720000	0.657000	0.140000	0.115000	0.000000	MP_Battle_Clothing_016	MP_Battle_Clothing_016
MP_Battle_Clothing_017_M	mpBattle_overlays	update/x64/dlcpacks/mpbattle/dlc.rpf/common/data/effects/peds/mpbattle_overlays.xml	ZONE_TORSO	TYPE_BADGE	GENDER_MALE	0.737000	0.657000	0.140000	0.115000	0.000000	MP_Battle_Clothing_017	MP_Battle_Clothing_017
MP_Battle_Clothing_017_F	mpBattle_overlays	update/x64/dlcpacks/mpbattle/dlc.rpf/common/data/effects/peds/mpbattle_overlays.xml	ZONE_TORSO	TYPE_BADGE	GENDER_FEMALE	0.720000	0.677000	0.140000	0.115000	0.000000	MP_Battle_Clothing_017	MP_Battle_Clothing_017
MP_Battle_Clothing_018_M	mpBattle_overlays	update/x64/dlcpacks/mpbattle/dlc.rpf/common/data/effects/peds/mpbattle_overlays.xml	ZONE_TORSO	TYPE_BADGE	GENDER_MALE	0.737000	0.637000	0.160000	0.135000	0.000000	MP_Battle_Clothing_018	MP_Battle_Clothing_018
MP_Battle_Clothing_018_F	mpBattle_overlays	update/x64/dlcpacks/mpbattle/dlc.rpf/common/data/effects/peds/mpbattle_overlays.xml	ZONE_TORSO	TYPE_BADGE	GENDER_FEMALE	0.720000	0.657000	0.160000	0.135000	0.000000	MP_Battle_Clothing_018	MP_Battle_Clothing_018
MP_Battle_Clothing_019_M	mpBattle_overlays	update/x64/dlcpacks/mpbattle/dlc.rpf/common/data/effects/peds/mpbattle_overlays.xml	ZONE_TORSO	TYPE_BADGE	GENDER_MALE	0.737000	0.637000	0.140000	0.115000	0.000000	MP_Battle_Clothing_019	MP_Battle_Clothing_019
MP_Battle_Clothing_019_F	mpBattle_overlays	update/x64/dlcpacks/mpbattle/dlc.rpf/common/data/effects/peds/mpbattle_overlays.xml	ZONE_TORSO	TYPE_BADGE	GENDER_FEMALE	0.720000	0.657000	0.140000	0.115000	0.000000	MP_Battle_Clothing_019	MP_Battle_Clothing_019
MP_Battle_Clothing_020_M	mpBattle_overlays	update/x64/dlcpacks/mpbattle/dlc.rpf/common/data/effects/peds/mpbattle_overlays.xml	ZONE_TORSO	TYPE_BADGE	GENDER_MALE	0.737000	0.637000	0.140000	0.115000	0.000000	MP_Battle_Clothing_020	MP_Battle_Clothing_020
MP_Battle_Clothing_020_F	mpBattle_overlays	update/x64/dlcpacks/mpbattle/dlc.rpf/common/data/effects/peds/mpbattle_overlays.xml	ZONE_TORSO	TYPE_BADGE	GENDER_FEMALE	0.720000	0.657000	0.140000	0.115000	0.000000	MP_Battle_Clothing_020	MP_Battle_Clothing_020
MP_Battle_Clothing_021_M	mpBattle_overlays	update/x64/dlcpacks/mpbattle/dlc.rpf/common/data/effects/peds/mpbattle_overlays.xml	ZONE_TORSO	TYPE_BADGE	GENDER_MALE	0.737000	0.637000	0.140000	0.115000	0.000000	MP_Battle_Clothing_021	MP_Battle_Clothing_021
MP_Battle_Clothing_021_F	mpBattle_overlays	update/x64/dlcpacks/mpbattle/dlc.rpf/common/data/effects/peds/mpbattle_overlays.xml	ZONE_TORSO	TYPE_BADGE	GENDER_FEMALE	0.720000	0.657000	0.140000	0.115000	0.000000	MP_Battle_Clothing_021	MP_Battle_Clothing_021
MP_Battle_Clothing_022_M	mpBattle_overlays	update/x64/dlcpacks/mpbattle/dlc.rpf/common/data/effects/peds/mpbattle_overlays.xml	ZONE_TORSO	TYPE_BADGE	GENDER_MALE	0.737000	0.667000	0.160000	0.135000	0.000000	MP_Battle_Clothing_022	MP_Battle_Clothing_022
MP_Battle_Clothing_022_F	mpBattle_overlays	update/x64/dlcpacks/mpbattle/dlc.rpf/common/data/effects/peds/mpbattle_overlays.xml	ZONE_TORSO	TYPE_BADGE	GENDER_FEMALE	0.720000	0.677000	0.160000	0.135000	0.000000	MP_Battle_Clothing_022	MP_Battle_Clothing_022
MP_Battle_Clothing_023_M	mpBattle_overlays	update/x64/dlcpacks/mpbattle/dlc.rpf/common/data/effects/peds/mpbattle_overlays.xml	ZONE_TORSO	TYPE_BADGE	GENDER_MALE	0.737000	0.677000	0.160000	0.135000	0.000000	MP_Battle_Clothing_023	MP_Battle_Clothing_023
MP_Battle_Clothing_023_F	mpBattle_overlays	update/x64/dlcpacks/mpbattle/dlc.rpf/common/data/effects/peds/mpbattle_overlays.xml	ZONE_TORSO	TYPE_BADGE	GENDER_FEMALE	0.720000	0.677000	0.160000	0.135000	0.000000	MP_Battle_Clothing_023	MP_Battle_Clothing_023
MP_Battle_Clothing_024_M	mpBattle_overlays	update/x64/dlcpacks/mpbattle/dlc.rpf/common/data/effects/peds/mpbattle_overlays.xml	ZONE_TORSO	TYPE_BADGE	GENDER_MALE	0.737000	0.667000	0.160000	0.135000	0.000000	MP_Battle_Clothing_024	MP_Battle_Clothing_024
MP_Battle_Clothing_024_F	mpBattle_overlays	update/x64/dlcpacks/mpbattle/dlc.rpf/common/data/effects/peds/mpbattle_overlays.xml	ZONE_TORSO	TYPE_BADGE	GENDER_FEMALE	0.720000	0.677000	0.160000	0.135000	0.000000	MP_Battle_Clothing_024	MP_Battle_Clothing_024
MP_Battle_Clothing_025_M	mpBattle_overlays	update/x64/dlcpacks/mpbattle/dlc.rpf/common/data/effects/peds/mpbattle_overlays.xml	ZONE_TORSO	TYPE_BADGE	GENDER_MALE	0.737000	0.667000	0.160000	0.135000	0.000000	MP_Battle_Clothing_025	MP_Battle_Clothing_025
MP_Battle_Clothing_025_F	mpBattle_overlays	update/x64/dlcpacks/mpbattle/dlc.rpf/common/data/effects/peds/mpbattle_overlays.xml	ZONE_TORSO	TYPE_BADGE	GENDER_FEMALE	0.720000	0.677000	0.150000	0.135000	0.000000	MP_Battle_Clothing_025	MP_Battle_Clothing_025
MP_Battle_Clothing_026_M	mpBattle_overlays	update/x64/dlcpacks/mpbattle/dlc.rpf/common/data/effects/peds/mpbattle_overlays.xml	ZONE_TORSO	TYPE_BADGE	GENDER_MALE	0.737000	0.677000	0.160000	0.135000	0.000000	MP_Battle_Clothing_026	MP_Battle_Clothing_026
MP_Battle_Clothing_026_F	mpBattle_overlays	update/x64/dlcpacks/mpbattle/dlc.rpf/common/data/effects/peds/mpbattle_overlays.xml	ZONE_TORSO	TYPE_BADGE	GENDER_FEMALE	0.720000	0.677000	0.160000	0.135000	0.000000	MP_Battle_Clothing_026	MP_Battle_Clothing_026
MP_Battle_Clothing_027_M	mpBattle_overlays	update/x64/dlcpacks/mpbattle/dlc.rpf/common/data/effects/peds/mpbattle_overlays.xml	ZONE_TORSO	TYPE_BADGE	GENDER_MALE	0.737000	0.657000	0.160000	0.135000	0.000000	MP_Battle_Clothing_027	MP_Battle_Clothing_027
MP_Battle_Clothing_027_F	mpBattle_overlays	update/x64/dlcpacks/mpbattle/dlc.rpf/common/data/effects/peds/mpbattle_overlays.xml	ZONE_TORSO	TYPE_BADGE	GENDER_FEMALE	0.720000	0.677000	0.140000	0.115000	0.000000	MP_Battle_Clothing_027	MP_Battle_Clothing_027
MP_Battle_Clothing_028_M	mpBattle_overlays	update/x64/dlcpacks/mpbattle/dlc.rpf/common/data/effects/peds/mpbattle_overlays.xml	ZONE_TORSO	TYPE_BADGE	GENDER_MALE	0.737000	0.677000	0.160000	0.135000	0.000000	MP_Battle_Clothing_028	MP_Battle_Clothing_028
MP_Battle_Clothing_028_F	mpBattle_overlays	update/x64/dlcpacks/mpbattle/dlc.rpf/common/data/effects/peds/mpbattle_overlays.xml	ZONE_TORSO	TYPE_BADGE	GENDER_FEMALE	0.720000	0.677000	0.150000	0.135000	0.000000	MP_Battle_Clothing_028	MP_Battle_Clothing_028
MP_Battle_Clothing_029_M	mpBattle_overlays	update/x64/dlcpacks/mpbattle/dlc.rpf/common/data/effects/peds/mpbattle_overlays.xml	ZONE_TORSO	TYPE_BADGE	GENDER_MALE	0.737000	0.677000	0.160000	0.135000	0.000000	MP_Battle_Clothing_029	MP_Battle_Clothing_029
MP_Battle_Clothing_029_F	mpBattle_overlays	update/x64/dlcpacks/mpbattle/dlc.rpf/common/data/effects/peds/mpbattle_overlays.xml	ZONE_TORSO	TYPE_BADGE	GENDER_FEMALE	0.720000	0.677000	0.150000	0.135000	0.000000	MP_Battle_Clothing_029	MP_Battle_Clothing_029
MP_Battle_Clothing_030_M	mpBattle_overlays	update/x64/dlcpacks/mpbattle/dlc.rpf/common/data/effects/peds/mpbattle_overlays.xml	ZONE_TORSO	TYPE_BADGE	GENDER_MALE	0.737000	0.647000	0.160000	0.135000	0.000000	MP_Battle_Clothing_030	MP_Battle_Clothing_030
MP_Battle_Clothing_030_F	mpBattle_overlays	update/x64/dlcpacks/mpbattle/dlc.rpf/common/data/effects/peds/mpbattle_overlays.xml	ZONE_TORSO	TYPE_BADGE	GENDER_FEMALE	0.720000	0.667000	0.160000	0.135000	0.000000	MP_Battle_Clothing_030	MP_Battle_Clothing_030
MP_Battle_Clothing_031_M	mpBattle_overlays	update/x64/dlcpacks/mpbattle/dlc.rpf/common/data/effects/peds/mpbattle_overlays.xml	ZONE_TORSO	TYPE_BADGE	GENDER_MALE	0.737000	0.680000	0.150000	0.125000	0.000000	MP_Battle_Clothing_031	MP_Battle_Clothing_031
MP_Battle_Clothing_031_F	mpBattle_overlays	update/x64/dlcpacks/mpbattle/dlc.rpf/common/data/effects/peds/mpbattle_overlays.xml	ZONE_TORSO	TYPE_BADGE	GENDER_FEMALE	0.720000	0.695000	0.140000	0.125000	0.000000	MP_Battle_Clothing_031	MP_Battle_Clothing_031
MP_Battle_Clothing_032_M	mpBattle_overlays	update/x64/dlcpacks/mpbattle/dlc.rpf/common/data/effects/peds/mpbattle_overlays.xml	ZONE_TORSO	TYPE_BADGE	GENDER_MALE	0.737000	0.680000	0.150000	0.125000	0.000000	MP_Battle_Clothing_032	MP_Battle_Clothing_032
MP_Battle_Clothing_032_F	mpBattle_overlays	update/x64/dlcpacks/mpbattle/dlc.rpf/common/data/effects/peds/mpbattle_overlays.xml	ZONE_TORSO	TYPE_BADGE	GENDER_FEMALE	0.720000	0.695000	0.140000	0.125000	0.000000	MP_Battle_Clothing_032	MP_Battle_Clothing_032
MP_Battle_Clothing_033_M	mpBattle_overlays	update/x64/dlcpacks/mpbattle/dlc.rpf/common/data/effects/peds/mpbattle_overlays.xml	ZONE_TORSO	TYPE_BADGE	GENDER_MALE	0.737000	0.647000	0.130000	0.105000	0.000000	MP_Battle_Clothing_033	MP_Battle_Clothing_033
MP_Battle_Clothing_033_F	mpBattle_overlays	update/x64/dlcpacks/mpbattle/dlc.rpf/common/data/effects/peds/mpbattle_overlays.xml	ZONE_TORSO	TYPE_BADGE	GENDER_FEMALE	0.720000	0.680000	0.110000	0.095000	0.000000	MP_Battle_Clothing_033	MP_Battle_Clothing_033
MP_Battle_Clothing_034_M	mpBattle_overlays	update/x64/dlcpacks/mpbattle/dlc.rpf/common/data/effects/peds/mpbattle_overlays.xml	ZONE_TORSO	TYPE_BADGE	GENDER_MALE	0.737000	0.647000	0.130000	0.105000	0.000000	MP_Battle_Clothing_034	MP_Battle_Clothing_034
MP_Battle_Clothing_034_F	mpBattle_overlays	update/x64/dlcpacks/mpbattle/dlc.rpf/common/data/effects/peds/mpbattle_overlays.xml	ZONE_TORSO	TYPE_BADGE	GENDER_FEMALE	0.720000	0.680000	0.110000	0.095000	0.000000	MP_Battle_Clothing_034	MP_Battle_Clothing_034
MP_Battle_Clothing_035_M	mpBattle_overlays	update/x64/dlcpacks/mpbattle/dlc.rpf/common/data/effects/peds/mpbattle_overlays.xml	ZONE_TORSO	TYPE_BADGE	GENDER_MALE	0.737000	0.667000	0.140000	0.115000	0.000000	MP_Battle_Clothing_035	MP_Battle_Clothing_035
MP_Battle_Clothing_035_F	mpBattle_overlays	update/x64/dlcpacks/mpbattle/dlc.rpf/common/data/effects/peds/mpbattle_overlays.xml	ZONE_TORSO	TYPE_BADGE	GENDER_FEMALE	0.720000	0.700000	0.130000	0.105000	0.000000	MP_Battle_Clothing_035	MP_Battle_Clothing_035
MP_Battle_Clothing_036_M	mpBattle_overlays	update/x64/dlcpacks/mpbattle/dlc.rpf/common/data/effects/peds/mpbattle_overlays.xml	ZONE_TORSO	TYPE_BADGE	GENDER_MALE	0.737000	0.647000	0.130000	0.105000	0.000000	MP_Battle_Clothing_036	MP_Battle_Clothing_036
MP_Battle_Clothing_036_F	mpBattle_overlays	update/x64/dlcpacks/mpbattle/dlc.rpf/common/data/effects/peds/mpbattle_overlays.xml	ZONE_TORSO	TYPE_BADGE	GENDER_FEMALE	0.720000	0.680000	0.120000	0.095000	-3.960000	MP_Battle_Clothing_036	MP_Battle_Clothing_036
MP_Battle_Clothing_037_M	mpBattle_overlays	update/x64/dlcpacks/mpbattle/dlc.rpf/common/data/effects/peds/mpbattle_overlays.xml	ZONE_TORSO	TYPE_BADGE	GENDER_MALE	0.737000	0.667000	0.140000	0.115000	0.000000	MP_Battle_Clothing_037	MP_Battle_Clothing_037
MP_Battle_Clothing_037_F	mpBattle_overlays	update/x64/dlcpacks/mpbattle/dlc.rpf/common/data/effects/peds/mpbattle_overlays.xml	ZONE_TORSO	TYPE_BADGE	GENDER_FEMALE	0.720000	0.700000	0.130000	0.105000	0.000000	MP_Battle_Clothing_037	MP_Battle_Clothing_037
MP_Battle_Clothing_038_M	mpBattle_overlays	update/x64/dlcpacks/mpbattle/dlc.rpf/common/data/effects/peds/mpbattle_overlays.xml	ZONE_TORSO	TYPE_BADGE	GENDER_MALE	0.737000	0.687000	0.150000	0.125000	0.000000	MP_Battle_Clothing_038	MP_Battle_Clothing_038
MP_Battle_Clothing_038_F	mpBattle_overlays	update/x64/dlcpacks/mpbattle/dlc.rpf/common/data/effects/peds/mpbattle_overlays.xml	ZONE_TORSO	TYPE_BADGE	GENDER_FEMALE	0.720000	0.700000	0.145000	0.120000	0.000000	MP_Battle_Clothing_038	MP_Battle_Clothing_038
MP_Battle_Clothing_039_M	mpBattle_overlays	update/x64/dlcpacks/mpbattle/dlc.rpf/common/data/effects/peds/mpbattle_overlays.xml	ZONE_TORSO	TYPE_BADGE	GENDER_MALE	0.737000	0.670000	0.150000	0.125000	0.000000	MP_Battle_Clothing_039	MP_Battle_Clothing_039
MP_Battle_Clothing_039_F	mpBattle_overlays	update/x64/dlcpacks/mpbattle/dlc.rpf/common/data/effects/peds/mpbattle_overlays.xml	ZONE_TORSO	TYPE_BADGE	GENDER_FEMALE	0.720000	0.700000	0.140000	0.120000	0.000000	MP_Battle_Clothing_039	MP_Battle_Clothing_039
MP_Battle_Clothing_040_M	mpBattle_overlays	update/x64/dlcpacks/mpbattle/dlc.rpf/common/data/effects/peds/mpbattle_overlays.xml	ZONE_TORSO	TYPE_BADGE	GENDER_MALE	0.737000	0.670000	0.150000	0.125000	0.000000	MP_Battle_Clothing_040	MP_Battle_Clothing_040
MP_Battle_Clothing_040_F	mpBattle_overlays	update/x64/dlcpacks/mpbattle/dlc.rpf/common/data/effects/peds/mpbattle_overlays.xml	ZONE_TORSO	TYPE_BADGE	GENDER_FEMALE	0.720000	0.700000	0.130000	0.105000	0.000000	MP_Battle_Clothing_040	MP_Battle_Clothing_040
MP_Battle_Clothing_041_M	mpBattle_overlays	update/x64/dlcpacks/mpbattle/dlc.rpf/common/data/effects/peds/mpbattle_overlays.xml	ZONE_TORSO	TYPE_BADGE	GENDER_MALE	0.737000	0.685000	0.150000	0.125000	0.000000	MP_Battle_Clothing_041	MP_Battle_Clothing_041
MP_Battle_Clothing_041_F	mpBattle_overlays	update/x64/dlcpacks/mpbattle/dlc.rpf/common/data/effects/peds/mpbattle_overlays.xml	ZONE_TORSO	TYPE_BADGE	GENDER_FEMALE	0.720000	0.690000	0.130000	0.120000	0.000000	MP_Battle_Clothing_041	MP_Battle_Clothing_041
MP_Battle_Clothing_042_M	mpBattle_overlays	update/x64/dlcpacks/mpbattle/dlc.rpf/common/data/effects/peds/mpbattle_overlays.xml	ZONE_TORSO	TYPE_BADGE	GENDER_MALE	0.832000	0.677000	0.080000	0.075000	0.000000	MP_Battle_Clothing_042	MP_Battle_Clothing_042
MP_Battle_Clothing_042_F	mpBattle_overlays	update/x64/dlcpacks/mpbattle/dlc.rpf/common/data/effects/peds/mpbattle_overlays.xml	ZONE_TORSO	TYPE_BADGE	GENDER_FEMALE	0.810000	0.700000	0.080000	0.065000	0.000000	MP_Battle_Clothing_042	MP_Battle_Clothing_042
MP_Battle_Clothing_043_M	mpBattle_overlays	update/x64/dlcpacks/mpbattle/dlc.rpf/common/data/effects/peds/mpbattle_overlays.xml	ZONE_TORSO	TYPE_BADGE	GENDER_MALE	0.737000	0.670000	0.150000	0.125000	0.000000	MP_Battle_Clothing_043	MP_Battle_Clothing_043
MP_Battle_Clothing_043_F	mpBattle_overlays	update/x64/dlcpacks/mpbattle/dlc.rpf/common/data/effects/peds/mpbattle_overlays.xml	ZONE_TORSO	TYPE_BADGE	GENDER_FEMALE	0.720000	0.700000	0.125000	0.105000	0.000000	MP_Battle_Clothing_043	MP_Battle_Clothing_043
MP_Battle_Clothing_044_M	mpBattle_overlays	update/x64/dlcpacks/mpbattle/dlc.rpf/common/data/effects/peds/mpbattle_overlays.xml	ZONE_TORSO	TYPE_BADGE	GENDER_MALE	0.737000	0.670000	0.150000	0.125000	0.000000	MP_Battle_Clothing_044	MP_Battle_Clothing_044
MP_Battle_Clothing_044_F	mpBattle_overlays	update/x64/dlcpacks/mpbattle/dlc.rpf/common/data/effects/peds/mpbattle_overlays.xml	ZONE_TORSO	TYPE_BADGE	GENDER_FEMALE	0.720000	0.700000	0.125000	0.105000	0.000000	MP_Battle_Clothing_044	MP_Battle_Clothing_044
MP_Battle_Clothing_045_M	mpBattle_overlays	update/x64/dlcpacks/mpbattle/dlc.rpf/common/data/effects/peds/mpbattle_overlays.xml	ZONE_TORSO	TYPE_BADGE	GENDER_MALE	0.737000	0.680000	0.145000	0.125000	0.000000	MP_Battle_Clothing_045	MP_Battle_Clothing_045
MP_Battle_Clothing_045_F	mpBattle_overlays	update/x64/dlcpacks/mpbattle/dlc.rpf/common/data/effects/peds/mpbattle_overlays.xml	ZONE_TORSO	TYPE_BADGE	GENDER_FEMALE	0.720000	0.700000	0.140000	0.115000	0.000000	MP_Battle_Clothing_045	MP_Battle_Clothing_045
MP_Battle_Clothing_046_M	mpBattle_overlays	update/x64/dlcpacks/mpbattle/dlc.rpf/common/data/effects/peds/mpbattle_overlays.xml	ZONE_TORSO	TYPE_BADGE	GENDER_MALE	0.737000	0.680000	0.145000	0.125000	0.000000	MP_Battle_Clothing_046	MP_Battle_Clothing_046
MP_Battle_Clothing_046_F	mpBattle_overlays	update/x64/dlcpacks/mpbattle/dlc.rpf/common/data/effects/peds/mpbattle_overlays.xml	ZONE_TORSO	TYPE_BADGE	GENDER_FEMALE	0.720000	0.700000	0.140000	0.115000	0.000000	MP_Battle_Clothing_046	MP_Battle_Clothing_046
MP_Battle_Clothing_047_M	mpBattle_overlays	update/x64/dlcpacks/mpbattle/dlc.rpf/common/data/effects/peds/mpbattle_overlays.xml	ZONE_TORSO	TYPE_BADGE	GENDER_MALE	0.737000	0.657000	0.115000	0.095000	0.000000	MP_Battle_Clothing_047	MP_Battle_Clothing_047
MP_Battle_Clothing_047_F	mpBattle_overlays	update/x64/dlcpacks/mpbattle/dlc.rpf/common/data/effects/peds/mpbattle_overlays.xml	ZONE_TORSO	TYPE_BADGE	GENDER_FEMALE	0.720000	0.670000	0.115000	0.095000	0.000000	MP_Battle_Clothing_047	MP_Battle_Clothing_047
MP_Battle_Clothing_048_M	mpBattle_overlays	update/x64/dlcpacks/mpbattle/dlc.rpf/common/data/effects/peds/mpbattle_overlays.xml	ZONE_TORSO	TYPE_BADGE	GENDER_MALE	0.737000	0.685000	0.140000	0.120000	0.000000	MP_Battle_Clothing_048	MP_Battle_Clothing_048
MP_Battle_Clothing_048_F	mpBattle_overlays	update/x64/dlcpacks/mpbattle/dlc.rpf/common/data/effects/peds/mpbattle_overlays.xml	ZONE_TORSO	TYPE_BADGE	GENDER_FEMALE	0.720000	0.700000	0.135000	0.110000	0.000000	MP_Battle_Clothing_048	MP_Battle_Clothing_048
MP_Battle_Clothing_049_M	mpBattle_overlays	update/x64/dlcpacks/mpbattle/dlc.rpf/common/data/effects/peds/mpbattle_overlays.xml	ZONE_TORSO	TYPE_BADGE	GENDER_MALE	0.737000	0.685000	0.140000	0.120000	0.000000	MP_Battle_Clothing_049	MP_Battle_Clothing_049
MP_Battle_Clothing_049_F	mpBattle_overlays	update/x64/dlcpacks/mpbattle/dlc.rpf/common/data/effects/peds/mpbattle_overlays.xml	ZONE_TORSO	TYPE_BADGE	GENDER_FEMALE	0.720000	0.700000	0.135000	0.110000	0.000000	MP_Battle_Clothing_049	MP_Battle_Clothing_049
MP_Battle_Clothing_050_M	mpBattle_overlays	update/x64/dlcpacks/mpbattle/dlc.rpf/common/data/effects/peds/mpbattle_overlays.xml	ZONE_TORSO	TYPE_BADGE	GENDER_MALE	0.737000	0.657000	0.115000	0.095000	0.000000	MP_Battle_Clothing_050	MP_Battle_Clothing_050
MP_Battle_Clothing_050_F	mpBattle_overlays	update/x64/dlcpacks/mpbattle/dlc.rpf/common/data/effects/peds/mpbattle_overlays.xml	ZONE_TORSO	TYPE_BADGE	GENDER_FEMALE	0.720000	0.670000	0.115000	0.095000	0.000000	MP_Battle_Clothing_050	MP_Battle_Clothing_050
MP_Battle_Clothing_051_M	mpBattle_overlays	update/x64/dlcpacks/mpbattle/dlc.rpf/common/data/effects/peds/mpbattle_overlays.xml	ZONE_TORSO	TYPE_BADGE	GENDER_MALE	0.737000	0.547000	0.200000	0.175000	0.000000	MP_Battle_Clothing_051	MP_Battle_Clothing_051
MP_Battle_Clothing_051_F	mpBattle_overlays	update/x64/dlcpacks/mpbattle/dlc.rpf/common/data/effects/peds/mpbattle_overlays.xml	ZONE_TORSO	TYPE_BADGE	GENDER_FEMALE	0.720000	0.570000	0.180000	0.165000	0.000000	MP_Battle_Clothing_051	MP_Battle_Clothing_051
MP_Battle_Clothing_052_M	mpBattle_overlays	update/x64/dlcpacks/mpbattle/dlc.rpf/common/data/effects/peds/mpbattle_overlays.xml	ZONE_TORSO	TYPE_BADGE	GENDER_MALE	0.737000	0.625000	0.150000	0.125000	0.000000	MP_Battle_Clothing_052	MP_Battle_Clothing_052
MP_Battle_Clothing_052_F	mpBattle_overlays	update/x64/dlcpacks/mpbattle/dlc.rpf/common/data/effects/peds/mpbattle_overlays.xml	ZONE_TORSO	TYPE_BADGE	GENDER_FEMALE	0.716000	0.645000	0.160000	0.130000	-3.960000	MP_Battle_Clothing_052	MP_Battle_Clothing_052
MP_Battle_Clothing_053_M	mpBattle_overlays	update/x64/dlcpacks/mpbattle/dlc.rpf/common/data/effects/peds/mpbattle_overlays.xml	ZONE_TORSO	TYPE_BADGE	GENDER_MALE	0.737000	0.607000	0.150000	0.125000	0.000000	MP_Battle_Clothing_053	MP_Battle_Clothing_053
MP_Battle_Clothing_053_F	mpBattle_overlays	update/x64/dlcpacks/mpbattle/dlc.rpf/common/data/effects/peds/mpbattle_overlays.xml	ZONE_TORSO	TYPE_BADGE	GENDER_FEMALE	0.720000	0.640000	0.160000	0.130000	0.000000	MP_Battle_Clothing_053	MP_Battle_Clothing_053
MP_Battle_Clothing_054_M	mpBattle_overlays	update/x64/dlcpacks/mpbattle/dlc.rpf/common/data/effects/peds/mpbattle_overlays.xml	ZONE_TORSO	TYPE_BADGE	GENDER_MALE	0.737000	0.607000	0.160000	0.135000	0.000000	MP_Battle_Clothing_054	MP_Battle_Clothing_054
MP_Battle_Clothing_054_F	mpBattle_overlays	update/x64/dlcpacks/mpbattle/dlc.rpf/common/data/effects/peds/mpbattle_overlays.xml	ZONE_TORSO	TYPE_BADGE	GENDER_FEMALE	0.720000	0.640000	0.160000	0.130000	0.000000	MP_Battle_Clothing_054	MP_Battle_Clothing_054
MP_Battle_Clothing_055_M	mpBattle_overlays	update/x64/dlcpacks/mpbattle/dlc.rpf/common/data/effects/peds/mpbattle_overlays.xml	ZONE_TORSO	TYPE_BADGE	GENDER_MALE	0.737000	0.687000	0.160000	0.135000	0.000000	MP_Battle_Clothing_055	MP_Battle_Clothing_055
MP_Battle_Clothing_055_F	mpBattle_overlays	update/x64/dlcpacks/mpbattle/dlc.rpf/common/data/effects/peds/mpbattle_overlays.xml	ZONE_TORSO	TYPE_BADGE	GENDER_FEMALE	0.720000	0.710000	0.160000	0.135000	0.000000	MP_Battle_Clothing_055	MP_Battle_Clothing_055
MP_Battle_Clothing_056_M	mpBattle_overlays	update/x64/dlcpacks/mpbattle/dlc.rpf/common/data/effects/peds/mpbattle_overlays.xml	ZONE_TORSO	TYPE_BADGE	GENDER_MALE	0.737000	0.687000	0.160000	0.135000	0.000000	MP_Battle_Clothing_056	MP_Battle_Clothing_056
MP_Battle_Clothing_056_F	mpBattle_overlays	update/x64/dlcpacks/mpbattle/dlc.rpf/common/data/effects/peds/mpbattle_overlays.xml	ZONE_TORSO	TYPE_BADGE	GENDER_FEMALE	0.720000	0.710000	0.160000	0.135000	0.000000	MP_Battle_Clothing_056	MP_Battle_Clothing_056
MP_Battle_Clothing_057_M	mpBattle_overlays	update/x64/dlcpacks/mpbattle/dlc.rpf/common/data/effects/peds/mpbattle_overlays.xml	ZONE_TORSO	TYPE_BADGE	GENDER_MALE	0.737000	0.687000	0.160000	0.135000	0.000000	MP_Battle_Clothing_057	MP_Battle_Clothing_057
MP_Battle_Clothing_057_F	mpBattle_overlays	update/x64/dlcpacks/mpbattle/dlc.rpf/common/data/effects/peds/mpbattle_overlays.xml	ZONE_TORSO	TYPE_BADGE	GENDER_FEMALE	0.720000	0.710000	0.160000	0.135000	0.000000	MP_Battle_Clothing_057	MP_Battle_Clothing_057
MP_Battle_Clothing_058_M	mpBattle_overlays	update/x64/dlcpacks/mpbattle/dlc.rpf/common/data/effects/peds/mpbattle_overlays.xml	ZONE_TORSO	TYPE_BADGE	GENDER_MALE	0.737000	0.687000	0.160000	0.135000	0.000000	MP_Battle_Clothing_058	MP_Battle_Clothing_058
MP_Battle_Clothing_058_F	mpBattle_overlays	update/x64/dlcpacks/mpbattle/dlc.rpf/common/data/effects/peds/mpbattle_overlays.xml	ZONE_TORSO	TYPE_BADGE	GENDER_FEMALE	0.720000	0.710000	0.155000	0.135000	0.000000	MP_Battle_Clothing_058	MP_Battle_Clothing_058
MP_Battle_Clothing_059_M	mpBattle_overlays	update/x64/dlcpacks/mpbattle/dlc.rpf/common/data/effects/peds/mpbattle_overlays.xml	ZONE_TORSO	TYPE_BADGE	GENDER_MALE	0.737000	0.687000	0.160000	0.135000	0.000000	MP_Battle_Clothing_059	MP_Battle_Clothing_059
MP_Battle_Clothing_059_F	mpBattle_overlays	update/x64/dlcpacks/mpbattle/dlc.rpf/common/data/effects/peds/mpbattle_overlays.xml	ZONE_TORSO	TYPE_BADGE	GENDER_FEMALE	0.720000	0.710000	0.155000	0.135000	0.000000	MP_Battle_Clothing_059	MP_Battle_Clothing_059
MP_Battle_Clothing_060_M	mpBattle_overlays	update/x64/dlcpacks/mpbattle/dlc.rpf/common/data/effects/peds/mpbattle_overlays.xml	ZONE_TORSO	TYPE_BADGE	GENDER_MALE	0.737000	0.687000	0.160000	0.135000	0.000000	MP_Battle_Clothing_060	MP_Battle_Clothing_060
MP_Battle_Clothing_060_F	mpBattle_overlays	update/x64/dlcpacks/mpbattle/dlc.rpf/common/data/effects/peds/mpbattle_overlays.xml	ZONE_TORSO	TYPE_BADGE	GENDER_FEMALE	0.720000	0.710000	0.155000	0.135000	0.000000	MP_Battle_Clothing_060	MP_Battle_Clothing_060
MP_Battle_Clothing_061_M	mpBattle_overlays	update/x64/dlcpacks/mpbattle/dlc.rpf/common/data/effects/peds/mpbattle_overlays.xml	ZONE_TORSO	TYPE_BADGE	GENDER_MALE	0.830000	0.670000	0.075000	0.065000	0.000000	MP_Battle_Clothing_061	MP_Battle_Clothing_061
MP_Battle_Clothing_061_F	mpBattle_overlays	update/x64/dlcpacks/mpbattle/dlc.rpf/common/data/effects/peds/mpbattle_overlays.xml	ZONE_TORSO	TYPE_BADGE	GENDER_FEMALE	0.800000	0.675000	0.075000	0.060000	0.000000	MP_Battle_Clothing_061	MP_Battle_Clothing_061
MP_Battle_Clothing_062_M	mpBattle_overlays	update/x64/dlcpacks/mpbattle/dlc.rpf/common/data/effects/peds/mpbattle_overlays.xml	ZONE_TORSO	TYPE_BADGE	GENDER_MALE	0.830000	0.670000	0.075000	0.065000	0.000000	MP_Battle_Clothing_062	MP_Battle_Clothing_062
MP_Battle_Clothing_062_F	mpBattle_overlays	update/x64/dlcpacks/mpbattle/dlc.rpf/common/data/effects/peds/mpbattle_overlays.xml	ZONE_TORSO	TYPE_BADGE	GENDER_FEMALE	0.800000	0.675000	0.075000	0.060000	0.000000	MP_Battle_Clothing_062	MP_Battle_Clothing_062
MP_Biker_Award_000_M	mpBiker_overlays	update/x64/dlcpacks/mpbiker/dlc.rpf/common/data/effects/peds/mpbiker_overlays.xml	ZONE_TORSO	TYPE_BADGE	GENDER_MALE	0.720000	0.640000	0.100000	0.100000	0.000000	MP_Biker_Award_000	MP_Biker_Award_000
MP_Biker_Award_000_F	mpBiker_overlays	update/x64/dlcpacks/mpbiker/dlc.rpf/common/data/effects/peds/mpbiker_overlays.xml	ZONE_TORSO	TYPE_BADGE	GENDER_FEMALE	0.720000	0.640000	0.100000	0.100000	0.000000	MP_Biker_Award_000	MP_Biker_Award_000
MP_Biker_Award_001_M	mpBiker_overlays	update/x64/dlcpacks/mpbiker/dlc.rpf/common/data/effects/peds/mpbiker_overlays.xml	ZONE_TORSO	TYPE_BADGE	GENDER_MALE	0.720000	0.640000	0.100000	0.100000	0.000000	MP_Biker_Award_001	MP_Biker_Award_001
MP_Biker_Award_001_F	mpBiker_overlays	update/x64/dlcpacks/mpbiker/dlc.rpf/common/data/effects/peds/mpbiker_overlays.xml	ZONE_TORSO	TYPE_BADGE	GENDER_FEMALE	0.720000	0.640000	0.100000	0.100000	0.000000	MP_Biker_Award_001	MP_Biker_Award_001
MP_Biker_Hair_000_M	mpBiker_overlays	update/x64/dlcpacks/mpbiker/dlc.rpf/common/data/effects/peds/mpbiker_overlays.xml	ZONE_HEAD	TYPE_TATTOO	GENDER_MALE	0.500000	0.500000	0.600000	0.500000	0.000000	MP_Biker_Hair_000	MP_Biker_Hair_000
MP_Biker_Hair_000_F	mpBiker_overlays	update/x64/dlcpacks/mpbiker/dlc.rpf/common/data/effects/peds/mpbiker_overlays.xml	ZONE_HEAD	TYPE_TATTOO	GENDER_FEMALE	0.500000	0.500000	0.600000	0.500000	0.000000	MP_Biker_Hair_000	MP_Biker_Hair_000
MP_Biker_Hair_001_M	mpBiker_overlays	update/x64/dlcpacks/mpbiker/dlc.rpf/common/data/effects/peds/mpbiker_overlays.xml	ZONE_HEAD	TYPE_TATTOO	GENDER_MALE	0.500000	0.500000	0.600000	0.500000	0.000000	MP_Biker_Hair_001	MP_Biker_Hair_001
MP_Biker_Hair_001_F	mpBiker_overlays	update/x64/dlcpacks/mpbiker/dlc.rpf/common/data/effects/peds/mpbiker_overlays.xml	ZONE_HEAD	TYPE_TATTOO	GENDER_FEMALE	0.500000	0.500000	0.600000	0.500000	0.000000	MP_Biker_Hair_001	MP_Biker_Hair_001
MP_Biker_Hair_002_M	mpBiker_overlays	update/x64/dlcpacks/mpbiker/dlc.rpf/common/data/effects/peds/mpbiker_overlays.xml	ZONE_HEAD	TYPE_TATTOO	GENDER_MALE	0.500000	0.500000	0.600000	0.500000	0.000000	MP_Biker_Hair_002	MP_Biker_Hair_002
MP_Biker_Hair_002_F	mpBiker_overlays	update/x64/dlcpacks/mpbiker/dlc.rpf/common/data/effects/peds/mpbiker_overlays.xml	ZONE_HEAD	TYPE_TATTOO	GENDER_FEMALE	0.500000	0.500000	0.600000	0.500000	0.000000	MP_Biker_Hair_002	MP_Biker_Hair_002
MP_Biker_Hair_003_M	mpBiker_overlays	update/x64/dlcpacks/mpbiker/dlc.rpf/common/data/effects/peds/mpbiker_overlays.xml	ZONE_HEAD	TYPE_TATTOO	GENDER_MALE	0.500000	0.500000	0.600000	0.500000	0.000000	MP_Biker_Hair_003	MP_Biker_Hair_003
MP_Biker_Hair_003_F	mpBiker_overlays	update/x64/dlcpacks/mpbiker/dlc.rpf/common/data/effects/peds/mpbiker_overlays.xml	ZONE_HEAD	TYPE_TATTOO	GENDER_FEMALE	0.500000	0.500000	0.600000	0.500000	0.000000	MP_Biker_Hair_003	MP_Biker_Hair_003
MP_Biker_Hair_004_M	mpBiker_overlays	update/x64/dlcpacks/mpbiker/dlc.rpf/common/data/effects/peds/mpbiker_overlays.xml	ZONE_HEAD	TYPE_TATTOO	GENDER_MALE	0.500000	0.500000	0.600000	0.500000	0.000000	MP_Biker_Hair_004	MP_Biker_Hair_004
MP_Biker_Hair_004_F	mpBiker_overlays	update/x64/dlcpacks/mpbiker/dlc.rpf/common/data/effects/peds/mpbiker_overlays.xml	ZONE_HEAD	TYPE_TATTOO	GENDER_FEMALE	0.500000	0.500000	0.600000	0.500000	0.000000	MP_Biker_Hair_004	MP_Biker_Hair_004
MP_Biker_Hair_005_M	mpBiker_overlays	update/x64/dlcpacks/mpbiker/dlc.rpf/common/data/effects/peds/mpbiker_overlays.xml	ZONE_HEAD	TYPE_TATTOO	GENDER_MALE	0.500000	0.500000	0.600000	0.500000	0.000000	MP_Biker_Hair_005	MP_Biker_Hair_005
MP_Biker_Hair_005_F	mpBiker_overlays	update/x64/dlcpacks/mpbiker/dlc.rpf/common/data/effects/peds/mpbiker_overlays.xml	ZONE_HEAD	TYPE_TATTOO	GENDER_FEMALE	0.500000	0.500000	0.600000	0.500000	0.000000	MP_Biker_Hair_005	MP_Biker_Hair_005
MP_Biker_Hair_006_M	mpBiker_overlays	update/x64/dlcpacks/mpbiker/dlc.rpf/common/data/effects/peds/mpbiker_overlays.xml	ZONE_HEAD	TYPE_TATTOO	GENDER_MALE	0.500000	0.500000	0.600000	0.500000	0.000000	MP_Biker_Hair_006	MP_Biker_Hair_006
MP_Biker_Hair_006_F	mpBiker_overlays	update/x64/dlcpacks/mpbiker/dlc.rpf/common/data/effects/peds/mpbiker_overlays.xml	ZONE_HEAD	TYPE_TATTOO	GENDER_FEMALE	0.500000	0.500000	0.600000	0.500000	0.000000	MP_Biker_Hair_006	MP_Biker_Hair_006
MP_Biker_Rank_000_M	mpBiker_overlays	update/x64/dlcpacks/mpbiker/dlc.rpf/common/data/effects/peds/mpbiker_overlays.xml	ZONE_TORSO	TYPE_BADGE	GENDER_MALE	0.865000	0.770000	0.055000	0.055000	0.000000	MP_Biker_Rank_000	MP_Biker_Rank_000
MP_Biker_Rank_000_F	mpBiker_overlays	update/x64/dlcpacks/mpbiker/dlc.rpf/common/data/effects/peds/mpbiker_overlays.xml	ZONE_TORSO	TYPE_BADGE	GENDER_FEMALE	0.865000	0.770000	0.055000	0.055000	0.000000	MP_Biker_Rank_000	MP_Biker_Rank_000
MP_Biker_Rank_001_M	mpBiker_overlays	update/x64/dlcpacks/mpbiker/dlc.rpf/common/data/effects/peds/mpbiker_overlays.xml	ZONE_TORSO	TYPE_BADGE	GENDER_MALE	0.865000	0.770000	0.055000	0.055000	0.000000	MP_Biker_Rank_001	MP_Biker_Rank_001
MP_Biker_Rank_001_F	mpBiker_overlays	update/x64/dlcpacks/mpbiker/dlc.rpf/common/data/effects/peds/mpbiker_overlays.xml	ZONE_TORSO	TYPE_BADGE	GENDER_FEMALE	0.865000	0.770000	0.055000	0.055000	0.000000	MP_Biker_Rank_001	MP_Biker_Rank_001
MP_Biker_Rank_002_M	mpBiker_overlays	update/x64/dlcpacks/mpbiker/dlc.rpf/common/data/effects/peds/mpbiker_overlays.xml	ZONE_TORSO	TYPE_BADGE	GENDER_MALE	0.865000	0.770000	0.055000	0.055000	0.000000	MP_Biker_Rank_002	MP_Biker_Rank_002
MP_Biker_Rank_002_F	mpBiker_overlays	update/x64/dlcpacks/mpbiker/dlc.rpf/common/data/effects/peds/mpbiker_overlays.xml	ZONE_TORSO	TYPE_BADGE	GENDER_FEMALE	0.865000	0.770000	0.055000	0.055000	0.000000	MP_Biker_Rank_002	MP_Biker_Rank_002
MP_Biker_Rank_003_M	mpBiker_overlays	update/x64/dlcpacks/mpbiker/dlc.rpf/common/data/effects/peds/mpbiker_overlays.xml	ZONE_TORSO	TYPE_BADGE	GENDER_MALE	0.865000	0.770000	0.055000	0.055000	0.000000	MP_Biker_Rank_003	MP_Biker_Rank_003
MP_Biker_Rank_003_F	mpBiker_overlays	update/x64/dlcpacks/mpbiker/dlc.rpf/common/data/effects/peds/mpbiker_overlays.xml	ZONE_TORSO	TYPE_BADGE	GENDER_FEMALE	0.865000	0.770000	0.055000	0.055000	0.000000	MP_Biker_Rank_003	MP_Biker_Rank_003
MP_Biker_Rank_004_M	mpBiker_overlays	update/x64/dlcpacks/mpbiker/dlc.rpf/common/data/effects/peds/mpbiker_overlays.xml	ZONE_TORSO	TYPE_BADGE	GENDER_MALE	0.865000	0.770000	0.055000	0.055000	0.000000	MP_Biker_Rank_004	MP_Biker_Rank_004
MP_Biker_Rank_004_F	mpBiker_overlays	update/x64/dlcpacks/mpbiker/dlc.rpf/common/data/effects/peds/mpbiker_overlays.xml	ZONE_TORSO	TYPE_BADGE	GENDER_FEMALE	0.865000	0.770000	0.055000	0.055000	0.000000	MP_Biker_Rank_004	MP_Biker_Rank_004
MP_Biker_Rank_005_M	mpBiker_overlays	update/x64/dlcpacks/mpbiker/dlc.rpf/common/data/effects/peds/mpbiker_overlays.xml	ZONE_TORSO	TYPE_BADGE	GENDER_MALE	0.830000	0.810000	0.055000	0.055000	0.000000	MP_Biker_Rank_005	MP_Biker_Rank_005
MP_Biker_Rank_005_F	mpBiker_overlays	update/x64/dlcpacks/mpbiker/dlc.rpf/common/data/effects/peds/mpbiker_overlays.xml	ZONE_TORSO	TYPE_BADGE	GENDER_FEMALE	0.830000	0.810000	0.055000	0.055000	0.000000	MP_Biker_Rank_005	MP_Biker_Rank_005
MP_Biker_Rank_006_M	mpBiker_overlays	update/x64/dlcpacks/mpbiker/dlc.rpf/common/data/effects/peds/mpbiker_overlays.xml	ZONE_TORSO	TYPE_BADGE	GENDER_MALE	0.830000	0.810000	0.055000	0.055000	0.000000	MP_Biker_Rank_006	MP_Biker_Rank_006
MP_Biker_Rank_006_F	mpBiker_overlays	update/x64/dlcpacks/mpbiker/dlc.rpf/common/data/effects/peds/mpbiker_overlays.xml	ZONE_TORSO	TYPE_BADGE	GENDER_FEMALE	0.830000	0.810000	0.055000	0.055000	0.000000	MP_Biker_Rank_006	MP_Biker_Rank_006
MP_Biker_Rank_007_M	mpBiker_overlays	update/x64/dlcpacks/mpbiker/dlc.rpf/common/data/effects/peds/mpbiker_overlays.xml	ZONE_TORSO	TYPE_BADGE	GENDER_MALE	0.830000	0.810000	0.055000	0.055000	0.000000	MP_Biker_Rank_007	MP_Biker_Rank_007
MP_Biker_Rank_007_F	mpBiker_overlays	update/x64/dlcpacks/mpbiker/dlc.rpf/common/data/effects/peds/mpbiker_overlays.xml	ZONE_TORSO	TYPE_BADGE	GENDER_FEMALE	0.830000	0.810000	0.055000	0.055000	0.000000	MP_Biker_Rank_007	MP_Biker_Rank_007
MP_Biker_Rank_008_M	mpBiker_overlays	update/x64/dlcpacks/mpbiker/dlc.rpf/common/data/effects/peds/mpbiker_overlays.xml	ZONE_TORSO	TYPE_BADGE	GENDER_MALE	0.830000	0.810000	0.055000	0.055000	0.000000	MP_Biker_Rank_008	MP_Biker_Rank_008
MP_Biker_Rank_008_F	mpBiker_overlays	update/x64/dlcpacks/mpbiker/dlc.rpf/common/data/effects/peds/mpbiker_overlays.xml	ZONE_TORSO	TYPE_BADGE	GENDER_FEMALE	0.830000	0.810000	0.055000	0.055000	0.000000	MP_Biker_Rank_008	MP_Biker_Rank_008
MP_Biker_Rank_009_M	mpBiker_overlays	update/x64/dlcpacks/mpbiker/dlc.rpf/common/data/effects/peds/mpbiker_overlays.xml	ZONE_TORSO	TYPE_BADGE	GENDER_MALE	0.830000	0.810000	0.055000	0.055000	0.000000	MP_Biker_Rank_009	MP_Biker_Rank_009
MP_Biker_Rank_009_F	mpBiker_overlays	update/x64/dlcpacks/mpbiker/dlc.rpf/common/data/effects/peds/mpbiker_overlays.xml	ZONE_TORSO	TYPE_BADGE	GENDER_FEMALE	0.830000	0.810000	0.055000	0.055000	0.000000	MP_Biker_Rank_009	MP_Biker_Rank_009
MP_Biker_Rank_010_M	mpBiker_overlays	update/x64/dlcpacks/mpbiker/dlc.rpf/common/data/effects/peds/mpbiker_overlays.xml	ZONE_TORSO	TYPE_BADGE	GENDER_MALE	0.820000	0.685000	0.055000	0.055000	0.000000	MP_Biker_Rank_010	MP_Biker_Rank_010
MP_Biker_Rank_010_F	mpBiker_overlays	update/x64/dlcpacks/mpbiker/dlc.rpf/common/data/effects/peds/mpbiker_overlays.xml	ZONE_TORSO	TYPE_BADGE	GENDER_FEMALE	0.820000	0.685000	0.055000	0.055000	0.000000	MP_Biker_Rank_010	MP_Biker_Rank_010
MP_Biker_Rank_011_M	mpBiker_overlays	update/x64/dlcpacks/mpbiker/dlc.rpf/common/data/effects/peds/mpbiker_overlays.xml	ZONE_TORSO	TYPE_BADGE	GENDER_MALE	0.820000	0.685000	0.055000	0.055000	0.000000	MP_Biker_Rank_011	MP_Biker_Rank_011
MP_Biker_Rank_011_F	mpBiker_overlays	update/x64/dlcpacks/mpbiker/dlc.rpf/common/data/effects/peds/mpbiker_overlays.xml	ZONE_TORSO	TYPE_BADGE	GENDER_FEMALE	0.820000	0.685000	0.055000	0.055000	0.000000	MP_Biker_Rank_011	MP_Biker_Rank_011
MP_Biker_Rank_012_M	mpBiker_overlays	update/x64/dlcpacks/mpbiker/dlc.rpf/common/data/effects/peds/mpbiker_overlays.xml	ZONE_TORSO	TYPE_BADGE	GENDER_MALE	0.820000	0.685000	0.055000	0.055000	0.000000	MP_Biker_Rank_012	MP_Biker_Rank_012
MP_Biker_Rank_012_F	mpBiker_overlays	update/x64/dlcpacks/mpbiker/dlc.rpf/common/data/effects/peds/mpbiker_overlays.xml	ZONE_TORSO	TYPE_BADGE	GENDER_FEMALE	0.820000	0.685000	0.055000	0.055000	0.000000	MP_Biker_Rank_012	MP_Biker_Rank_012
MP_Biker_Rank_013_M	mpBiker_overlays	update/x64/dlcpacks/mpbiker/dlc.rpf/common/data/effects/peds/mpbiker_overlays.xml	ZONE_TORSO	TYPE_BADGE	GENDER_MALE	0.820000	0.685000	0.055000	0.055000	0.000000	MP_Biker_Rank_013	MP_Biker_Rank_013
MP_Biker_Rank_013_F	mpBiker_overlays	update/x64/dlcpacks/mpbiker/dlc.rpf/common/data/effects/peds/mpbiker_overlays.xml	ZONE_TORSO	TYPE_BADGE	GENDER_FEMALE	0.820000	0.685000	0.055000	0.055000	0.000000	MP_Biker_Rank_013	MP_Biker_Rank_013
MP_Biker_Rank_014_M	mpBiker_overlays	update/x64/dlcpacks/mpbiker/dlc.rpf/common/data/effects/peds/mpbiker_overlays.xml	ZONE_TORSO	TYPE_BADGE	GENDER_MALE	0.820000	0.685000	0.055000	0.055000	0.000000	MP_Biker_Rank_014	MP_Biker_Rank_014
MP_Biker_Rank_014_F	mpBiker_overlays	update/x64/dlcpacks/mpbiker/dlc.rpf/common/data/effects/peds/mpbiker_overlays.xml	ZONE_TORSO	TYPE_BADGE	GENDER_FEMALE	0.820000	0.685000	0.055000	0.055000	0.000000	MP_Biker_Rank_014	MP_Biker_Rank_014
MP_Biker_Rank_015_M	mpBiker_overlays	update/x64/dlcpacks/mpbiker/dlc.rpf/common/data/effects/peds/mpbiker_overlays.xml	ZONE_TORSO	TYPE_BADGE	GENDER_MALE	0.865000	0.770000	0.055000	0.055000	0.000000	MP_Biker_Rank_015	MP_Biker_Rank_015
MP_Biker_Rank_015_F	mpBiker_overlays	update/x64/dlcpacks/mpbiker/dlc.rpf/common/data/effects/peds/mpbiker_overlays.xml	ZONE_TORSO	TYPE_BADGE	GENDER_FEMALE	0.865000	0.770000	0.055000	0.055000	0.000000	MP_Biker_Rank_015	MP_Biker_Rank_015
MP_Biker_Rank_016_M	mpBiker_overlays	update/x64/dlcpacks/mpbiker/dlc.rpf/common/data/effects/peds/mpbiker_overlays.xml	ZONE_TORSO	TYPE_BADGE	GENDER_MALE	0.830000	0.810000	0.055000	0.055000	0.000000	MP_Biker_Rank_016	MP_Biker_Rank_016
MP_Biker_Rank_016_F	mpBiker_overlays	update/x64/dlcpacks/mpbiker/dlc.rpf/common/data/effects/peds/mpbiker_overlays.xml	ZONE_TORSO	TYPE_BADGE	GENDER_FEMALE	0.830000	0.810000	0.055000	0.055000	0.000000	MP_Biker_Rank_016	MP_Biker_Rank_016
MP_Biker_Rank_017_M	mpBiker_overlays	update/x64/dlcpacks/mpbiker/dlc.rpf/common/data/effects/peds/mpbiker_overlays.xml	ZONE_TORSO	TYPE_BADGE	GENDER_MALE	0.820000	0.685000	0.055000	0.055000	0.000000	MP_Biker_Rank_017	MP_Biker_Rank_017
MP_Biker_Rank_017_F	mpBiker_overlays	update/x64/dlcpacks/mpbiker/dlc.rpf/common/data/effects/peds/mpbiker_overlays.xml	ZONE_TORSO	TYPE_BADGE	GENDER_FEMALE	0.820000	0.685000	0.055000	0.055000	0.000000	MP_Biker_Rank_017	MP_Biker_Rank_017
MP_MP_Biker_Tat_000_M	mpBiker_overlays	update/x64/dlcpacks/mpbiker/dlc.rpf/common/data/effects/peds/mpbiker_overlays.xml	ZONE_TORSO	TYPE_TATTOO	GENDER_MALE	0.640000	0.620000	0.120000	0.120000	0.000000	MP_Biker_Tat_000	MP_Biker_Tat_000
MP_MP_Biker_Tat_000_F	mpBiker_overlays	update/x64/dlcpacks/mpbiker/dlc.rpf/common/data/effects/peds/mpbiker_overlays.xml	ZONE_TORSO	TYPE_TATTOO	GENDER_FEMALE	0.640000	0.640000	0.120000	0.110000	0.000000	MP_Biker_Tat_000	MP_Biker_Tat_000
MP_MP_Biker_Tat_001_M	mpBiker_overlays	update/x64/dlcpacks/mpbiker/dlc.rpf/common/data/effects/peds/mpbiker_overlays.xml	ZONE_TORSO	TYPE_TATTOO	GENDER_MALE	0.735000	0.600000	0.160000	0.160000	0.000000	MP_Biker_Tat_001	MP_Biker_Tat_001
MP_MP_Biker_Tat_001_F	mpBiker_overlays	update/x64/dlcpacks/mpbiker/dlc.rpf/common/data/effects/peds/mpbiker_overlays.xml	ZONE_TORSO	TYPE_TATTOO	GENDER_FEMALE	0.735000	0.630000	0.160000	0.160000	0.000000	MP_Biker_Tat_001	MP_Biker_Tat_001
MP_MP_Biker_Tat_002_M	mpBiker_overlays	update/x64/dlcpacks/mpbiker/dlc.rpf/common/data/effects/peds/mpbiker_overlays.xml	ZONE_LEFT_LEG	TYPE_TATTOO	GENDER_MALE	0.737000	0.640000	0.140000	0.140000	0.000000	MP_Biker_Tat_002	MP_Biker_Tat_002
MP_MP_Biker_Tat_002_F	mpBiker_overlays	update/x64/dlcpacks/mpbiker/dlc.rpf/common/data/effects/peds/mpbiker_overlays.xml	ZONE_LEFT_LEG	TYPE_TATTOO	GENDER_FEMALE	0.727000	0.720000	0.140000	0.160000	0.000000	MP_Biker_Tat_002	MP_Biker_Tat_002
MP_MP_Biker_Tat_003_M	mpBiker_overlays	update/x64/dlcpacks/mpbiker/dlc.rpf/common/data/effects/peds/mpbiker_overlays.xml	ZONE_TORSO	TYPE_TATTOO	GENDER_MALE	0.717000	0.330000	0.140000	0.140000	0.000000	MP_Biker_Tat_003	MP_Biker_Tat_003
MP_MP_Biker_Tat_003_F	mpBiker_overlays	update/x64/dlcpacks/mpbiker/dlc.rpf/common/data/effects/peds/mpbiker_overlays.xml	ZONE_TORSO	TYPE_TATTOO	GENDER_FEMALE	0.717000	0.370000	0.150000	0.120000	0.000000	MP_Biker_Tat_003	MP_Biker_Tat_003
MP_MP_Biker_Tat_004_M	mpBiker_overlays	update/x64/dlcpacks/mpbiker/dlc.rpf/common/data/effects/peds/mpbiker_overlays.xml	ZONE_RIGHT_LEG	TYPE_TATTOO	GENDER_MALE	0.437000	0.500000	0.400000	0.400000	18.360000	MP_Biker_Tat_004	MP_Biker_Tat_004
MP_MP_Biker_Tat_004_F	mpBiker_overlays	update/x64/dlcpacks/mpbiker/dlc.rpf/common/data/effects/peds/mpbiker_overlays.xml	ZONE_RIGHT_LEG	TYPE_TATTOO	GENDER_FEMALE	0.437000	0.550000	0.400000	0.430000	18.360000	MP_Biker_Tat_004	MP_Biker_Tat_004
MP_MP_Biker_Tat_005_M	mpBiker_overlays	update/x64/dlcpacks/mpbiker/dlc.rpf/common/data/effects/peds/mpbiker_overlays.xml	ZONE_TORSO	TYPE_TATTOO	GENDER_MALE	0.737000	0.600000	0.140000	0.140000	0.000000	MP_Biker_Tat_005	MP_Biker_Tat_005
MP_MP_Biker_Tat_005_F	mpBiker_overlays	update/x64/dlcpacks/mpbiker/dlc.rpf/common/data/effects/peds/mpbiker_overlays.xml	ZONE_TORSO	TYPE_TATTOO	GENDER_FEMALE	0.740000	0.630000	0.140000	0.110000	0.000000	MP_Biker_Tat_005	MP_Biker_Tat_005
MP_MP_Biker_Tat_006_M	mpBiker_overlays	update/x64/dlcpacks/mpbiker/dlc.rpf/common/data/effects/peds/mpbiker_overlays.xml	ZONE_TORSO	TYPE_TATTOO	GENDER_MALE	1.237000	0.240000	0.160000	0.160000	0.000000	MP_Biker_Tat_006	MP_Biker_Tat_006
MP_MP_Biker_Tat_006_F	mpBiker_overlays	update/x64/dlcpacks/mpbiker/dlc.rpf/common/data/effects/peds/mpbiker_overlays.xml	ZONE_TORSO	TYPE_TATTOO	GENDER_FEMALE	1.237000	0.350000	0.160000	0.120000	-1.800000	MP_Biker_Tat_006	MP_Biker_Tat_006
MP_MP_Biker_Tat_007_M	mpBiker_overlays	update/x64/dlcpacks/mpbiker/dlc.rpf/common/data/effects/peds/mpbiker_overlays.xml	ZONE_RIGHT_ARM	TYPE_TATTOO	GENDER_MALE	0.470000	0.750000	0.120000	0.120000	0.000000	MP_Biker_Tat_007	MP_Biker_Tat_007
MP_MP_Biker_Tat_007_F	mpBiker_overlays	update/x64/dlcpacks/mpbiker/dlc.rpf/common/data/effects/peds/mpbiker_overlays.xml	ZONE_RIGHT_ARM	TYPE_TATTOO	GENDER_FEMALE	0.470000	0.750000	0.120000	0.130000	0.000000	MP_Biker_Tat_007	MP_Biker_Tat_007
MP_MP_Biker_Tat_008_M	mpBiker_overlays	update/x64/dlcpacks/mpbiker/dlc.rpf/common/data/effects/peds/mpbiker_overlays.xml	ZONE_TORSO	TYPE_TATTOO	GENDER_MALE	1.225000	0.630000	0.180000	0.140000	0.000000	MP_Biker_Tat_008	MP_Biker_Tat_008
MP_MP_Biker_Tat_008_F	mpBiker_overlays	update/x64/dlcpacks/mpbiker/dlc.rpf/common/data/effects/peds/mpbiker_overlays.xml	ZONE_TORSO	TYPE_TATTOO	GENDER_FEMALE	1.225000	0.700000	0.180000	0.130000	0.000000	MP_Biker_Tat_008	MP_Biker_Tat_008
MP_MP_Biker_Tat_009_M	mpBiker_overlays	update/x64/dlcpacks/mpbiker/dlc.rpf/common/data/effects/peds/mpbiker_overlays.xml	ZONE_HEAD	TYPE_TATTOO	GENDER_MALE	0.690000	0.570000	0.090000	0.090000	36.360000	MP_Biker_Tat_009	MP_Biker_Tat_009
MP_MP_Biker_Tat_009_F	mpBiker_overlays	update/x64/dlcpacks/mpbiker/dlc.rpf/common/data/effects/peds/mpbiker_overlays.xml	ZONE_HEAD	TYPE_TATTOO	GENDER_FEMALE	0.690000	0.570000	0.090000	0.090000	36.360000	MP_Biker_Tat_009	MP_Biker_Tat_009
MP_MP_Biker_Tat_010_M	mpBiker_overlays	update/x64/dlcpacks/mpbiker/dlc.rpf/common/data/effects/peds/mpbiker_overlays.xml	ZONE_TORSO	TYPE_TATTOO	GENDER_MALE	0.750000	0.300000	0.140000	0.140000	0.000000	MP_Biker_Tat_010	MP_Biker_Tat_010
MP_MP_Biker_Tat_010_F	mpBiker_overlays	update/x64/dlcpacks/mpbiker/dlc.rpf/common/data/effects/peds/mpbiker_overlays.xml	ZONE_TORSO	TYPE_TATTOO	GENDER_FEMALE	0.750000	0.370000	0.140000	0.110000	0.000000	MP_Biker_Tat_010	MP_Biker_Tat_010
MP_MP_Biker_Tat_011_M	mpBiker_overlays	update/x64/dlcpacks/mpbiker/dlc.rpf/common/data/effects/peds/mpbiker_overlays.xml	ZONE_TORSO	TYPE_TATTOO	GENDER_MALE	0.230000	0.540000	0.250000	0.250000	3.000000	MP_Biker_Tat_011	MP_Biker_Tat_011
MP_MP_Biker_Tat_011_F	mpBiker_overlays	update/x64/dlcpacks/mpbiker/dlc.rpf/common/data/effects/peds/mpbiker_overlays.xml	ZONE_TORSO	TYPE_TATTOO	GENDER_FEMALE	0.230000	0.560000	0.250000	0.230000	3.000000	MP_Biker_Tat_011	MP_Biker_Tat_011
MP_MP_Biker_Tat_012_M	mpBiker_overlays	update/x64/dlcpacks/mpbiker/dlc.rpf/common/data/effects/peds/mpbiker_overlays.xml	ZONE_LEFT_ARM	TYPE_TATTOO	GENDER_MALE	0.580000	0.440000	0.120000	0.120000	0.000000	MP_Biker_Tat_012	MP_Biker_Tat_012
MP_MP_Biker_Tat_012_F	mpBiker_overlays	update/x64/dlcpacks/mpbiker/dlc.rpf/common/data/effects/peds/mpbiker_overlays.xml	ZONE_LEFT_ARM	TYPE_TATTOO	GENDER_FEMALE	0.580000	0.420000	0.110000	0.120000	0.000000	MP_Biker_Tat_012	MP_Biker_Tat_012
MP_MP_Biker_Tat_013_M	mpBiker_overlays	update/x64/dlcpacks/mpbiker/dlc.rpf/common/data/effects/peds/mpbiker_overlays.xml	ZONE_TORSO	TYPE_TATTOO	GENDER_MALE	0.737000	0.620000	0.130000	0.130000	0.000000	MP_Biker_Tat_013	MP_Biker_Tat_013
MP_MP_Biker_Tat_013_F	mpBiker_overlays	update/x64/dlcpacks/mpbiker/dlc.rpf/common/data/effects/peds/mpbiker_overlays.xml	ZONE_TORSO	TYPE_TATTOO	GENDER_FEMALE	0.737000	0.650000	0.130000	0.100000	0.000000	MP_Biker_Tat_013	MP_Biker_Tat_013
MP_MP_Biker_Tat_014_M	mpBiker_overlays	update/x64/dlcpacks/mpbiker/dlc.rpf/common/data/effects/peds/mpbiker_overlays.xml	ZONE_RIGHT_ARM	TYPE_TATTOO	GENDER_MALE	0.450000	0.795000	0.170000	0.140000	41.000000	MP_Biker_Tat_014	MP_Biker_Tat_014
MP_MP_Biker_Tat_014_F	mpBiker_overlays	update/x64/dlcpacks/mpbiker/dlc.rpf/common/data/effects/peds/mpbiker_overlays.xml	ZONE_RIGHT_ARM	TYPE_TATTOO	GENDER_FEMALE	0.455000	0.790000	0.190000	0.150000	41.000000	MP_Biker_Tat_014	MP_Biker_Tat_014
MP_MP_Biker_Tat_015_M	mpBiker_overlays	update/x64/dlcpacks/mpbiker/dlc.rpf/common/data/effects/peds/mpbiker_overlays.xml	ZONE_LEFT_LEG	TYPE_TATTOO	GENDER_MALE	0.237000	0.340000	0.140000	0.140000	0.000000	MP_Biker_Tat_015	MP_Biker_Tat_015
MP_MP_Biker_Tat_015_F	mpBiker_overlays	update/x64/dlcpacks/mpbiker/dlc.rpf/common/data/effects/peds/mpbiker_overlays.xml	ZONE_LEFT_LEG	TYPE_TATTOO	GENDER_FEMALE	0.237000	0.340000	0.140000	0.140000	0.000000	MP_Biker_Tat_015	MP_Biker_Tat_015
MP_MP_Biker_Tat_016_M	mpBiker_overlays	update/x64/dlcpacks/mpbiker/dlc.rpf/common/data/effects/peds/mpbiker_overlays.xml	ZONE_LEFT_ARM	TYPE_TATTOO	GENDER_MALE	0.490000	0.800000	0.100000	0.130000	0.000000	MP_Biker_Tat_016	MP_Biker_Tat_016
MP_MP_Biker_Tat_016_F	mpBiker_overlays	update/x64/dlcpacks/mpbiker/dlc.rpf/common/data/effects/peds/mpbiker_overlays.xml	ZONE_LEFT_ARM	TYPE_TATTOO	GENDER_FEMALE	0.490000	0.810000	0.100000	0.150000	0.000000	MP_Biker_Tat_016	MP_Biker_Tat_016
MP_MP_Biker_Tat_017_M	mpBiker_overlays	update/x64/dlcpacks/mpbiker/dlc.rpf/common/data/effects/peds/mpbiker_overlays.xml	ZONE_TORSO	TYPE_TATTOO	GENDER_MALE	0.237000	0.540000	0.290000	0.290000	34.560000	MP_Biker_Tat_017	MP_Biker_Tat_017
MP_MP_Biker_Tat_017_F	mpBiker_overlays	update/x64/dlcpacks/mpbiker/dlc.rpf/common/data/effects/peds/mpbiker_overlays.xml	ZONE_TORSO	TYPE_TATTOO	GENDER_FEMALE	0.237000	0.620000	0.290000	0.240000	34.560000	MP_Biker_Tat_017	MP_Biker_Tat_017
MP_MP_Biker_Tat_018_M	mpBiker_overlays	update/x64/dlcpacks/mpbiker/dlc.rpf/common/data/effects/peds/mpbiker_overlays.xml	ZONE_TORSO	TYPE_TATTOO	GENDER_MALE	0.820000	0.610000	0.100000	0.100000	0.000000	MP_Biker_Tat_018	MP_Biker_Tat_018
MP_MP_Biker_Tat_018_F	mpBiker_overlays	update/x64/dlcpacks/mpbiker/dlc.rpf/common/data/effects/peds/mpbiker_overlays.xml	ZONE_TORSO	TYPE_TATTOO	GENDER_FEMALE	0.820000	0.640000	0.100000	0.080000	0.000000	MP_Biker_Tat_018	MP_Biker_Tat_018
MP_MP_Biker_Tat_019_M	mpBiker_overlays	update/x64/dlcpacks/mpbiker/dlc.rpf/common/data/effects/peds/mpbiker_overlays.xml	ZONE_TORSO	TYPE_TATTOO	GENDER_MALE	0.720000	0.640000	0.155000	0.155000	0.000000	MP_Biker_Tat_019	MP_Biker_Tat_019
MP_MP_Biker_Tat_019_F	mpBiker_overlays	update/x64/dlcpacks/mpbiker/dlc.rpf/common/data/effects/peds/mpbiker_overlays.xml	ZONE_TORSO	TYPE_TATTOO	GENDER_FEMALE	0.730000	0.660000	0.155000	0.120000	0.000000	MP_Biker_Tat_019	MP_Biker_Tat_019
MP_MP_Biker_Tat_020_M	mpBiker_overlays	update/x64/dlcpacks/mpbiker/dlc.rpf/common/data/effects/peds/mpbiker_overlays.xml	ZONE_LEFT_ARM	TYPE_TATTOO	GENDER_MALE	0.550000	0.800000	0.160000	0.160000	12.600000	MP_Biker_Tat_020	MP_Biker_Tat_020
MP_MP_Biker_Tat_020_F	mpBiker_overlays	update/x64/dlcpacks/mpbiker/dlc.rpf/common/data/effects/peds/mpbiker_overlays.xml	ZONE_LEFT_ARM	TYPE_TATTOO	GENDER_FEMALE	0.550000	0.820000	0.160000	0.160000	12.600000	MP_Biker_Tat_020	MP_Biker_Tat_020
MP_MP_Biker_Tat_021_M	mpBiker_overlays	update/x64/dlcpacks/mpbiker/dlc.rpf/common/data/effects/peds/mpbiker_overlays.xml	ZONE_TORSO	TYPE_TATTOO	GENDER_MALE	0.210000	0.580000	0.240000	0.240000	0.000000	MP_Biker_Tat_021	MP_Biker_Tat_021
MP_MP_Biker_Tat_021_F	mpBiker_overlays	update/x64/dlcpacks/mpbiker/dlc.rpf/common/data/effects/peds/mpbiker_overlays.xml	ZONE_TORSO	TYPE_TATTOO	GENDER_FEMALE	0.220000	0.640000	0.240000	0.200000	0.000000	MP_Biker_Tat_021	MP_Biker_Tat_021
MP_MP_Biker_Tat_022_M	mpBiker_overlays	update/x64/dlcpacks/mpbiker/dlc.rpf/common/data/effects/peds/mpbiker_overlays.xml	ZONE_RIGHT_LEG	TYPE_TATTOO	GENDER_MALE	0.770000	0.340000	0.140000	0.120000	0.000000	MP_Biker_Tat_022	MP_Biker_Tat_022
MP_MP_Biker_Tat_022_F	mpBiker_overlays	update/x64/dlcpacks/mpbiker/dlc.rpf/common/data/effects/peds/mpbiker_overlays.xml	ZONE_RIGHT_LEG	TYPE_TATTOO	GENDER_FEMALE	0.770000	0.340000	0.140000	0.120000	0.000000	MP_Biker_Tat_022	MP_Biker_Tat_022
MP_MP_Biker_Tat_023_M	mpBiker_overlays	update/x64/dlcpacks/mpbiker/dlc.rpf/common/data/effects/peds/mpbiker_overlays.xml	ZONE_TORSO	TYPE_TATTOO	GENDER_MALE	0.735000	0.620000	0.200000	0.200000	0.000000	MP_Biker_Tat_023	MP_Biker_Tat_023
MP_MP_Biker_Tat_023_F	mpBiker_overlays	update/x64/dlcpacks/mpbiker/dlc.rpf/common/data/effects/peds/mpbiker_overlays.xml	ZONE_TORSO	TYPE_TATTOO	GENDER_FEMALE	0.740000	0.650000	0.200000	0.190000	0.000000	MP_Biker_Tat_023	MP_Biker_Tat_023
MP_MP_Biker_Tat_024_M	mpBiker_overlays	update/x64/dlcpacks/mpbiker/dlc.rpf/common/data/effects/peds/mpbiker_overlays.xml	ZONE_LEFT_ARM	TYPE_TATTOO	GENDER_MALE	0.350000	0.700000	0.155000	0.230000	10.080000	MP_Biker_Tat_024	MP_Biker_Tat_024
MP_MP_Biker_Tat_024_F	mpBiker_overlays	update/x64/dlcpacks/mpbiker/dlc.rpf/common/data/effects/peds/mpbiker_overlays.xml	ZONE_LEFT_ARM	TYPE_TATTOO	GENDER_FEMALE	0.345000	0.680000	0.220000	0.260000	18.720000	MP_Biker_Tat_024	MP_Biker_Tat_024
MP_MP_Biker_Tat_025_M	mpBiker_overlays	update/x64/dlcpacks/mpbiker/dlc.rpf/common/data/effects/peds/mpbiker_overlays.xml	ZONE_LEFT_ARM	TYPE_TATTOO	GENDER_MALE	0.500000	0.780000	0.140000	0.140000	4.680000	MP_Biker_Tat_025	MP_Biker_Tat_025
MP_MP_Biker_Tat_025_F	mpBiker_overlays	update/x64/dlcpacks/mpbiker/dlc.rpf/common/data/effects/peds/mpbiker_overlays.xml	ZONE_LEFT_ARM	TYPE_TATTOO	GENDER_FEMALE	0.500000	0.780000	0.140000	0.160000	4.680000	MP_Biker_Tat_025	MP_Biker_Tat_025
MP_MP_Biker_Tat_026_M	mpBiker_overlays	update/x64/dlcpacks/mpbiker/dlc.rpf/common/data/effects/peds/mpbiker_overlays.xml	ZONE_TORSO	TYPE_TATTOO	GENDER_MALE	0.727000	0.630000	0.200000	0.200000	0.000000	MP_Biker_Tat_026	MP_Biker_Tat_026
MP_MP_Biker_Tat_026_F	mpBiker_overlays	update/x64/dlcpacks/mpbiker/dlc.rpf/common/data/effects/peds/mpbiker_overlays.xml	ZONE_TORSO	TYPE_TATTOO	GENDER_FEMALE	0.737000	0.670000	0.200000	0.200000	0.000000	MP_Biker_Tat_026	MP_Biker_Tat_026
MP_MP_Biker_Tat_027_M	mpBiker_overlays	update/x64/dlcpacks/mpbiker/dlc.rpf/common/data/effects/peds/mpbiker_overlays.xml	ZONE_LEFT_LEG	TYPE_TATTOO	GENDER_MALE	0.260000	0.330000	0.140000	0.140000	101.520000	MP_Biker_Tat_027	MP_Biker_Tat_027
MP_MP_Biker_Tat_027_F	mpBiker_overlays	update/x64/dlcpacks/mpbiker/dlc.rpf/common/data/effects/peds/mpbiker_overlays.xml	ZONE_LEFT_LEG	TYPE_TATTOO	GENDER_FEMALE	0.260000	0.330000	0.140000	0.140000	101.520000	MP_Biker_Tat_027	MP_Biker_Tat_027
MP_MP_Biker_Tat_028_M	mpBiker_overlays	update/x64/dlcpacks/mpbiker/dlc.rpf/common/data/effects/peds/mpbiker_overlays.xml	ZONE_RIGHT_LEG	TYPE_TATTOO	GENDER_MALE	0.437000	0.700000	0.140000	0.140000	0.000000	MP_Biker_Tat_028	MP_Biker_Tat_028
MP_MP_Biker_Tat_028_F	mpBiker_overlays	update/x64/dlcpacks/mpbiker/dlc.rpf/common/data/effects/peds/mpbiker_overlays.xml	ZONE_RIGHT_LEG	TYPE_TATTOO	GENDER_FEMALE	0.437000	0.700000	0.140000	0.160000	0.000000	MP_Biker_Tat_028	MP_Biker_Tat_028
MP_MP_Biker_Tat_029_M	mpBiker_overlays	update/x64/dlcpacks/mpbiker/dlc.rpf/common/data/effects/peds/mpbiker_overlays.xml	ZONE_TORSO	TYPE_TATTOO	GENDER_MALE	0.637000	0.600000	0.100000	0.100000	0.000000	MP_Biker_Tat_029	MP_Biker_Tat_029
MP_MP_Biker_Tat_029_F	mpBiker_overlays	update/x64/dlcpacks/mpbiker/dlc.rpf/common/data/effects/peds/mpbiker_overlays.xml	ZONE_TORSO	TYPE_TATTOO	GENDER_FEMALE	0.640000	0.650000	0.140000	0.100000	0.000000	MP_Biker_Tat_029	MP_Biker_Tat_029
MP_MP_Biker_Tat_030_M	mpBiker_overlays	update/x64/dlcpacks/mpbiker/dlc.rpf/common/data/effects/peds/mpbiker_overlays.xml	ZONE_TORSO	TYPE_TATTOO	GENDER_MALE	0.220000	0.650000	0.180000	0.180000	0.000000	MP_Biker_Tat_030	MP_Biker_Tat_030
MP_MP_Biker_Tat_030_F	mpBiker_overlays	update/x64/dlcpacks/mpbiker/dlc.rpf/common/data/effects/peds/mpbiker_overlays.xml	ZONE_TORSO	TYPE_TATTOO	GENDER_FEMALE	0.220000	0.680000	0.180000	0.180000	0.000000	MP_Biker_Tat_030	MP_Biker_Tat_030
MP_MP_Biker_Tat_031_M	mpBiker_overlays	update/x64/dlcpacks/mpbiker/dlc.rpf/common/data/effects/peds/mpbiker_overlays.xml	ZONE_TORSO	TYPE_TATTOO	GENDER_MALE	0.725000	0.300000	0.140000	0.140000	0.000000	MP_Biker_Tat_031	MP_Biker_Tat_031
MP_MP_Biker_Tat_031_F	mpBiker_overlays	update/x64/dlcpacks/mpbiker/dlc.rpf/common/data/effects/peds/mpbiker_overlays.xml	ZONE_TORSO	TYPE_TATTOO	GENDER_FEMALE	0.725000	0.300000	0.140000	0.110000	0.000000	MP_Biker_Tat_031	MP_Biker_Tat_031
MP_MP_Biker_Tat_032_M	mpBiker_overlays	update/x64/dlcpacks/mpbiker/dlc.rpf/common/data/effects/peds/mpbiker_overlays.xml	ZONE_TORSO	TYPE_TATTOO	GENDER_MALE	0.637000	0.600000	0.100000	0.100000	0.000000	MP_Biker_Tat_032	MP_Biker_Tat_032
MP_MP_Biker_Tat_032_F	mpBiker_overlays	update/x64/dlcpacks/mpbiker/dlc.rpf/common/data/effects/peds/mpbiker_overlays.xml	ZONE_TORSO	TYPE_TATTOO	GENDER_FEMALE	0.650000	0.650000	0.100000	0.100000	0.000000	MP_Biker_Tat_032	MP_Biker_Tat_032
MP_MP_Biker_Tat_033_M	mpBiker_overlays	update/x64/dlcpacks/mpbiker/dlc.rpf/common/data/effects/peds/mpbiker_overlays.xml	ZONE_RIGHT_ARM	TYPE_TATTOO	GENDER_MALE	0.510000	0.895000	0.045000	0.090000	0.000000	MP_Biker_Tat_033	MP_Biker_Tat_033
MP_MP_Biker_Tat_033_F	mpBiker_overlays	update/x64/dlcpacks/mpbiker/dlc.rpf/common/data/effects/peds/mpbiker_overlays.xml	ZONE_RIGHT_ARM	TYPE_TATTOO	GENDER_FEMALE	0.510000	0.895000	0.045000	0.090000	0.000000	MP_Biker_Tat_033	MP_Biker_Tat_033
MP_MP_Biker_Tat_034_M	mpBiker_overlays	update/x64/dlcpacks/mpbiker/dlc.rpf/common/data/effects/peds/mpbiker_overlays.xml	ZONE_TORSO	TYPE_TATTOO	GENDER_MALE	0.820000	0.600000	0.120000	0.120000	0.000000	MP_Biker_Tat_034	MP_Biker_Tat_034
MP_MP_Biker_Tat_034_F	mpBiker_overlays	update/x64/dlcpacks/mpbiker/dlc.rpf/common/data/effects/peds/mpbiker_overlays.xml	ZONE_TORSO	TYPE_TATTOO	GENDER_FEMALE	0.815000	0.640000	0.120000	0.100000	0.000000	MP_Biker_Tat_034	MP_Biker_Tat_034
MP_MP_Biker_Tat_035_M	mpBiker_overlays	update/x64/dlcpacks/mpbiker/dlc.rpf/common/data/effects/peds/mpbiker_overlays.xml	ZONE_LEFT_ARM	TYPE_TATTOO	GENDER_MALE	0.510000	0.910000	0.060000	0.120000	0.000000	MP_Biker_Tat_035	MP_Biker_Tat_035
MP_MP_Biker_Tat_035_F	mpBiker_overlays	update/x64/dlcpacks/mpbiker/dlc.rpf/common/data/effects/peds/mpbiker_overlays.xml	ZONE_LEFT_ARM	TYPE_TATTOO	GENDER_FEMALE	0.510000	0.910000	0.090000	0.110000	0.000000	MP_Biker_Tat_035	MP_Biker_Tat_035
MP_MP_Biker_Tat_036_M	mpBiker_overlays	update/x64/dlcpacks/mpbiker/dlc.rpf/common/data/effects/peds/mpbiker_overlays.xml	ZONE_LEFT_LEG	TYPE_TATTOO	GENDER_MALE	0.280000	0.320000	0.180000	0.180000	0.000000	MP_Biker_Tat_036	MP_Biker_Tat_036
MP_MP_Biker_Tat_036_F	mpBiker_overlays	update/x64/dlcpacks/mpbiker/dlc.rpf/common/data/effects/peds/mpbiker_overlays.xml	ZONE_LEFT_LEG	TYPE_TATTOO	GENDER_FEMALE	0.230000	0.320000	0.180000	0.180000	-4.680000	MP_Biker_Tat_036	MP_Biker_Tat_036
MP_MP_Biker_Tat_037_M	mpBiker_overlays	update/x64/dlcpacks/mpbiker/dlc.rpf/common/data/effects/peds/mpbiker_overlays.xml	ZONE_LEFT_LEG	TYPE_TATTOO	GENDER_MALE	0.437000	0.700000	0.210000	0.210000	0.000000	MP_Biker_Tat_037	MP_Biker_Tat_037
MP_MP_Biker_Tat_037_F	mpBiker_overlays	update/x64/dlcpacks/mpbiker/dlc.rpf/common/data/effects/peds/mpbiker_overlays.xml	ZONE_LEFT_LEG	TYPE_TATTOO	GENDER_FEMALE	0.437000	0.720000	0.210000	0.210000	0.000000	MP_Biker_Tat_037	MP_Biker_Tat_037
MP_MP_Biker_Tat_038_M	mpBiker_overlays	update/x64/dlcpacks/mpbiker/dlc.rpf/common/data/effects/peds/mpbiker_overlays.xml	ZONE_HEAD	TYPE_TATTOO	GENDER_MALE	0.750000	0.330000	0.160000	0.160000	19.000000	MP_Biker_Tat_038	MP_Biker_Tat_038
MP_MP_Biker_Tat_038_F	mpBiker_overlays	update/x64/dlcpacks/mpbiker/dlc.rpf/common/data/effects/peds/mpbiker_overlays.xml	ZONE_HEAD	TYPE_TATTOO	GENDER_FEMALE	0.750000	0.330000	0.160000	0.160000	19.000000	MP_Biker_Tat_038	MP_Biker_Tat_038
MP_MP_Biker_Tat_039_M	mpBiker_overlays	update/x64/dlcpacks/mpbiker/dlc.rpf/common/data/effects/peds/mpbiker_overlays.xml	ZONE_TORSO	TYPE_TATTOO	GENDER_MALE	0.725000	0.310000	0.170000	0.140000	0.000000	MP_Biker_Tat_039	MP_Biker_Tat_039
MP_MP_Biker_Tat_039_F	mpBiker_overlays	update/x64/dlcpacks/mpbiker/dlc.rpf/common/data/effects/peds/mpbiker_overlays.xml	ZONE_TORSO	TYPE_TATTOO	GENDER_FEMALE	0.725000	0.340000	0.170000	0.100000	0.000000	MP_Biker_Tat_039	MP_Biker_Tat_039
MP_MP_Biker_Tat_040_M	mpBiker_overlays	update/x64/dlcpacks/mpbiker/dlc.rpf/common/data/effects/peds/mpbiker_overlays.xml	ZONE_RIGHT_LEG	TYPE_TATTOO	GENDER_MALE	0.437000	0.720000	0.170000	0.170000	0.000000	MP_Biker_Tat_040	MP_Biker_Tat_040
MP_MP_Biker_Tat_040_F	mpBiker_overlays	update/x64/dlcpacks/mpbiker/dlc.rpf/common/data/effects/peds/mpbiker_overlays.xml	ZONE_RIGHT_LEG	TYPE_TATTOO	GENDER_FEMALE	0.437000	0.720000	0.170000	0.170000	0.000000	MP_Biker_Tat_040	MP_Biker_Tat_040
MP_MP_Biker_Tat_041_M	mpBiker_overlays	update/x64/dlcpacks/mpbiker/dlc.rpf/common/data/effects/peds/mpbiker_overlays.xml	ZONE_TORSO	TYPE_TATTOO	GENDER_MALE	0.730000	0.600000	0.140000	0.140000	0.000000	MP_Biker_Tat_041	MP_Biker_Tat_041
MP_MP_Biker_Tat_041_F	mpBiker_overlays	update/x64/dlcpacks/mpbiker/dlc.rpf/common/data/effects/peds/mpbiker_overlays.xml	ZONE_TORSO	TYPE_TATTOO	GENDER_FEMALE	0.735000	0.640000	0.140000	0.110000	0.000000	MP_Biker_Tat_041	MP_Biker_Tat_041
MP_MP_Biker_Tat_042_M	mpBiker_overlays	update/x64/dlcpacks/mpbiker/dlc.rpf/common/data/effects/peds/mpbiker_overlays.xml	ZONE_RIGHT_ARM	TYPE_TATTOO	GENDER_MALE	0.537000	0.510000	0.170000	0.170000	-74.160000	MP_Biker_Tat_042	MP_Biker_Tat_042
MP_MP_Biker_Tat_042_F	mpBiker_overlays	update/x64/dlcpacks/mpbiker/dlc.rpf/common/data/effects/peds/mpbiker_overlays.xml	ZONE_RIGHT_ARM	TYPE_TATTOO	GENDER_FEMALE	0.537000	0.460000	0.170000	0.170000	-74.160000	MP_Biker_Tat_042	MP_Biker_Tat_042
MP_MP_Biker_Tat_043_M	mpBiker_overlays	update/x64/dlcpacks/mpbiker/dlc.rpf/common/data/effects/peds/mpbiker_overlays.xml	ZONE_TORSO	TYPE_TATTOO	GENDER_MALE	0.230000	0.270000	0.120000	0.120000	0.000000	MP_Biker_Tat_043	MP_Biker_Tat_043
MP_MP_Biker_Tat_043_F	mpBiker_overlays	update/x64/dlcpacks/mpbiker/dlc.rpf/common/data/effects/peds/mpbiker_overlays.xml	ZONE_TORSO	TYPE_TATTOO	GENDER_FEMALE	0.230000	0.360000	0.120000	0.080000	0.000000	MP_Biker_Tat_043	MP_Biker_Tat_043
MP_MP_Biker_Tat_044_M	mpBiker_overlays	update/x64/dlcpacks/mpbiker/dlc.rpf/common/data/effects/peds/mpbiker_overlays.xml	ZONE_LEFT_LEG	TYPE_TATTOO	GENDER_MALE	0.720000	0.730000	0.180000	0.180000	0.000000	MP_Biker_Tat_044	MP_Biker_Tat_044
MP_MP_Biker_Tat_044_F	mpBiker_overlays	update/x64/dlcpacks/mpbiker/dlc.rpf/common/data/effects/peds/mpbiker_overlays.xml	ZONE_LEFT_LEG	TYPE_TATTOO	GENDER_FEMALE	0.720000	0.730000	0.180000	0.180000	0.000000	MP_Biker_Tat_044	MP_Biker_Tat_044
MP_MP_Biker_Tat_045_M	mpBiker_overlays	update/x64/dlcpacks/mpbiker/dlc.rpf/common/data/effects/peds/mpbiker_overlays.xml	ZONE_LEFT_ARM	TYPE_TATTOO	GENDER_MALE	0.450000	0.750000	0.140000	0.140000	15.480000	MP_Biker_Tat_045	MP_Biker_Tat_045
MP_MP_Biker_Tat_045_F	mpBiker_overlays	update/x64/dlcpacks/mpbiker/dlc.rpf/common/data/effects/peds/mpbiker_overlays.xml	ZONE_LEFT_ARM	TYPE_TATTOO	GENDER_FEMALE	0.450000	0.750000	0.140000	0.140000	15.480000	MP_Biker_Tat_045	MP_Biker_Tat_045
MP_MP_Biker_Tat_046_M	mpBiker_overlays	update/x64/dlcpacks/mpbiker/dlc.rpf/common/data/effects/peds/mpbiker_overlays.xml	ZONE_RIGHT_ARM	TYPE_TATTOO	GENDER_MALE	0.515000	0.900000	0.060000	0.090000	0.000000	MP_Biker_Tat_046	MP_Biker_Tat_046
MP_MP_Biker_Tat_046_F	mpBiker_overlays	update/x64/dlcpacks/mpbiker/dlc.rpf/common/data/effects/peds/mpbiker_overlays.xml	ZONE_RIGHT_ARM	TYPE_TATTOO	GENDER_FEMALE	0.515000	0.900000	0.060000	0.090000	0.000000	MP_Biker_Tat_046	MP_Biker_Tat_046
MP_MP_Biker_Tat_047_M	mpBiker_overlays	update/x64/dlcpacks/mpbiker/dlc.rpf/common/data/effects/peds/mpbiker_overlays.xml	ZONE_RIGHT_ARM	TYPE_TATTOO	GENDER_MALE	0.600000	0.600000	0.270000	0.240000	-81.360000	MP_Biker_Tat_047	MP_Biker_Tat_047
MP_MP_Biker_Tat_047_F	mpBiker_overlays	update/x64/dlcpacks/mpbiker/dlc.rpf/common/data/effects/peds/mpbiker_overlays.xml	ZONE_RIGHT_ARM	TYPE_TATTOO	GENDER_FEMALE	0.600000	0.600000	0.270000	0.240000	-81.360000	MP_Biker_Tat_047	MP_Biker_Tat_047
MP_MP_Biker_Tat_048_M	mpBiker_overlays	update/x64/dlcpacks/mpbiker/dlc.rpf/common/data/effects/peds/mpbiker_overlays.xml	ZONE_RIGHT_LEG	TYPE_TATTOO	GENDER_MALE	0.500000	0.330000	0.160000	0.150000	-95.760000	MP_Biker_Tat_048	MP_Biker_Tat_048
MP_MP_Biker_Tat_048_F	mpBiker_overlays	update/x64/dlcpacks/mpbiker/dlc.rpf/common/data/effects/peds/mpbiker_overlays.xml	ZONE_RIGHT_LEG	TYPE_TATTOO	GENDER_FEMALE	0.500000	0.330000	0.160000	0.150000	-95.760000	MP_Biker_Tat_048	MP_Biker_Tat_048
MP_MP_Biker_Tat_049_M	mpBiker_overlays	update/x64/dlcpacks/mpbiker/dlc.rpf/common/data/effects/peds/mpbiker_overlays.xml	ZONE_RIGHT_ARM	TYPE_TATTOO	GENDER_MALE	0.537000	0.740000	0.140000	0.135000	0.000000	MP_Biker_Tat_049	MP_Biker_Tat_049
MP_MP_Biker_Tat_049_F	mpBiker_overlays	update/x64/dlcpacks/mpbiker/dlc.rpf/common/data/effects/peds/mpbiker_overlays.xml	ZONE_RIGHT_ARM	TYPE_TATTOO	GENDER_FEMALE	0.537000	0.740000	0.140000	0.135000	0.000000	MP_Biker_Tat_049	MP_Biker_Tat_049
MP_MP_Biker_Tat_050_M	mpBiker_overlays	update/x64/dlcpacks/mpbiker/dlc.rpf/common/data/effects/peds/mpbiker_overlays.xml	ZONE_TORSO	TYPE_TATTOO	GENDER_MALE	0.730000	0.620000	0.170000	0.170000	0.000000	MP_Biker_Tat_050	MP_Biker_Tat_050
MP_MP_Biker_Tat_050_F	mpBiker_overlays	update/x64/dlcpacks/mpbiker/dlc.rpf/common/data/effects/peds/mpbiker_overlays.xml	ZONE_TORSO	TYPE_TATTOO	GENDER_FEMALE	0.745000	0.640000	0.170000	0.130000	0.000000	MP_Biker_Tat_050	MP_Biker_Tat_050
MP_MP_Biker_Tat_051_M	mpBiker_overlays	update/x64/dlcpacks/mpbiker/dlc.rpf/common/data/effects/peds/mpbiker_overlays.xml	ZONE_HEAD	TYPE_TATTOO	GENDER_MALE	0.230000	0.350000	0.150000	0.130000	-11.880000	MP_Biker_Tat_051	MP_Biker_Tat_051
MP_MP_Biker_Tat_051_F	mpBiker_overlays	update/x64/dlcpacks/mpbiker/dlc.rpf/common/data/effects/peds/mpbiker_overlays.xml	ZONE_HEAD	TYPE_TATTOO	GENDER_FEMALE	0.230000	0.340000	0.150000	0.130000	-11.880000	MP_Biker_Tat_051	MP_Biker_Tat_051
MP_MP_Biker_Tat_052_M	mpBiker_overlays	update/x64/dlcpacks/mpbiker/dlc.rpf/common/data/effects/peds/mpbiker_overlays.xml	ZONE_TORSO	TYPE_TATTOO	GENDER_MALE	0.735000	0.310000	0.150000	0.130000	0.000000	MP_Biker_Tat_052	MP_Biker_Tat_052
MP_MP_Biker_Tat_052_F	mpBiker_overlays	update/x64/dlcpacks/mpbiker/dlc.rpf/common/data/effects/peds/mpbiker_overlays.xml	ZONE_TORSO	TYPE_TATTOO	GENDER_FEMALE	0.735000	0.370000	0.160000	0.110000	0.000000	MP_Biker_Tat_052	MP_Biker_Tat_052
MP_MP_Biker_Tat_053_M	mpBiker_overlays	update/x64/dlcpacks/mpbiker/dlc.rpf/common/data/effects/peds/mpbiker_overlays.xml	ZONE_LEFT_ARM	TYPE_TATTOO	GENDER_MALE	0.500000	0.460000	0.150000	0.220000	90.000000	MP_Biker_Tat_053	MP_Biker_Tat_053
MP_MP_Biker_Tat_053_F	mpBiker_overlays	update/x64/dlcpacks/mpbiker/dlc.rpf/common/data/effects/peds/mpbiker_overlays.xml	ZONE_LEFT_ARM	TYPE_TATTOO	GENDER_FEMALE	0.500000	0.420000	0.150000	0.220000	90.000000	MP_Biker_Tat_053	MP_Biker_Tat_053
MP_MP_Biker_Tat_054_M	mpBiker_overlays	update/x64/dlcpacks/mpbiker/dlc.rpf/common/data/effects/peds/mpbiker_overlays.xml	ZONE_RIGHT_ARM	TYPE_TATTOO	GENDER_MALE	0.500000	0.800000	0.160000	0.160000	0.000000	MP_Biker_Tat_054	MP_Biker_Tat_054
MP_MP_Biker_Tat_054_F	mpBiker_overlays	update/x64/dlcpacks/mpbiker/dlc.rpf/common/data/effects/peds/mpbiker_overlays.xml	ZONE_RIGHT_ARM	TYPE_TATTOO	GENDER_FEMALE	0.480000	0.790000	0.160000	0.180000	0.000000	MP_Biker_Tat_054	MP_Biker_Tat_054
MP_MP_Biker_Tat_055_M	mpBiker_overlays	update/x64/dlcpacks/mpbiker/dlc.rpf/common/data/effects/peds/mpbiker_overlays.xml	ZONE_LEFT_ARM	TYPE_TATTOO	GENDER_MALE	0.600000	0.790000	0.160000	0.160000	27.000000	MP_Biker_Tat_055	MP_Biker_Tat_055
MP_MP_Biker_Tat_055_F	mpBiker_overlays	update/x64/dlcpacks/mpbiker/dlc.rpf/common/data/effects/peds/mpbiker_overlays.xml	ZONE_LEFT_ARM	TYPE_TATTOO	GENDER_FEMALE	0.630000	0.770000	0.150000	0.180000	27.000000	MP_Biker_Tat_055	MP_Biker_Tat_055
MP_MP_Biker_Tat_056_M	mpBiker_overlays	update/x64/dlcpacks/mpbiker/dlc.rpf/common/data/effects/peds/mpbiker_overlays.xml	ZONE_LEFT_LEG	TYPE_TATTOO	GENDER_MALE	0.500000	0.680000	0.200000	0.200000	0.000000	MP_Biker_Tat_056	MP_Biker_Tat_056
MP_MP_Biker_Tat_056_F	mpBiker_overlays	update/x64/dlcpacks/mpbiker/dlc.rpf/common/data/effects/peds/mpbiker_overlays.xml	ZONE_LEFT_LEG	TYPE_TATTOO	GENDER_FEMALE	0.500000	0.760000	0.200000	0.230000	0.000000	MP_Biker_Tat_056	MP_Biker_Tat_056
MP_MP_Biker_Tat_057_M	mpBiker_overlays	update/x64/dlcpacks/mpbiker/dlc.rpf/common/data/effects/peds/mpbiker_overlays.xml	ZONE_LEFT_LEG	TYPE_TATTOO	GENDER_MALE	0.435000	0.490000	0.300000	0.340000	-27.000000	MP_Biker_Tat_057	MP_Biker_Tat_057
MP_MP_Biker_Tat_057_F	mpBiker_overlays	update/x64/dlcpacks/mpbiker/dlc.rpf/common/data/effects/peds/mpbiker_overlays.xml	ZONE_LEFT_LEG	TYPE_TATTOO	GENDER_FEMALE	0.435000	0.530000	0.300000	0.370000	-27.000000	MP_Biker_Tat_057	MP_Biker_Tat_057
MP_MP_Biker_Tat_058_M	mpBiker_overlays	update/x64/dlcpacks/mpbiker/dlc.rpf/common/data/effects/peds/mpbiker_overlays.xml	ZONE_TORSO	TYPE_TATTOO	GENDER_MALE	0.820000	0.600000	0.120000	0.120000	0.000000	MP_Biker_Tat_058	MP_Biker_Tat_058
MP_MP_Biker_Tat_058_F	mpBiker_overlays	update/x64/dlcpacks/mpbiker/dlc.rpf/common/data/effects/peds/mpbiker_overlays.xml	ZONE_TORSO	TYPE_TATTOO	GENDER_FEMALE	0.830000	0.620000	0.120000	0.100000	0.000000	MP_Biker_Tat_058	MP_Biker_Tat_058
MP_MP_Biker_Tat_059_M	mpBiker_overlays	update/x64/dlcpacks/mpbiker/dlc.rpf/common/data/effects/peds/mpbiker_overlays.xml	ZONE_TORSO	TYPE_TATTOO	GENDER_MALE	0.820000	0.600000	0.120000	0.120000	0.000000	MP_Biker_Tat_059	MP_Biker_Tat_059
MP_MP_Biker_Tat_059_F	mpBiker_overlays	update/x64/dlcpacks/mpbiker/dlc.rpf/common/data/effects/peds/mpbiker_overlays.xml	ZONE_TORSO	TYPE_TATTOO	GENDER_FEMALE	0.830000	0.620000	0.110000	0.090000	0.000000	MP_Biker_Tat_059	MP_Biker_Tat_059
MP_MP_Biker_Tat_060_M	mpBiker_overlays	update/x64/dlcpacks/mpbiker/dlc.rpf/common/data/effects/peds/mpbiker_overlays.xml	ZONE_TORSO	TYPE_TATTOO	GENDER_MALE	0.625000	0.600000	0.110000	0.120000	0.000000	MP_Biker_Tat_060	MP_Biker_Tat_060
MP_MP_Biker_Tat_060_F	mpBiker_overlays	update/x64/dlcpacks/mpbiker/dlc.rpf/common/data/effects/peds/mpbiker_overlays.xml	ZONE_TORSO	TYPE_TATTOO	GENDER_FEMALE	0.640000	0.640000	0.110000	0.090000	0.000000	MP_Biker_Tat_060	MP_Biker_Tat_060
MP_Biker_Tee_000_M	mpBiker_overlays	update/x64/dlcpacks/mpbiker/dlc.rpf/common/data/effects/peds/mpbiker_overlays.xml	ZONE_TORSO	TYPE_BADGE	GENDER_MALE	0.737000	0.640000	0.140000	0.140000	0.000000	MP_Biker_Tee_000	MP_Biker_Tee_000
MP_Biker_Tee_000_F	mpBiker_overlays	update/x64/dlcpacks/mpbiker/dlc.rpf/common/data/effects/peds/mpbiker_overlays.xml	ZONE_TORSO	TYPE_BADGE	GENDER_FEMALE	0.727000	0.640000	0.140000	0.140000	0.000000	MP_Biker_Tee_000	MP_Biker_Tee_000
MP_Biker_Tee_001_M	mpBiker_overlays	update/x64/dlcpacks/mpbiker/dlc.rpf/common/data/effects/peds/mpbiker_overlays.xml	ZONE_TORSO	TYPE_BADGE	GENDER_MALE	0.737000	0.640000	0.140000	0.140000	0.000000	MP_Biker_Tee_001	MP_Biker_Tee_001
MP_Biker_Tee_001_F	mpBiker_overlays	update/x64/dlcpacks/mpbiker/dlc.rpf/common/data/effects/peds/mpbiker_overlays.xml	ZONE_TORSO	TYPE_BADGE	GENDER_FEMALE	0.727000	0.640000	0.140000	0.140000	0.000000	MP_Biker_Tee_001	MP_Biker_Tee_001
MP_Biker_Tee_002_M	mpBiker_overlays	update/x64/dlcpacks/mpbiker/dlc.rpf/common/data/effects/peds/mpbiker_overlays.xml	ZONE_TORSO	TYPE_BADGE	GENDER_MALE	0.737000	0.640000	0.140000	0.140000	0.000000	MP_Biker_Tee_002	MP_Biker_Tee_002
MP_Biker_Tee_002_F	mpBiker_overlays	update/x64/dlcpacks/mpbiker/dlc.rpf/common/data/effects/peds/mpbiker_overlays.xml	ZONE_TORSO	TYPE_BADGE	GENDER_FEMALE	0.727000	0.640000	0.140000	0.140000	0.000000	MP_Biker_Tee_002	MP_Biker_Tee_002
MP_Biker_Tee_003_M	mpBiker_overlays	update/x64/dlcpacks/mpbiker/dlc.rpf/common/data/effects/peds/mpbiker_overlays.xml	ZONE_TORSO	TYPE_BADGE	GENDER_MALE	0.737000	0.640000	0.140000	0.140000	0.000000	MP_Biker_Tee_003	MP_Biker_Tee_003
MP_Biker_Tee_003_F	mpBiker_overlays	update/x64/dlcpacks/mpbiker/dlc.rpf/common/data/effects/peds/mpbiker_overlays.xml	ZONE_TORSO	TYPE_BADGE	GENDER_FEMALE	0.727000	0.640000	0.140000	0.140000	0.000000	MP_Biker_Tee_003	MP_Biker_Tee_003
MP_Biker_Tee_004_M	mpBiker_overlays	update/x64/dlcpacks/mpbiker/dlc.rpf/common/data/effects/peds/mpbiker_overlays.xml	ZONE_TORSO	TYPE_BADGE	GENDER_MALE	0.737000	0.640000	0.140000	0.140000	0.000000	MP_Biker_Tee_004	MP_Biker_Tee_004
MP_Biker_Tee_004_F	mpBiker_overlays	update/x64/dlcpacks/mpbiker/dlc.rpf/common/data/effects/peds/mpbiker_overlays.xml	ZONE_TORSO	TYPE_BADGE	GENDER_FEMALE	0.727000	0.640000	0.140000	0.140000	0.000000	MP_Biker_Tee_004	MP_Biker_Tee_004
MP_Biker_Tee_005_M	mpBiker_overlays	update/x64/dlcpacks/mpbiker/dlc.rpf/common/data/effects/peds/mpbiker_overlays.xml	ZONE_TORSO	TYPE_BADGE	GENDER_MALE	0.737000	0.640000	0.140000	0.140000	0.000000	MP_Biker_Tee_005	MP_Biker_Tee_005
MP_Biker_Tee_005_F	mpBiker_overlays	update/x64/dlcpacks/mpbiker/dlc.rpf/common/data/effects/peds/mpbiker_overlays.xml	ZONE_TORSO	TYPE_BADGE	GENDER_FEMALE	0.727000	0.640000	0.140000	0.140000	0.000000	MP_Biker_Tee_005	MP_Biker_Tee_005
MP_Biker_Tee_006_M	mpBiker_overlays	update/x64/dlcpacks/mpbiker/dlc.rpf/common/data/effects/peds/mpbiker_overlays.xml	ZONE_TORSO	TYPE_BADGE	GENDER_MALE	0.737000	0.640000	0.140000	0.140000	0.000000	MP_Biker_Tee_006	MP_Biker_Tee_006
MP_Biker_Tee_006_F	mpBiker_overlays	update/x64/dlcpacks/mpbiker/dlc.rpf/common/data/effects/peds/mpbiker_overlays.xml	ZONE_TORSO	TYPE_BADGE	GENDER_FEMALE	0.727000	0.640000	0.140000	0.140000	0.000000	MP_Biker_Tee_006	MP_Biker_Tee_006
MP_Biker_Tee_007_M	mpBiker_overlays	update/x64/dlcpacks/mpbiker/dlc.rpf/common/data/effects/peds/mpbiker_overlays.xml	ZONE_TORSO	TYPE_BADGE	GENDER_MALE	0.737000	0.640000	0.140000	0.140000	0.000000	MP_Biker_Tee_007	MP_Biker_Tee_007
MP_Biker_Tee_007_F	mpBiker_overlays	update/x64/dlcpacks/mpbiker/dlc.rpf/common/data/effects/peds/mpbiker_overlays.xml	ZONE_TORSO	TYPE_BADGE	GENDER_FEMALE	0.727000	0.640000	0.140000	0.140000	0.000000	MP_Biker_Tee_007	MP_Biker_Tee_007
MP_Biker_Tee_008_M	mpBiker_overlays	update/x64/dlcpacks/mpbiker/dlc.rpf/common/data/effects/peds/mpbiker_overlays.xml	ZONE_TORSO	TYPE_BADGE	GENDER_MALE	0.737000	0.640000	0.140000	0.140000	0.000000	MP_Biker_Tee_008	MP_Biker_Tee_008
MP_Biker_Tee_008_F	mpBiker_overlays	update/x64/dlcpacks/mpbiker/dlc.rpf/common/data/effects/peds/mpbiker_overlays.xml	ZONE_TORSO	TYPE_BADGE	GENDER_FEMALE	0.727000	0.640000	0.140000	0.140000	0.000000	MP_Biker_Tee_008	MP_Biker_Tee_008
MP_Biker_Tee_009_M	mpBiker_overlays	update/x64/dlcpacks/mpbiker/dlc.rpf/common/data/effects/peds/mpbiker_overlays.xml	ZONE_TORSO	TYPE_BADGE	GENDER_MALE	0.737000	0.640000	0.140000	0.140000	0.000000	MP_Biker_Tee_009	MP_Biker_Tee_009
MP_Biker_Tee_009_F	mpBiker_overlays	update/x64/dlcpacks/mpbiker/dlc.rpf/common/data/effects/peds/mpbiker_overlays.xml	ZONE_TORSO	TYPE_BADGE	GENDER_FEMALE	0.727000	0.640000	0.140000	0.140000	0.000000	MP_Biker_Tee_009	MP_Biker_Tee_009
MP_Biker_Tee_010_M	mpBiker_overlays	update/x64/dlcpacks/mpbiker/dlc.rpf/common/data/effects/peds/mpbiker_overlays.xml	ZONE_TORSO	TYPE_BADGE	GENDER_MALE	0.737000	0.640000	0.140000	0.140000	0.000000	MP_Biker_Tee_010	MP_Biker_Tee_010
MP_Biker_Tee_010_F	mpBiker_overlays	update/x64/dlcpacks/mpbiker/dlc.rpf/common/data/effects/peds/mpbiker_overlays.xml	ZONE_TORSO	TYPE_BADGE	GENDER_FEMALE	0.727000	0.640000	0.140000	0.140000	0.000000	MP_Biker_Tee_010	MP_Biker_Tee_010
MP_Biker_Tee_011_M	mpBiker_overlays	update/x64/dlcpacks/mpbiker/dlc.rpf/common/data/effects/peds/mpbiker_overlays.xml	ZONE_TORSO	TYPE_BADGE	GENDER_MALE	0.737000	0.640000	0.140000	0.140000	0.000000	MP_Biker_Tee_011	MP_Biker_Tee_011
MP_Biker_Tee_011_F	mpBiker_overlays	update/x64/dlcpacks/mpbiker/dlc.rpf/common/data/effects/peds/mpbiker_overlays.xml	ZONE_TORSO	TYPE_BADGE	GENDER_FEMALE	0.727000	0.640000	0.140000	0.140000	0.000000	MP_Biker_Tee_011	MP_Biker_Tee_011
MP_Biker_Tee_012_M	mpBiker_overlays	update/x64/dlcpacks/mpbiker/dlc.rpf/common/data/effects/peds/mpbiker_overlays.xml	ZONE_TORSO	TYPE_BADGE	GENDER_MALE	0.737000	0.640000	0.140000	0.140000	0.000000	MP_Biker_Tee_012	MP_Biker_Tee_012
MP_Biker_Tee_012_F	mpBiker_overlays	update/x64/dlcpacks/mpbiker/dlc.rpf/common/data/effects/peds/mpbiker_overlays.xml	ZONE_TORSO	TYPE_BADGE	GENDER_FEMALE	0.727000	0.640000	0.140000	0.140000	0.000000	MP_Biker_Tee_012	MP_Biker_Tee_012
MP_Biker_Tee_013_M	mpBiker_overlays	update/x64/dlcpacks/mpbiker/dlc.rpf/common/data/effects/peds/mpbiker_overlays.xml	ZONE_TORSO	TYPE_BADGE	GENDER_MALE	0.737000	0.640000	0.140000	0.140000	0.000000	MP_Biker_Tee_013	MP_Biker_Tee_013
MP_Biker_Tee_013_F	mpBiker_overlays	update/x64/dlcpacks/mpbiker/dlc.rpf/common/data/effects/peds/mpbiker_overlays.xml	ZONE_TORSO	TYPE_BADGE	GENDER_FEMALE	0.727000	0.640000	0.140000	0.140000	0.000000	MP_Biker_Tee_013	MP_Biker_Tee_013
MP_Biker_Tee_014_M	mpBiker_overlays	update/x64/dlcpacks/mpbiker/dlc.rpf/common/data/effects/peds/mpbiker_overlays.xml	ZONE_TORSO	TYPE_BADGE	GENDER_MALE	0.737000	0.640000	0.140000	0.140000	0.000000	MP_Biker_Tee_014	MP_Biker_Tee_014
MP_Biker_Tee_014_F	mpBiker_overlays	update/x64/dlcpacks/mpbiker/dlc.rpf/common/data/effects/peds/mpbiker_overlays.xml	ZONE_TORSO	TYPE_BADGE	GENDER_FEMALE	0.727000	0.640000	0.140000	0.140000	0.000000	MP_Biker_Tee_014	MP_Biker_Tee_014
MP_Biker_Tee_015_M	mpBiker_overlays	update/x64/dlcpacks/mpbiker/dlc.rpf/common/data/effects/peds/mpbiker_overlays.xml	ZONE_TORSO	TYPE_BADGE	GENDER_MALE	0.737000	0.640000	0.140000	0.140000	0.000000	MP_Biker_Tee_015	MP_Biker_Tee_015
MP_Biker_Tee_015_F	mpBiker_overlays	update/x64/dlcpacks/mpbiker/dlc.rpf/common/data/effects/peds/mpbiker_overlays.xml	ZONE_TORSO	TYPE_BADGE	GENDER_FEMALE	0.727000	0.640000	0.140000	0.140000	0.000000	MP_Biker_Tee_015	MP_Biker_Tee_015
MP_Biker_Tee_016_M	mpBiker_overlays	update/x64/dlcpacks/mpbiker/dlc.rpf/common/data/effects/peds/mpbiker_overlays.xml	ZONE_TORSO	TYPE_BADGE	GENDER_MALE	0.737000	0.640000	0.140000	0.140000	0.000000	MP_Biker_Tee_016	MP_Biker_Tee_016
MP_Biker_Tee_016_F	mpBiker_overlays	update/x64/dlcpacks/mpbiker/dlc.rpf/common/data/effects/peds/mpbiker_overlays.xml	ZONE_TORSO	TYPE_BADGE	GENDER_FEMALE	0.727000	0.640000	0.140000	0.140000	0.000000	MP_Biker_Tee_016	MP_Biker_Tee_016
MP_Biker_Tee_017_M	mpBiker_overlays	update/x64/dlcpacks/mpbiker/dlc.rpf/common/data/effects/peds/mpbiker_overlays.xml	ZONE_TORSO	TYPE_BADGE	GENDER_MALE	0.737000	0.640000	0.140000	0.140000	0.000000	MP_Biker_Tee_017	MP_Biker_Tee_017
MP_Biker_Tee_017_F	mpBiker_overlays	update/x64/dlcpacks/mpbiker/dlc.rpf/common/data/effects/peds/mpbiker_overlays.xml	ZONE_TORSO	TYPE_BADGE	GENDER_FEMALE	0.727000	0.640000	0.140000	0.140000	0.000000	MP_Biker_Tee_017	MP_Biker_Tee_017
MP_Biker_Tee_018_M	mpBiker_overlays	update/x64/dlcpacks/mpbiker/dlc.rpf/common/data/effects/peds/mpbiker_overlays.xml	ZONE_TORSO	TYPE_BADGE	GENDER_MALE	0.737000	0.640000	0.140000	0.140000	0.000000	MP_Biker_Tee_018	MP_Biker_Tee_018
MP_Biker_Tee_018_F	mpBiker_overlays	update/x64/dlcpacks/mpbiker/dlc.rpf/common/data/effects/peds/mpbiker_overlays.xml	ZONE_TORSO	TYPE_BADGE	GENDER_FEMALE	0.727000	0.640000	0.140000	0.140000	0.000000	MP_Biker_Tee_018	MP_Biker_Tee_018
MP_Biker_Tee_019_M	mpBiker_overlays	update/x64/dlcpacks/mpbiker/dlc.rpf/common/data/effects/peds/mpbiker_overlays.xml	ZONE_TORSO	TYPE_BADGE	GENDER_MALE	0.737000	0.640000	0.140000	0.140000	0.000000	MP_Biker_Tee_019	MP_Biker_Tee_019
MP_Biker_Tee_019_F	mpBiker_overlays	update/x64/dlcpacks/mpbiker/dlc.rpf/common/data/effects/peds/mpbiker_overlays.xml	ZONE_TORSO	TYPE_BADGE	GENDER_FEMALE	0.727000	0.640000	0.140000	0.140000	0.000000	MP_Biker_Tee_019	MP_Biker_Tee_019
MP_Biker_Tee_020_M	mpBiker_overlays	update/x64/dlcpacks/mpbiker/dlc.rpf/common/data/effects/peds/mpbiker_overlays.xml	ZONE_TORSO	TYPE_BADGE	GENDER_MALE	0.737000	0.640000	0.140000	0.140000	0.000000	MP_Biker_Tee_020	MP_Biker_Tee_020
MP_Biker_Tee_020_F	mpBiker_overlays	update/x64/dlcpacks/mpbiker/dlc.rpf/common/data/effects/peds/mpbiker_overlays.xml	ZONE_TORSO	TYPE_BADGE	GENDER_FEMALE	0.727000	0.640000	0.140000	0.140000	0.000000	MP_Biker_Tee_020	MP_Biker_Tee_020
MP_Biker_Tee_021_M	mpBiker_overlays	update/x64/dlcpacks/mpbiker/dlc.rpf/common/data/effects/peds/mpbiker_overlays.xml	ZONE_TORSO	TYPE_BADGE	GENDER_MALE	0.737000	0.640000	0.140000	0.140000	0.000000	MP_Biker_Tee_021	MP_Biker_Tee_021
MP_Biker_Tee_021_F	mpBiker_overlays	update/x64/dlcpacks/mpbiker/dlc.rpf/common/data/effects/peds/mpbiker_overlays.xml	ZONE_TORSO	TYPE_BADGE	GENDER_FEMALE	0.727000	0.640000	0.140000	0.140000	0.000000	MP_Biker_Tee_021	MP_Biker_Tee_021
MP_Biker_Tee_022_M	mpBiker_overlays	update/x64/dlcpacks/mpbiker/dlc.rpf/common/data/effects/peds/mpbiker_overlays.xml	ZONE_TORSO	TYPE_BADGE	GENDER_MALE	0.737000	0.640000	0.140000	0.140000	0.000000	MP_Biker_Tee_022	MP_Biker_Tee_022
MP_Biker_Tee_022_F	mpBiker_overlays	update/x64/dlcpacks/mpbiker/dlc.rpf/common/data/effects/peds/mpbiker_overlays.xml	ZONE_TORSO	TYPE_BADGE	GENDER_FEMALE	0.727000	0.640000	0.140000	0.140000	0.000000	MP_Biker_Tee_022	MP_Biker_Tee_022
MP_Biker_Tee_023_M	mpBiker_overlays	update/x64/dlcpacks/mpbiker/dlc.rpf/common/data/effects/peds/mpbiker_overlays.xml	ZONE_TORSO	TYPE_BADGE	GENDER_MALE	0.737000	0.640000	0.140000	0.140000	0.000000	MP_Biker_Tee_023	MP_Biker_Tee_023
MP_Biker_Tee_023_F	mpBiker_overlays	update/x64/dlcpacks/mpbiker/dlc.rpf/common/data/effects/peds/mpbiker_overlays.xml	ZONE_TORSO	TYPE_BADGE	GENDER_FEMALE	0.727000	0.640000	0.140000	0.140000	0.000000	MP_Biker_Tee_023	MP_Biker_Tee_023
MP_Biker_Tee_024_M	mpBiker_overlays	update/x64/dlcpacks/mpbiker/dlc.rpf/common/data/effects/peds/mpbiker_overlays.xml	ZONE_TORSO	TYPE_BADGE	GENDER_MALE	0.737000	0.640000	0.140000	0.140000	0.000000	MP_Biker_Tee_024	MP_Biker_Tee_024
MP_Biker_Tee_024_F	mpBiker_overlays	update/x64/dlcpacks/mpbiker/dlc.rpf/common/data/effects/peds/mpbiker_overlays.xml	ZONE_TORSO	TYPE_BADGE	GENDER_FEMALE	0.727000	0.640000	0.140000	0.140000	0.000000	MP_Biker_Tee_024	MP_Biker_Tee_024
MP_Biker_Tee_025_M	mpBiker_overlays	update/x64/dlcpacks/mpbiker/dlc.rpf/common/data/effects/peds/mpbiker_overlays.xml	ZONE_TORSO	TYPE_BADGE	GENDER_MALE	0.737000	0.640000	0.140000	0.140000	0.000000	MP_Biker_Tee_025	MP_Biker_Tee_025
MP_Biker_Tee_025_F	mpBiker_overlays	update/x64/dlcpacks/mpbiker/dlc.rpf/common/data/effects/peds/mpbiker_overlays.xml	ZONE_TORSO	TYPE_BADGE	GENDER_FEMALE	0.727000	0.640000	0.140000	0.140000	0.000000	MP_Biker_Tee_025	MP_Biker_Tee_025
MP_Biker_Tee_026_M	mpBiker_overlays	update/x64/dlcpacks/mpbiker/dlc.rpf/common/data/effects/peds/mpbiker_overlays.xml	ZONE_TORSO	TYPE_BADGE	GENDER_MALE	0.737000	0.640000	0.140000	0.140000	0.000000	MP_Biker_Tee_026	MP_Biker_Tee_026
MP_Biker_Tee_026_F	mpBiker_overlays	update/x64/dlcpacks/mpbiker/dlc.rpf/common/data/effects/peds/mpbiker_overlays.xml	ZONE_TORSO	TYPE_BADGE	GENDER_FEMALE	0.727000	0.640000	0.140000	0.140000	0.000000	MP_Biker_Tee_026	MP_Biker_Tee_026
MP_Biker_Tee_027_M	mpBiker_overlays	update/x64/dlcpacks/mpbiker/dlc.rpf/common/data/effects/peds/mpbiker_overlays.xml	ZONE_TORSO	TYPE_BADGE	GENDER_MALE	0.737000	0.640000	0.140000	0.140000	0.000000	MP_Biker_Tee_027	MP_Biker_Tee_027
MP_Biker_Tee_027_F	mpBiker_overlays	update/x64/dlcpacks/mpbiker/dlc.rpf/common/data/effects/peds/mpbiker_overlays.xml	ZONE_TORSO	TYPE_BADGE	GENDER_FEMALE	0.727000	0.640000	0.140000	0.140000	0.000000	MP_Biker_Tee_027	MP_Biker_Tee_027
MP_Biker_Tee_028_M	mpBiker_overlays	update/x64/dlcpacks/mpbiker/dlc.rpf/common/data/effects/peds/mpbiker_overlays.xml	ZONE_TORSO	TYPE_BADGE	GENDER_MALE	0.737000	0.640000	0.140000	0.140000	0.000000	MP_Biker_Tee_028	MP_Biker_Tee_028
MP_Biker_Tee_028_F	mpBiker_overlays	update/x64/dlcpacks/mpbiker/dlc.rpf/common/data/effects/peds/mpbiker_overlays.xml	ZONE_TORSO	TYPE_BADGE	GENDER_FEMALE	0.727000	0.640000	0.140000	0.140000	0.000000	MP_Biker_Tee_028	MP_Biker_Tee_028
MP_Biker_Tee_029_M	mpBiker_overlays	update/x64/dlcpacks/mpbiker/dlc.rpf/common/data/effects/peds/mpbiker_overlays.xml	ZONE_TORSO	TYPE_BADGE	GENDER_MALE	0.737000	0.640000	0.140000	0.140000	0.000000	MP_Biker_Tee_029	MP_Biker_Tee_029
MP_Biker_Tee_029_F	mpBiker_overlays	update/x64/dlcpacks/mpbiker/dlc.rpf/common/data/effects/peds/mpbiker_overlays.xml	ZONE_TORSO	TYPE_BADGE	GENDER_FEMALE	0.727000	0.640000	0.140000	0.140000	0.000000	MP_Biker_Tee_029	MP_Biker_Tee_029
MP_Biker_Tee_030_M	mpBiker_overlays	update/x64/dlcpacks/mpbiker/dlc.rpf/common/data/effects/peds/mpbiker_overlays.xml	ZONE_TORSO	TYPE_BADGE	GENDER_MALE	0.737000	0.640000	0.140000	0.140000	0.000000	MP_Biker_Tee_030	MP_Biker_Tee_030
MP_Biker_Tee_030_F	mpBiker_overlays	update/x64/dlcpacks/mpbiker/dlc.rpf/common/data/effects/peds/mpbiker_overlays.xml	ZONE_TORSO	TYPE_BADGE	GENDER_FEMALE	0.727000	0.640000	0.140000	0.140000	0.000000	MP_Biker_Tee_030	MP_Biker_Tee_030
MP_Biker_Tee_031_M	mpBiker_overlays	update/x64/dlcpacks/mpbiker/dlc.rpf/common/data/effects/peds/mpbiker_overlays.xml	ZONE_TORSO	TYPE_BADGE	GENDER_MALE	0.737000	0.640000	0.140000	0.140000	0.000000	MP_Biker_Tee_031	MP_Biker_Tee_031
MP_Biker_Tee_031_F	mpBiker_overlays	update/x64/dlcpacks/mpbiker/dlc.rpf/common/data/effects/peds/mpbiker_overlays.xml	ZONE_TORSO	TYPE_BADGE	GENDER_FEMALE	0.727000	0.640000	0.140000	0.140000	0.000000	MP_Biker_Tee_031	MP_Biker_Tee_031
MP_Biker_Tee_032_M	mpBiker_overlays	update/x64/dlcpacks/mpbiker/dlc.rpf/common/data/effects/peds/mpbiker_overlays.xml	ZONE_TORSO	TYPE_BADGE	GENDER_MALE	0.737000	0.640000	0.140000	0.140000	0.000000	MP_Biker_Tee_032	MP_Biker_Tee_032
MP_Biker_Tee_032_F	mpBiker_overlays	update/x64/dlcpacks/mpbiker/dlc.rpf/common/data/effects/peds/mpbiker_overlays.xml	ZONE_TORSO	TYPE_BADGE	GENDER_FEMALE	0.727000	0.640000	0.140000	0.140000	0.000000	MP_Biker_Tee_032	MP_Biker_Tee_032
MP_Biker_Tee_033_M	mpBiker_overlays	update/x64/dlcpacks/mpbiker/dlc.rpf/common/data/effects/peds/mpbiker_overlays.xml	ZONE_TORSO	TYPE_BADGE	GENDER_MALE	0.737000	0.640000	0.140000	0.140000	0.000000	MP_Biker_Tee_033	MP_Biker_Tee_033
MP_Biker_Tee_033_F	mpBiker_overlays	update/x64/dlcpacks/mpbiker/dlc.rpf/common/data/effects/peds/mpbiker_overlays.xml	ZONE_TORSO	TYPE_BADGE	GENDER_FEMALE	0.727000	0.640000	0.140000	0.140000	0.000000	MP_Biker_Tee_033	MP_Biker_Tee_033
MP_Biker_Tee_034_M	mpBiker_overlays	update/x64/dlcpacks/mpbiker/dlc.rpf/common/data/effects/peds/mpbiker_overlays.xml	ZONE_TORSO	TYPE_BADGE	GENDER_MALE	0.737000	0.640000	0.140000	0.140000	0.000000	MP_Biker_Tee_034	MP_Biker_Tee_034
MP_Biker_Tee_034_F	mpBiker_overlays	update/x64/dlcpacks/mpbiker/dlc.rpf/common/data/effects/peds/mpbiker_overlays.xml	ZONE_TORSO	TYPE_BADGE	GENDER_FEMALE	0.727000	0.640000	0.140000	0.140000	0.000000	MP_Biker_Tee_034	MP_Biker_Tee_034
MP_Biker_Tee_035_M	mpBiker_overlays	update/x64/dlcpacks/mpbiker/dlc.rpf/common/data/effects/peds/mpbiker_overlays.xml	ZONE_TORSO	TYPE_BADGE	GENDER_MALE	0.737000	0.640000	0.140000	0.140000	0.000000	MP_Biker_Tee_035	MP_Biker_Tee_035
MP_Biker_Tee_035_F	mpBiker_overlays	update/x64/dlcpacks/mpbiker/dlc.rpf/common/data/effects/peds/mpbiker_overlays.xml	ZONE_TORSO	TYPE_BADGE	GENDER_FEMALE	0.727000	0.640000	0.140000	0.140000	0.000000	MP_Biker_Tee_035	MP_Biker_Tee_035
MP_Biker_Tee_036_M	mpBiker_overlays	update/x64/dlcpacks/mpbiker/dlc.rpf/common/data/effects/peds/mpbiker_overlays.xml	ZONE_TORSO	TYPE_BADGE	GENDER_MALE	0.737000	0.640000	0.140000	0.140000	0.000000	MP_Biker_Tee_036	MP_Biker_Tee_036
MP_Biker_Tee_036_F	mpBiker_overlays	update/x64/dlcpacks/mpbiker/dlc.rpf/common/data/effects/peds/mpbiker_overlays.xml	ZONE_TORSO	TYPE_BADGE	GENDER_FEMALE	0.727000	0.640000	0.140000	0.140000	0.000000	MP_Biker_Tee_036	MP_Biker_Tee_036
MP_Biker_Tee_037_M	mpBiker_overlays	update/x64/dlcpacks/mpbiker/dlc.rpf/common/data/effects/peds/mpbiker_overlays.xml	ZONE_TORSO	TYPE_BADGE	GENDER_MALE	0.737000	0.640000	0.140000	0.140000	0.000000	MP_Biker_Tee_037	MP_Biker_Tee_037
MP_Biker_Tee_037_F	mpBiker_overlays	update/x64/dlcpacks/mpbiker/dlc.rpf/common/data/effects/peds/mpbiker_overlays.xml	ZONE_TORSO	TYPE_BADGE	GENDER_FEMALE	0.727000	0.640000	0.140000	0.140000	0.000000	MP_Biker_Tee_037	MP_Biker_Tee_037
MP_Biker_Tee_038_M	mpBiker_overlays	update/x64/dlcpacks/mpbiker/dlc.rpf/common/data/effects/peds/mpbiker_overlays.xml	ZONE_TORSO	TYPE_BADGE	GENDER_MALE	0.737000	0.640000	0.140000	0.140000	0.000000	MP_Biker_Tee_038	MP_Biker_Tee_038
MP_Biker_Tee_038_F	mpBiker_overlays	update/x64/dlcpacks/mpbiker/dlc.rpf/common/data/effects/peds/mpbiker_overlays.xml	ZONE_TORSO	TYPE_BADGE	GENDER_FEMALE	0.727000	0.640000	0.140000	0.140000	0.000000	MP_Biker_Tee_038	MP_Biker_Tee_038
MP_Biker_Tee_039_M	mpBiker_overlays	update/x64/dlcpacks/mpbiker/dlc.rpf/common/data/effects/peds/mpbiker_overlays.xml	ZONE_TORSO	TYPE_BADGE	GENDER_MALE	0.737000	0.640000	0.140000	0.140000	0.000000	MP_Biker_Tee_039	MP_Biker_Tee_039
MP_Biker_Tee_039_F	mpBiker_overlays	update/x64/dlcpacks/mpbiker/dlc.rpf/common/data/effects/peds/mpbiker_overlays.xml	ZONE_TORSO	TYPE_BADGE	GENDER_FEMALE	0.727000	0.640000	0.140000	0.140000	0.000000	MP_Biker_Tee_039	MP_Biker_Tee_039
MP_Biker_Tee_040_M	mpBiker_overlays	update/x64/dlcpacks/mpbiker/dlc.rpf/common/data/effects/peds/mpbiker_overlays.xml	ZONE_TORSO	TYPE_BADGE	GENDER_MALE	0.737000	0.640000	0.140000	0.140000	0.000000	MP_Biker_Tee_040	MP_Biker_Tee_040
MP_Biker_Tee_040_F	mpBiker_overlays	update/x64/dlcpacks/mpbiker/dlc.rpf/common/data/effects/peds/mpbiker_overlays.xml	ZONE_TORSO	TYPE_BADGE	GENDER_FEMALE	0.727000	0.640000	0.140000	0.140000	0.000000	MP_Biker_Tee_040	MP_Biker_Tee_040
MP_Biker_Tee_041_M	mpBiker_overlays	update/x64/dlcpacks/mpbiker/dlc.rpf/common/data/effects/peds/mpbiker_overlays.xml	ZONE_TORSO	TYPE_BADGE	GENDER_MALE	0.737000	0.640000	0.140000	0.140000	0.000000	MP_Biker_Tee_041	MP_Biker_Tee_041
MP_Biker_Tee_041_F	mpBiker_overlays	update/x64/dlcpacks/mpbiker/dlc.rpf/common/data/effects/peds/mpbiker_overlays.xml	ZONE_TORSO	TYPE_BADGE	GENDER_FEMALE	0.727000	0.640000	0.140000	0.140000	0.000000	MP_Biker_Tee_041	MP_Biker_Tee_041
MP_Biker_Tee_042_M	mpBiker_overlays	update/x64/dlcpacks/mpbiker/dlc.rpf/common/data/effects/peds/mpbiker_overlays.xml	ZONE_TORSO	TYPE_BADGE	GENDER_MALE	0.737000	0.640000	0.140000	0.140000	0.000000	MP_Biker_Tee_042	MP_Biker_Tee_042
MP_Biker_Tee_042_F	mpBiker_overlays	update/x64/dlcpacks/mpbiker/dlc.rpf/common/data/effects/peds/mpbiker_overlays.xml	ZONE_TORSO	TYPE_BADGE	GENDER_FEMALE	0.727000	0.640000	0.140000	0.140000	0.000000	MP_Biker_Tee_042	MP_Biker_Tee_042
MP_Biker_Tee_043_M	mpBiker_overlays	update/x64/dlcpacks/mpbiker/dlc.rpf/common/data/effects/peds/mpbiker_overlays.xml	ZONE_TORSO	TYPE_BADGE	GENDER_MALE	0.737000	0.640000	0.140000	0.140000	0.000000	MP_Biker_Tee_043	MP_Biker_Tee_043
MP_Biker_Tee_043_F	mpBiker_overlays	update/x64/dlcpacks/mpbiker/dlc.rpf/common/data/effects/peds/mpbiker_overlays.xml	ZONE_TORSO	TYPE_BADGE	GENDER_FEMALE	0.727000	0.640000	0.140000	0.140000	0.000000	MP_Biker_Tee_043	MP_Biker_Tee_043
MP_Biker_Tee_044_M	mpBiker_overlays	update/x64/dlcpacks/mpbiker/dlc.rpf/common/data/effects/peds/mpbiker_overlays.xml	ZONE_TORSO	TYPE_BADGE	GENDER_MALE	0.737000	0.640000	0.140000	0.140000	0.000000	MP_Biker_Tee_044	MP_Biker_Tee_044
MP_Biker_Tee_044_F	mpBiker_overlays	update/x64/dlcpacks/mpbiker/dlc.rpf/common/data/effects/peds/mpbiker_overlays.xml	ZONE_TORSO	TYPE_BADGE	GENDER_FEMALE	0.727000	0.640000	0.140000	0.140000	0.000000	MP_Biker_Tee_044	MP_Biker_Tee_044
MP_Biker_Tee_045_M	mpBiker_overlays	update/x64/dlcpacks/mpbiker/dlc.rpf/common/data/effects/peds/mpbiker_overlays.xml	ZONE_TORSO	TYPE_BADGE	GENDER_MALE	0.737000	0.640000	0.140000	0.140000	0.000000	MP_Biker_Tee_045	MP_Biker_Tee_045
MP_Biker_Tee_045_F	mpBiker_overlays	update/x64/dlcpacks/mpbiker/dlc.rpf/common/data/effects/peds/mpbiker_overlays.xml	ZONE_TORSO	TYPE_BADGE	GENDER_FEMALE	0.727000	0.640000	0.140000	0.140000	0.000000	MP_Biker_Tee_045	MP_Biker_Tee_045
MP_Biker_Tee_046_M	mpBiker_overlays	update/x64/dlcpacks/mpbiker/dlc.rpf/common/data/effects/peds/mpbiker_overlays.xml	ZONE_TORSO	TYPE_BADGE	GENDER_MALE	0.737000	0.640000	0.140000	0.140000	0.000000	MP_Biker_Tee_046	MP_Biker_Tee_046
MP_Biker_Tee_046_F	mpBiker_overlays	update/x64/dlcpacks/mpbiker/dlc.rpf/common/data/effects/peds/mpbiker_overlays.xml	ZONE_TORSO	TYPE_BADGE	GENDER_FEMALE	0.727000	0.640000	0.140000	0.140000	0.000000	MP_Biker_Tee_046	MP_Biker_Tee_046
MP_Biker_Tee_047_M	mpBiker_overlays	update/x64/dlcpacks/mpbiker/dlc.rpf/common/data/effects/peds/mpbiker_overlays.xml	ZONE_TORSO	TYPE_BADGE	GENDER_MALE	0.737000	0.640000	0.140000	0.140000	0.000000	MP_Biker_Tee_047	MP_Biker_Tee_047
MP_Biker_Tee_047_F	mpBiker_overlays	update/x64/dlcpacks/mpbiker/dlc.rpf/common/data/effects/peds/mpbiker_overlays.xml	ZONE_TORSO	TYPE_BADGE	GENDER_FEMALE	0.727000	0.640000	0.140000	0.140000	0.000000	MP_Biker_Tee_047	MP_Biker_Tee_047
MP_Biker_Tee_048_M	mpBiker_overlays	update/x64/dlcpacks/mpbiker/dlc.rpf/common/data/effects/peds/mpbiker_overlays.xml	ZONE_TORSO	TYPE_BADGE	GENDER_MALE	0.737000	0.640000	0.140000	0.140000	0.000000	MP_Biker_Tee_048	MP_Biker_Tee_048
MP_Biker_Tee_048_F	mpBiker_overlays	update/x64/dlcpacks/mpbiker/dlc.rpf/common/data/effects/peds/mpbiker_overlays.xml	ZONE_TORSO	TYPE_BADGE	GENDER_FEMALE	0.727000	0.640000	0.140000	0.140000	0.000000	MP_Biker_Tee_048	MP_Biker_Tee_048
MP_Biker_Tee_049_M	mpBiker_overlays	update/x64/dlcpacks/mpbiker/dlc.rpf/common/data/effects/peds/mpbiker_overlays.xml	ZONE_TORSO	TYPE_BADGE	GENDER_MALE	0.737000	0.640000	0.140000	0.140000	0.000000	MP_Biker_Tee_049	MP_Biker_Tee_049
MP_Biker_Tee_049_F	mpBiker_overlays	update/x64/dlcpacks/mpbiker/dlc.rpf/common/data/effects/peds/mpbiker_overlays.xml	ZONE_TORSO	TYPE_BADGE	GENDER_FEMALE	0.727000	0.640000	0.140000	0.140000	0.000000	MP_Biker_Tee_049	MP_Biker_Tee_049
MP_Biker_Tee_050_M	mpBiker_overlays	update/x64/dlcpacks/mpbiker/dlc.rpf/common/data/effects/peds/mpbiker_overlays.xml	ZONE_TORSO	TYPE_BADGE	GENDER_MALE	0.737000	0.640000	0.140000	0.140000	0.000000	MP_Biker_Tee_050	MP_Biker_Tee_050
MP_Biker_Tee_050_F	mpBiker_overlays	update/x64/dlcpacks/mpbiker/dlc.rpf/common/data/effects/peds/mpbiker_overlays.xml	ZONE_TORSO	TYPE_BADGE	GENDER_FEMALE	0.727000	0.640000	0.140000	0.140000	0.000000	MP_Biker_Tee_050	MP_Biker_Tee_050
MP_Biker_Tee_051_M	mpBiker_overlays	update/x64/dlcpacks/mpbiker/dlc.rpf/common/data/effects/peds/mpbiker_overlays.xml	ZONE_TORSO	TYPE_BADGE	GENDER_MALE	0.737000	0.640000	0.140000	0.140000	0.000000	MP_Biker_Tee_051	MP_Biker_Tee_051
MP_Biker_Tee_051_F	mpBiker_overlays	update/x64/dlcpacks/mpbiker/dlc.rpf/common/data/effects/peds/mpbiker_overlays.xml	ZONE_TORSO	TYPE_BADGE	GENDER_FEMALE	0.727000	0.640000	0.140000	0.140000	0.000000	MP_Biker_Tee_051	MP_Biker_Tee_051
MP_Biker_Tee_052_M	mpBiker_overlays	update/x64/dlcpacks/mpbiker/dlc.rpf/common/data/effects/peds/mpbiker_overlays.xml	ZONE_TORSO	TYPE_BADGE	GENDER_MALE	0.737000	0.640000	0.140000	0.140000	0.000000	MP_Biker_Tee_052	MP_Biker_Tee_052
MP_Biker_Tee_052_F	mpBiker_overlays	update/x64/dlcpacks/mpbiker/dlc.rpf/common/data/effects/peds/mpbiker_overlays.xml	ZONE_TORSO	TYPE_BADGE	GENDER_FEMALE	0.727000	0.640000	0.140000	0.140000	0.000000	MP_Biker_Tee_052	MP_Biker_Tee_052
MP_Biker_Tee_053_M	mpBiker_overlays	update/x64/dlcpacks/mpbiker/dlc.rpf/common/data/effects/peds/mpbiker_overlays.xml	ZONE_TORSO	TYPE_BADGE	GENDER_MALE	0.737000	0.640000	0.140000	0.140000	0.000000	MP_Biker_Tee_053	MP_Biker_Tee_053
MP_Biker_Tee_053_F	mpBiker_overlays	update/x64/dlcpacks/mpbiker/dlc.rpf/common/data/effects/peds/mpbiker_overlays.xml	ZONE_TORSO	TYPE_BADGE	GENDER_FEMALE	0.727000	0.640000	0.140000	0.140000	0.000000	MP_Biker_Tee_053	MP_Biker_Tee_053
MP_Biker_Tee_054_M	mpBiker_overlays	update/x64/dlcpacks/mpbiker/dlc.rpf/common/data/effects/peds/mpbiker_overlays.xml	ZONE_TORSO	TYPE_BADGE	GENDER_MALE	0.737000	0.640000	0.140000	0.140000	0.000000	MP_Biker_Tee_054	MP_Biker_Tee_054
MP_Biker_Tee_054_F	mpBiker_overlays	update/x64/dlcpacks/mpbiker/dlc.rpf/common/data/effects/peds/mpbiker_overlays.xml	ZONE_TORSO	TYPE_BADGE	GENDER_FEMALE	0.727000	0.640000	0.140000	0.140000	0.000000	MP_Biker_Tee_054	MP_Biker_Tee_054
MP_Biker_Tee_055_M	mpBiker_overlays	update/x64/dlcpacks/mpbiker/dlc.rpf/common/data/effects/peds/mpbiker_overlays.xml	ZONE_TORSO	TYPE_BADGE	GENDER_MALE	0.737000	0.640000	0.140000	0.140000	0.000000	MP_Biker_Tee_055	MP_Biker_Tee_055
MP_Biker_Tee_055_F	mpBiker_overlays	update/x64/dlcpacks/mpbiker/dlc.rpf/common/data/effects/peds/mpbiker_overlays.xml	ZONE_TORSO	TYPE_BADGE	GENDER_FEMALE	0.727000	0.640000	0.140000	0.140000	0.000000	MP_Biker_Tee_055	MP_Biker_Tee_055
MP_Christmas2017_Tattoo_000_M	mpChristmas2017_overlays	update/x64/dlcpacks/mpchristmas2017/dlc.rpf/common/data/effects/peds/mpchristmas2017_overlays.xml	ZONE_TORSO	TYPE_TATTOO	GENDER_MALE	0.825000	0.600000	0.100000	0.130000	0.000000	MP_Christmas2017_Tattoo_000	MP_Christmas2017_Tattoo_000
MP_Christmas2017_Tattoo_000_F	mpChristmas2017_overlays	update/x64/dlcpacks/mpchristmas2017/dlc.rpf/common/data/effects/peds/mpchristmas2017_overlays.xml	ZONE_TORSO	TYPE_TATTOO	GENDER_FEMALE	0.835000	0.640000	0.100000	0.090000	0.000000	MP_Christmas2017_Tattoo_000	MP_Christmas2017_Tattoo_000
MP_Christmas2017_Tattoo_001_M	mpChristmas2017_overlays	update/x64/dlcpacks/mpchristmas2017/dlc.rpf/common/data/effects/peds/mpchristmas2017_overlays.xml	ZONE_LEFT_ARM	TYPE_TATTOO	GENDER_MALE	0.490000	0.800000	0.110000	0.150000	0.000000	MP_Christmas2017_Tattoo_001	MP_Christmas2017_Tattoo_001
MP_Christmas2017_Tattoo_001_F	mpChristmas2017_overlays	update/x64/dlcpacks/mpchristmas2017/dlc.rpf/common/data/effects/peds/mpchristmas2017_overlays.xml	ZONE_LEFT_ARM	TYPE_TATTOO	GENDER_FEMALE	0.525000	0.800000	0.130000	0.160000	0.000000	MP_Christmas2017_Tattoo_001	MP_Christmas2017_Tattoo_001
MP_Christmas2017_Tattoo_002_M	mpChristmas2017_overlays	update/x64/dlcpacks/mpchristmas2017/dlc.rpf/common/data/effects/peds/mpchristmas2017_overlays.xml	ZONE_TORSO	TYPE_TATTOO	GENDER_MALE	0.135000	0.640000	0.130000	0.150000	0.000000	MP_Christmas2017_Tattoo_002	MP_Christmas2017_Tattoo_002
MP_Christmas2017_Tattoo_002_F	mpChristmas2017_overlays	update/x64/dlcpacks/mpchristmas2017/dlc.rpf/common/data/effects/peds/mpchristmas2017_overlays.xml	ZONE_TORSO	TYPE_TATTOO	GENDER_FEMALE	0.145000	0.680000	0.130000	0.130000	0.000000	MP_Christmas2017_Tattoo_002	MP_Christmas2017_Tattoo_002
MP_Christmas2017_Tattoo_003_M	mpChristmas2017_overlays	update/x64/dlcpacks/mpchristmas2017/dlc.rpf/common/data/effects/peds/mpchristmas2017_overlays.xml	ZONE_TORSO	TYPE_TATTOO	GENDER_MALE	0.640000	0.610000	0.100000	0.130000	0.000000	MP_Christmas2017_Tattoo_003	MP_Christmas2017_Tattoo_003
MP_Christmas2017_Tattoo_003_F	mpChristmas2017_overlays	update/x64/dlcpacks/mpchristmas2017/dlc.rpf/common/data/effects/peds/mpchristmas2017_overlays.xml	ZONE_TORSO	TYPE_TATTOO	GENDER_FEMALE	0.640000	0.640000	0.130000	0.110000	0.000000	MP_Christmas2017_Tattoo_003	MP_Christmas2017_Tattoo_003
MP_Christmas2017_Tattoo_004_M	mpChristmas2017_overlays	update/x64/dlcpacks/mpchristmas2017/dlc.rpf/common/data/effects/peds/mpchristmas2017_overlays.xml	ZONE_LEFT_ARM	TYPE_TATTOO	GENDER_MALE	0.490000	0.600000	0.210000	0.280000	0.000000	MP_Christmas2017_Tattoo_004	MP_Christmas2017_Tattoo_004
MP_Christmas2017_Tattoo_004_F	mpChristmas2017_overlays	update/x64/dlcpacks/mpchristmas2017/dlc.rpf/common/data/effects/peds/mpchristmas2017_overlays.xml	ZONE_LEFT_ARM	TYPE_TATTOO	GENDER_FEMALE	0.540000	0.580000	0.240000	0.310000	0.000000	MP_Christmas2017_Tattoo_004	MP_Christmas2017_Tattoo_004
MP_Christmas2017_Tattoo_005_M	mpChristmas2017_overlays	update/x64/dlcpacks/mpchristmas2017/dlc.rpf/common/data/effects/peds/mpchristmas2017_overlays.xml	ZONE_TORSO	TYPE_TATTOO	GENDER_MALE	0.235000	0.540000	0.210000	0.280000	0.000000	MP_Christmas2017_Tattoo_005	MP_Christmas2017_Tattoo_005
MP_Christmas2017_Tattoo_005_F	mpChristmas2017_overlays	update/x64/dlcpacks/mpchristmas2017/dlc.rpf/common/data/effects/peds/mpchristmas2017_overlays.xml	ZONE_TORSO	TYPE_TATTOO	GENDER_FEMALE	0.235000	0.580000	0.210000	0.230000	0.000000	MP_Christmas2017_Tattoo_005	MP_Christmas2017_Tattoo_005
MP_Christmas2017_Tattoo_006_M	mpChristmas2017_overlays	update/x64/dlcpacks/mpchristmas2017/dlc.rpf/common/data/effects/peds/mpchristmas2017_overlays.xml	ZONE_RIGHT_ARM	TYPE_TATTOO	GENDER_MALE	0.525000	0.650000	0.250000	0.320000	0.000000	MP_Christmas2017_Tattoo_006	MP_Christmas2017_Tattoo_006
MP_Christmas2017_Tattoo_006_F	mpChristmas2017_overlays	update/x64/dlcpacks/mpchristmas2017/dlc.rpf/common/data/effects/peds/mpchristmas2017_overlays.xml	ZONE_RIGHT_ARM	TYPE_TATTOO	GENDER_FEMALE	0.515000	0.630000	0.250000	0.310000	0.000000	MP_Christmas2017_Tattoo_006	MP_Christmas2017_Tattoo_006
MP_Christmas2017_Tattoo_007_M	mpChristmas2017_overlays	update/x64/dlcpacks/mpchristmas2017/dlc.rpf/common/data/effects/peds/mpchristmas2017_overlays.xml	ZONE_LEFT_ARM	TYPE_TATTOO	GENDER_MALE	0.450000	0.620000	0.250000	0.280000	15.120000	MP_Christmas2017_Tattoo_007	MP_Christmas2017_Tattoo_007
MP_Christmas2017_Tattoo_007_F	mpChristmas2017_overlays	update/x64/dlcpacks/mpchristmas2017/dlc.rpf/common/data/effects/peds/mpchristmas2017_overlays.xml	ZONE_LEFT_ARM	TYPE_TATTOO	GENDER_FEMALE	0.450000	0.600000	0.250000	0.300000	15.120000	MP_Christmas2017_Tattoo_007	MP_Christmas2017_Tattoo_007
MP_Christmas2017_Tattoo_008_M	mpChristmas2017_overlays	update/x64/dlcpacks/mpchristmas2017/dlc.rpf/common/data/effects/peds/mpchristmas2017_overlays.xml	ZONE_TORSO	TYPE_TATTOO	GENDER_MALE	0.725000	0.315000	0.200000	0.160000	0.000000	MP_Christmas2017_Tattoo_008	MP_Christmas2017_Tattoo_008
MP_Christmas2017_Tattoo_008_F	mpChristmas2017_overlays	update/x64/dlcpacks/mpchristmas2017/dlc.rpf/common/data/effects/peds/mpchristmas2017_overlays.xml	ZONE_TORSO	TYPE_TATTOO	GENDER_FEMALE	0.725000	0.355000	0.200000	0.130000	0.000000	MP_Christmas2017_Tattoo_008	MP_Christmas2017_Tattoo_008
MP_Christmas2017_Tattoo_009_M	mpChristmas2017_overlays	update/x64/dlcpacks/mpchristmas2017/dlc.rpf/common/data/effects/peds/mpchristmas2017_overlays.xml	ZONE_TORSO	TYPE_TATTOO	GENDER_MALE	0.235000	0.640000	0.150000	0.170000	0.000000	MP_Christmas2017_Tattoo_009	MP_Christmas2017_Tattoo_009
MP_Christmas2017_Tattoo_009_F	mpChristmas2017_overlays	update/x64/dlcpacks/mpchristmas2017/dlc.rpf/common/data/effects/peds/mpchristmas2017_overlays.xml	ZONE_TORSO	TYPE_TATTOO	GENDER_FEMALE	0.235000	0.680000	0.150000	0.150000	0.000000	MP_Christmas2017_Tattoo_009	MP_Christmas2017_Tattoo_009
MP_Christmas2017_Tattoo_010_M	mpChristmas2017_overlays	update/x64/dlcpacks/mpchristmas2017/dlc.rpf/common/data/effects/peds/mpchristmas2017_overlays.xml	ZONE_TORSO	TYPE_TATTOO	GENDER_MALE	0.235000	0.570000	0.210000	0.260000	0.000000	MP_Christmas2017_Tattoo_010	MP_Christmas2017_Tattoo_010
MP_Christmas2017_Tattoo_010_F	mpChristmas2017_overlays	update/x64/dlcpacks/mpchristmas2017/dlc.rpf/common/data/effects/peds/mpchristmas2017_overlays.xml	ZONE_TORSO	TYPE_TATTOO	GENDER_FEMALE	0.235000	0.620000	0.210000	0.220000	0.000000	MP_Christmas2017_Tattoo_010	MP_Christmas2017_Tattoo_010
MP_Christmas2017_Tattoo_011_M	mpChristmas2017_overlays	update/x64/dlcpacks/mpchristmas2017/dlc.rpf/common/data/effects/peds/mpchristmas2017_overlays.xml	ZONE_TORSO	TYPE_TATTOO	GENDER_MALE	0.225000	0.490000	0.235000	0.330000	0.000000	MP_Christmas2017_Tattoo_011	MP_Christmas2017_Tattoo_011
MP_Christmas2017_Tattoo_011_F	mpChristmas2017_overlays	update/x64/dlcpacks/mpchristmas2017/dlc.rpf/common/data/effects/peds/mpchristmas2017_overlays.xml	ZONE_TORSO	TYPE_TATTOO	GENDER_FEMALE	0.235000	0.580000	0.255000	0.255000	0.000000	MP_Christmas2017_Tattoo_011	MP_Christmas2017_Tattoo_011
MP_Christmas2017_Tattoo_012_M	mpChristmas2017_overlays	update/x64/dlcpacks/mpchristmas2017/dlc.rpf/common/data/effects/peds/mpchristmas2017_overlays.xml	ZONE_RIGHT_ARM	TYPE_TATTOO	GENDER_MALE	0.480000	0.460000	0.150000	0.150000	0.000000	MP_Christmas2017_Tattoo_012	MP_Christmas2017_Tattoo_012
MP_Christmas2017_Tattoo_012_F	mpChristmas2017_overlays	update/x64/dlcpacks/mpchristmas2017/dlc.rpf/common/data/effects/peds/mpchristmas2017_overlays.xml	ZONE_RIGHT_ARM	TYPE_TATTOO	GENDER_FEMALE	0.530000	0.415000	0.180000	0.150000	0.000000	MP_Christmas2017_Tattoo_012	MP_Christmas2017_Tattoo_012
MP_Christmas2017_Tattoo_013_M	mpChristmas2017_overlays	update/x64/dlcpacks/mpchristmas2017/dlc.rpf/common/data/effects/peds/mpchristmas2017_overlays.xml	ZONE_LEFT_ARM	TYPE_TATTOO	GENDER_MALE	0.380000	0.610000	0.320000	0.270000	27.720000	MP_Christmas2017_Tattoo_013	MP_Christmas2017_Tattoo_013
MP_Christmas2017_Tattoo_013_F	mpChristmas2017_overlays	update/x64/dlcpacks/mpchristmas2017/dlc.rpf/common/data/effects/peds/mpchristmas2017_overlays.xml	ZONE_LEFT_ARM	TYPE_TATTOO	GENDER_FEMALE	0.380000	0.610000	0.320000	0.300000	27.720000	MP_Christmas2017_Tattoo_013	MP_Christmas2017_Tattoo_013
MP_Christmas2017_Tattoo_014_M	mpChristmas2017_overlays	update/x64/dlcpacks/mpchristmas2017/dlc.rpf/common/data/effects/peds/mpchristmas2017_overlays.xml	ZONE_RIGHT_ARM	TYPE_TATTOO	GENDER_MALE	0.235000	0.740000	0.210000	0.280000	0.000000	MP_Christmas2017_Tattoo_014	MP_Christmas2017_Tattoo_014
MP_Christmas2017_Tattoo_014_F	mpChristmas2017_overlays	update/x64/dlcpacks/mpchristmas2017/dlc.rpf/common/data/effects/peds/mpchristmas2017_overlays.xml	ZONE_RIGHT_ARM	TYPE_TATTOO	GENDER_FEMALE	0.235000	0.750000	0.210000	0.280000	0.000000	MP_Christmas2017_Tattoo_014	MP_Christmas2017_Tattoo_014
MP_Christmas2017_Tattoo_015_M	mpChristmas2017_overlays	update/x64/dlcpacks/mpchristmas2017/dlc.rpf/common/data/effects/peds/mpchristmas2017_overlays.xml	ZONE_TORSO	TYPE_TATTOO	GENDER_MALE	0.235000	0.540000	0.210000	0.280000	0.000000	MP_Christmas2017_Tattoo_015	MP_Christmas2017_Tattoo_015
MP_Christmas2017_Tattoo_015_F	mpChristmas2017_overlays	update/x64/dlcpacks/mpchristmas2017/dlc.rpf/common/data/effects/peds/mpchristmas2017_overlays.xml	ZONE_TORSO	TYPE_TATTOO	GENDER_FEMALE	0.235000	0.600000	0.210000	0.200000	0.000000	MP_Christmas2017_Tattoo_015	MP_Christmas2017_Tattoo_015
MP_Christmas2017_Tattoo_016_M	mpChristmas2017_overlays	update/x64/dlcpacks/mpchristmas2017/dlc.rpf/common/data/effects/peds/mpchristmas2017_overlays.xml	ZONE_TORSO	TYPE_TATTOO	GENDER_MALE	0.230000	0.480000	0.223000	0.280000	0.000000	MP_Christmas2017_Tattoo_016	MP_Christmas2017_Tattoo_016
MP_Christmas2017_Tattoo_016_F	mpChristmas2017_overlays	update/x64/dlcpacks/mpchristmas2017/dlc.rpf/common/data/effects/peds/mpchristmas2017_overlays.xml	ZONE_TORSO	TYPE_TATTOO	GENDER_FEMALE	0.230000	0.570000	0.223000	0.230000	0.000000	MP_Christmas2017_Tattoo_016	MP_Christmas2017_Tattoo_016
MP_Christmas2017_Tattoo_017_M	mpChristmas2017_overlays	update/x64/dlcpacks/mpchristmas2017/dlc.rpf/common/data/effects/peds/mpchristmas2017_overlays.xml	ZONE_RIGHT_ARM	TYPE_TATTOO	GENDER_MALE	0.435000	0.640000	0.250000	0.340000	164.880000	MP_Christmas2017_Tattoo_017	MP_Christmas2017_Tattoo_017
MP_Christmas2017_Tattoo_017_F	mpChristmas2017_overlays	update/x64/dlcpacks/mpchristmas2017/dlc.rpf/common/data/effects/peds/mpchristmas2017_overlays.xml	ZONE_RIGHT_ARM	TYPE_TATTOO	GENDER_FEMALE	0.435000	0.610000	0.250000	0.360000	164.880000	MP_Christmas2017_Tattoo_017	MP_Christmas2017_Tattoo_017
MP_Christmas2017_Tattoo_018_M	mpChristmas2017_overlays	update/x64/dlcpacks/mpchristmas2017/dlc.rpf/common/data/effects/peds/mpchristmas2017_overlays.xml	ZONE_RIGHT_ARM	TYPE_TATTOO	GENDER_MALE	0.430000	0.510000	0.230000	0.220000	0.000000	MP_Christmas2017_Tattoo_018	MP_Christmas2017_Tattoo_018
MP_Christmas2017_Tattoo_018_F	mpChristmas2017_overlays	update/x64/dlcpacks/mpchristmas2017/dlc.rpf/common/data/effects/peds/mpchristmas2017_overlays.xml	ZONE_RIGHT_ARM	TYPE_TATTOO	GENDER_FEMALE	0.430000	0.470000	0.230000	0.230000	0.000000	MP_Christmas2017_Tattoo_018	MP_Christmas2017_Tattoo_018
MP_Christmas2017_Tattoo_019_M	mpChristmas2017_overlays	update/x64/dlcpacks/mpchristmas2017/dlc.rpf/common/data/effects/peds/mpchristmas2017_overlays.xml	ZONE_TORSO	TYPE_TATTOO	GENDER_MALE	0.820000	0.580000	0.100000	0.100000	0.000000	MP_Christmas2017_Tattoo_019	MP_Christmas2017_Tattoo_019
MP_Christmas2017_Tattoo_019_F	mpChristmas2017_overlays	update/x64/dlcpacks/mpchristmas2017/dlc.rpf/common/data/effects/peds/mpchristmas2017_overlays.xml	ZONE_TORSO	TYPE_TATTOO	GENDER_FEMALE	0.820000	0.620000	0.100000	0.080000	0.000000	MP_Christmas2017_Tattoo_019	MP_Christmas2017_Tattoo_019
MP_Christmas2017_Tattoo_020_M	mpChristmas2017_overlays	update/x64/dlcpacks/mpchristmas2017/dlc.rpf/common/data/effects/peds/mpchristmas2017_overlays.xml	ZONE_TORSO	TYPE_TATTOO	GENDER_MALE	0.735000	0.460000	0.230000	0.230000	0.000000	MP_Christmas2017_Tattoo_020	MP_Christmas2017_Tattoo_020
MP_Christmas2017_Tattoo_020_F	mpChristmas2017_overlays	update/x64/dlcpacks/mpchristmas2017/dlc.rpf/common/data/effects/peds/mpchristmas2017_overlays.xml	ZONE_TORSO	TYPE_TATTOO	GENDER_FEMALE	0.735000	0.520000	0.230000	0.210000	0.000000	MP_Christmas2017_Tattoo_020	MP_Christmas2017_Tattoo_020
MP_Christmas2017_Tattoo_021_M	mpChristmas2017_overlays	update/x64/dlcpacks/mpchristmas2017/dlc.rpf/common/data/effects/peds/mpchristmas2017_overlays.xml	ZONE_TORSO	TYPE_TATTOO	GENDER_MALE	0.220000	0.570000	0.230000	0.250000	0.000000	MP_Christmas2017_Tattoo_021	MP_Christmas2017_Tattoo_021
MP_Christmas2017_Tattoo_021_F	mpChristmas2017_overlays	update/x64/dlcpacks/mpchristmas2017/dlc.rpf/common/data/effects/peds/mpchristmas2017_overlays.xml	ZONE_TORSO	TYPE_TATTOO	GENDER_FEMALE	0.220000	0.630000	0.230000	0.200000	0.000000	MP_Christmas2017_Tattoo_021	MP_Christmas2017_Tattoo_021
MP_Christmas2017_Tattoo_022_M	mpChristmas2017_overlays	update/x64/dlcpacks/mpchristmas2017/dlc.rpf/common/data/effects/peds/mpchristmas2017_overlays.xml	ZONE_TORSO	TYPE_TATTOO	GENDER_MALE	0.220000	0.480000	0.265000	0.330000	-6.480000	MP_Christmas2017_Tattoo_022	MP_Christmas2017_Tattoo_022
MP_Christmas2017_Tattoo_022_F	mpChristmas2017_overlays	update/x64/dlcpacks/mpchristmas2017/dlc.rpf/common/data/effects/peds/mpchristmas2017_overlays.xml	ZONE_TORSO	TYPE_TATTOO	GENDER_FEMALE	0.220000	0.540000	0.300000	0.260000	0.000000	MP_Christmas2017_Tattoo_022	MP_Christmas2017_Tattoo_022
MP_Christmas2017_Tattoo_023_M	mpChristmas2017_overlays	update/x64/dlcpacks/mpchristmas2017/dlc.rpf/common/data/effects/peds/mpchristmas2017_overlays.xml	ZONE_RIGHT_ARM	TYPE_TATTOO	GENDER_MALE	0.550000	0.600000	0.210000	0.300000	0.000000	MP_Christmas2017_Tattoo_023	MP_Christmas2017_Tattoo_023
MP_Christmas2017_Tattoo_023_F	mpChristmas2017_overlays	update/x64/dlcpacks/mpchristmas2017/dlc.rpf/common/data/effects/peds/mpchristmas2017_overlays.xml	ZONE_RIGHT_ARM	TYPE_TATTOO	GENDER_FEMALE	0.550000	0.600000	0.210000	0.330000	0.000000	MP_Christmas2017_Tattoo_023	MP_Christmas2017_Tattoo_023
MP_Christmas2017_Tattoo_024_M	mpChristmas2017_overlays	update/x64/dlcpacks/mpchristmas2017/dlc.rpf/common/data/effects/peds/mpchristmas2017_overlays.xml	ZONE_TORSO	TYPE_TATTOO	GENDER_MALE	0.225000	0.600000	0.190000	0.210000	0.000000	MP_Christmas2017_Tattoo_024	MP_Christmas2017_Tattoo_024
MP_Christmas2017_Tattoo_024_F	mpChristmas2017_overlays	update/x64/dlcpacks/mpchristmas2017/dlc.rpf/common/data/effects/peds/mpchristmas2017_overlays.xml	ZONE_TORSO	TYPE_TATTOO	GENDER_FEMALE	0.225000	0.640000	0.190000	0.200000	0.000000	MP_Christmas2017_Tattoo_024	MP_Christmas2017_Tattoo_024
MP_Christmas2017_Tattoo_025_M	mpChristmas2017_overlays	update/x64/dlcpacks/mpchristmas2017/dlc.rpf/common/data/effects/peds/mpchristmas2017_overlays.xml	ZONE_LEFT_ARM	TYPE_TATTOO	GENDER_MALE	0.480000	0.640000	0.210000	0.310000	0.000000	MP_Christmas2017_Tattoo_025	MP_Christmas2017_Tattoo_025
MP_Christmas2017_Tattoo_025_F	mpChristmas2017_overlays	update/x64/dlcpacks/mpchristmas2017/dlc.rpf/common/data/effects/peds/mpchristmas2017_overlays.xml	ZONE_LEFT_ARM	TYPE_TATTOO	GENDER_FEMALE	0.480000	0.640000	0.210000	0.340000	0.000000	MP_Christmas2017_Tattoo_025	MP_Christmas2017_Tattoo_025
MP_Christmas2017_Tattoo_026_M	mpChristmas2017_overlays	update/x64/dlcpacks/mpchristmas2017/dlc.rpf/common/data/effects/peds/mpchristmas2017_overlays.xml	ZONE_TORSO	TYPE_TATTOO	GENDER_MALE	0.835000	0.610000	0.150000	0.130000	0.000000	MP_Christmas2017_Tattoo_026	MP_Christmas2017_Tattoo_026
MP_Christmas2017_Tattoo_026_F	mpChristmas2017_overlays	update/x64/dlcpacks/mpchristmas2017/dlc.rpf/common/data/effects/peds/mpchristmas2017_overlays.xml	ZONE_TORSO	TYPE_TATTOO	GENDER_FEMALE	0.835000	0.630000	0.150000	0.110000	0.000000	MP_Christmas2017_Tattoo_026	MP_Christmas2017_Tattoo_026
MP_Christmas2017_Tattoo_027_M	mpChristmas2017_overlays	update/x64/dlcpacks/mpchristmas2017/dlc.rpf/common/data/effects/peds/mpchristmas2017_overlays.xml	ZONE_TORSO	TYPE_TATTOO	GENDER_MALE	0.228000	0.570000	0.205000	0.230000	0.000000	MP_Christmas2017_Tattoo_027	MP_Christmas2017_Tattoo_027
MP_Christmas2017_Tattoo_027_F	mpChristmas2017_overlays	update/x64/dlcpacks/mpchristmas2017/dlc.rpf/common/data/effects/peds/mpchristmas2017_overlays.xml	ZONE_TORSO	TYPE_TATTOO	GENDER_FEMALE	0.228000	0.640000	0.200000	0.170000	0.000000	MP_Christmas2017_Tattoo_027	MP_Christmas2017_Tattoo_027
MP_Christmas2017_Tattoo_028_M	mpChristmas2017_overlays	update/x64/dlcpacks/mpchristmas2017/dlc.rpf/common/data/effects/peds/mpchristmas2017_overlays.xml	ZONE_RIGHT_ARM	TYPE_TATTOO	GENDER_MALE	0.235000	0.725000	0.147000	0.220000	0.000000	MP_Christmas2017_Tattoo_028	MP_Christmas2017_Tattoo_028
MP_Christmas2017_Tattoo_028_F	mpChristmas2017_overlays	update/x64/dlcpacks/mpchristmas2017/dlc.rpf/common/data/effects/peds/mpchristmas2017_overlays.xml	ZONE_RIGHT_ARM	TYPE_TATTOO	GENDER_FEMALE	0.235000	0.720000	0.147000	0.210000	0.000000	MP_Christmas2017_Tattoo_028	MP_Christmas2017_Tattoo_028
MP_Christmas2017_Tattoo_029_M	mpChristmas2017_overlays	update/x64/dlcpacks/mpchristmas2017/dlc.rpf/common/data/effects/peds/mpchristmas2017_overlays.xml	ZONE_LEFT_ARM	TYPE_TATTOO	GENDER_MALE	0.530000	0.590000	0.230000	0.280000	0.000000	MP_Christmas2017_Tattoo_029	MP_Christmas2017_Tattoo_029
MP_Christmas2017_Tattoo_029_F	mpChristmas2017_overlays	update/x64/dlcpacks/mpchristmas2017/dlc.rpf/common/data/effects/peds/mpchristmas2017_overlays.xml	ZONE_LEFT_ARM	TYPE_TATTOO	GENDER_FEMALE	0.530000	0.600000	0.230000	0.310000	0.000000	MP_Christmas2017_Tattoo_029	MP_Christmas2017_Tattoo_029
MP_Christmas2018_Tat_000_M	mpChristmas2018_overlays	update/x64/dlcpacks/mpchristmas2018/dlc.rpf/common/data/effects/peds/mpchristmas2018_overlays.xml	ZONE_TORSO	TYPE_TATTOO	GENDER_MALE	0.224000	0.510000	0.260000	0.260000	0.000000	MP_Christmas2018_Tat_000	MP_Christmas2018_Tat_000
MP_Christmas2018_Tat_000_F	mpChristmas2018_overlays	update/x64/dlcpacks/mpchristmas2018/dlc.rpf/common/data/effects/peds/mpchristmas2018_overlays.xml	ZONE_TORSO	TYPE_TATTOO	GENDER_FEMALE	0.224000	0.610000	0.260000	0.200000	0.000000	MP_Christmas2018_Tat_000	MP_Christmas2018_Tat_000
MP_Christmas2018_Tee_000_M	mpChristmas2018_overlays	update/x64/dlcpacks/mpchristmas2018/dlc.rpf/common/data/effects/peds/mpchristmas2018_overlays.xml	ZONE_TORSO	TYPE_BADGE	GENDER_MALE	0.737000	0.640000	0.140000	0.140000	0.000000	MP_Christmas2018_Tee_000	MP_Christmas2018_Tee_000
MP_Christmas2018_Tee_000_F	mpChristmas2018_overlays	update/x64/dlcpacks/mpchristmas2018/dlc.rpf/common/data/effects/peds/mpchristmas2018_overlays.xml	ZONE_TORSO	TYPE_BADGE	GENDER_FEMALE	0.727000	0.660000	0.140000	0.140000	0.000000	MP_Christmas2018_Tee_000	MP_Christmas2018_Tee_000
MP_Christmas2018_Tee_001_M	mpChristmas2018_overlays	update/x64/dlcpacks/mpchristmas2018/dlc.rpf/common/data/effects/peds/mpchristmas2018_overlays.xml	ZONE_TORSO	TYPE_BADGE	GENDER_MALE	0.737000	0.620000	0.140000	0.140000	0.000000	MP_Christmas2018_Tee_001	MP_Christmas2018_Tee_001
MP_Christmas2018_Tee_001_F	mpChristmas2018_overlays	update/x64/dlcpacks/mpchristmas2018/dlc.rpf/common/data/effects/peds/mpchristmas2018_overlays.xml	ZONE_TORSO	TYPE_BADGE	GENDER_FEMALE	0.727000	0.640000	0.140000	0.140000	0.000000	MP_Christmas2018_Tee_001	MP_Christmas2018_Tee_001
MP_Christmas2018_Tee_002_M	mpChristmas2018_overlays	update/x64/dlcpacks/mpchristmas2018/dlc.rpf/common/data/effects/peds/mpchristmas2018_overlays.xml	ZONE_TORSO	TYPE_BADGE	GENDER_MALE	0.737000	0.620000	0.140000	0.140000	0.000000	MP_Christmas2018_Tee_002	MP_Christmas2018_Tee_002
MP_Christmas2018_Tee_002_F	mpChristmas2018_overlays	update/x64/dlcpacks/mpchristmas2018/dlc.rpf/common/data/effects/peds/mpchristmas2018_overlays.xml	ZONE_TORSO	TYPE_BADGE	GENDER_FEMALE	0.727000	0.660000	0.140000	0.140000	0.000000	MP_Christmas2018_Tee_002	MP_Christmas2018_Tee_002
MP_Christmas2018_Tee_003_M	mpChristmas2018_overlays	update/x64/dlcpacks/mpchristmas2018/dlc.rpf/common/data/effects/peds/mpchristmas2018_overlays.xml	ZONE_TORSO	TYPE_BADGE	GENDER_MALE	0.737000	0.640000	0.140000	0.140000	0.000000	MP_Christmas2018_Tee_003	MP_Christmas2018_Tee_003
MP_Christmas2018_Tee_003_F	mpChristmas2018_overlays	update/x64/dlcpacks/mpchristmas2018/dlc.rpf/common/data/effects/peds/mpchristmas2018_overlays.xml	ZONE_TORSO	TYPE_BADGE	GENDER_FEMALE	0.727000	0.660000	0.140000	0.140000	0.000000	MP_Christmas2018_Tee_003	MP_Christmas2018_Tee_003
MP_Christmas2018_Tee_004_M	mpChristmas2018_overlays	update/x64/dlcpacks/mpchristmas2018/dlc.rpf/common/data/effects/peds/mpchristmas2018_overlays.xml	ZONE_TORSO	TYPE_BADGE	GENDER_MALE	0.737000	0.640000	0.140000	0.140000	0.000000	MP_Christmas2018_Tee_004	MP_Christmas2018_Tee_004
MP_Christmas2018_Tee_004_F	mpChristmas2018_overlays	update/x64/dlcpacks/mpchristmas2018/dlc.rpf/common/data/effects/peds/mpchristmas2018_overlays.xml	ZONE_TORSO	TYPE_BADGE	GENDER_FEMALE	0.727000	0.660000	0.140000	0.140000	0.000000	MP_Christmas2018_Tee_004	MP_Christmas2018_Tee_004
MP_Christmas2018_Tee_005_M	mpChristmas2018_overlays	update/x64/dlcpacks/mpchristmas2018/dlc.rpf/common/data/effects/peds/mpchristmas2018_overlays.xml	ZONE_TORSO	TYPE_BADGE	GENDER_MALE	0.737000	0.660000	0.140000	0.140000	0.000000	MP_Christmas2018_Tee_005	MP_Christmas2018_Tee_005
MP_Christmas2018_Tee_005_F	mpChristmas2018_overlays	update/x64/dlcpacks/mpchristmas2018/dlc.rpf/common/data/effects/peds/mpchristmas2018_overlays.xml	ZONE_TORSO	TYPE_BADGE	GENDER_FEMALE	0.727000	0.680000	0.140000	0.140000	0.000000	MP_Christmas2018_Tee_005	MP_Christmas2018_Tee_005
MP_Christmas2018_Tee_006_M	mpChristmas2018_overlays	update/x64/dlcpacks/mpchristmas2018/dlc.rpf/common/data/effects/peds/mpchristmas2018_overlays.xml	ZONE_TORSO	TYPE_BADGE	GENDER_MALE	0.737000	0.620000	0.140000	0.140000	0.000000	MP_Christmas2018_Tee_006	MP_Christmas2018_Tee_006
MP_Christmas2018_Tee_006_F	mpChristmas2018_overlays	update/x64/dlcpacks/mpchristmas2018/dlc.rpf/common/data/effects/peds/mpchristmas2018_overlays.xml	ZONE_TORSO	TYPE_BADGE	GENDER_FEMALE	0.727000	0.640000	0.140000	0.140000	0.000000	MP_Christmas2018_Tee_006	MP_Christmas2018_Tee_006
MP_Christmas2018_Tee_007_M	mpChristmas2018_overlays	update/x64/dlcpacks/mpchristmas2018/dlc.rpf/common/data/effects/peds/mpchristmas2018_overlays.xml	ZONE_TORSO	TYPE_BADGE	GENDER_MALE	0.737000	0.670000	0.140000	0.140000	0.000000	MP_Christmas2018_Tee_007	MP_Christmas2018_Tee_007
MP_Christmas2018_Tee_007_F	mpChristmas2018_overlays	update/x64/dlcpacks/mpchristmas2018/dlc.rpf/common/data/effects/peds/mpchristmas2018_overlays.xml	ZONE_TORSO	TYPE_BADGE	GENDER_FEMALE	0.727000	0.710000	0.140000	0.140000	0.000000	MP_Christmas2018_Tee_007	MP_Christmas2018_Tee_007
MP_Christmas2018_Tee_008_M	mpChristmas2018_overlays	update/x64/dlcpacks/mpchristmas2018/dlc.rpf/common/data/effects/peds/mpchristmas2018_overlays.xml	ZONE_TORSO	TYPE_BADGE	GENDER_MALE	0.737000	0.600000	0.140000	0.140000	0.000000	MP_Christmas2018_Tee_008	MP_Christmas2018_Tee_008
MP_Christmas2018_Tee_008_F	mpChristmas2018_overlays	update/x64/dlcpacks/mpchristmas2018/dlc.rpf/common/data/effects/peds/mpchristmas2018_overlays.xml	ZONE_TORSO	TYPE_BADGE	GENDER_FEMALE	0.727000	0.630000	0.140000	0.140000	0.000000	MP_Christmas2018_Tee_008	MP_Christmas2018_Tee_008
MP_Christmas2018_Tee_009_M	mpChristmas2018_overlays	update/x64/dlcpacks/mpchristmas2018/dlc.rpf/common/data/effects/peds/mpchristmas2018_overlays.xml	ZONE_TORSO	TYPE_BADGE	GENDER_MALE	0.737000	0.640000	0.140000	0.140000	0.000000	MP_Christmas2018_Tee_009	MP_Christmas2018_Tee_009
MP_Christmas2018_Tee_009_F	mpChristmas2018_overlays	update/x64/dlcpacks/mpchristmas2018/dlc.rpf/common/data/effects/peds/mpchristmas2018_overlays.xml	ZONE_TORSO	TYPE_BADGE	GENDER_FEMALE	0.727000	0.660000	0.140000	0.140000	0.000000	MP_Christmas2018_Tee_009	MP_Christmas2018_Tee_009
MP_Christmas2018_Tee_010_M	mpChristmas2018_overlays	update/x64/dlcpacks/mpchristmas2018/dlc.rpf/common/data/effects/peds/mpchristmas2018_overlays.xml	ZONE_TORSO	TYPE_BADGE	GENDER_MALE	0.737000	0.640000	0.140000	0.140000	0.000000	MP_Christmas2018_Tee_010	MP_Christmas2018_Tee_010
MP_Christmas2018_Tee_010_F	mpChristmas2018_overlays	update/x64/dlcpacks/mpchristmas2018/dlc.rpf/common/data/effects/peds/mpchristmas2018_overlays.xml	ZONE_TORSO	TYPE_BADGE	GENDER_FEMALE	0.727000	0.670000	0.150000	0.150000	0.000000	MP_Christmas2018_Tee_010	MP_Christmas2018_Tee_010
MP_Christmas2018_Tee_011_M	mpChristmas2018_overlays	update/x64/dlcpacks/mpchristmas2018/dlc.rpf/common/data/effects/peds/mpchristmas2018_overlays.xml	ZONE_TORSO	TYPE_BADGE	GENDER_MALE	0.737000	0.620000	0.140000	0.140000	0.000000	MP_Christmas2018_Tee_011	MP_Christmas2018_Tee_011
MP_Christmas2018_Tee_011_F	mpChristmas2018_overlays	update/x64/dlcpacks/mpchristmas2018/dlc.rpf/common/data/effects/peds/mpchristmas2018_overlays.xml	ZONE_TORSO	TYPE_BADGE	GENDER_FEMALE	0.727000	0.640000	0.140000	0.140000	0.000000	MP_Christmas2018_Tee_011	MP_Christmas2018_Tee_011
MP_Christmas2018_Tee_012_M	mpChristmas2018_overlays	update/x64/dlcpacks/mpchristmas2018/dlc.rpf/common/data/effects/peds/mpchristmas2018_overlays.xml	ZONE_TORSO	TYPE_BADGE	GENDER_MALE	0.737000	0.640000	0.140000	0.140000	0.000000	MP_Christmas2018_Tee_012	MP_Christmas2018_Tee_012
MP_Christmas2018_Tee_012_F	mpChristmas2018_overlays	update/x64/dlcpacks/mpchristmas2018/dlc.rpf/common/data/effects/peds/mpchristmas2018_overlays.xml	ZONE_TORSO	TYPE_BADGE	GENDER_FEMALE	0.727000	0.660000	0.140000	0.140000	0.000000	MP_Christmas2018_Tee_012	MP_Christmas2018_Tee_012
MP_Christmas2018_Tee_013_M	mpChristmas2018_overlays	update/x64/dlcpacks/mpchristmas2018/dlc.rpf/common/data/effects/peds/mpchristmas2018_overlays.xml	ZONE_TORSO	TYPE_BADGE	GENDER_MALE	0.737000	0.610000	0.140000	0.140000	0.000000	MP_Christmas2018_Tee_013	MP_Christmas2018_Tee_013
MP_Christmas2018_Tee_013_F	mpChristmas2018_overlays	update/x64/dlcpacks/mpchristmas2018/dlc.rpf/common/data/effects/peds/mpchristmas2018_overlays.xml	ZONE_TORSO	TYPE_BADGE	GENDER_FEMALE	0.727000	0.630000	0.140000	0.140000	0.000000	MP_Christmas2018_Tee_013	MP_Christmas2018_Tee_013
MP_Christmas2018_Tee_014_M	mpChristmas2018_overlays	update/x64/dlcpacks/mpchristmas2018/dlc.rpf/common/data/effects/peds/mpchristmas2018_overlays.xml	ZONE_TORSO	TYPE_BADGE	GENDER_MALE	0.737000	0.670000	0.140000	0.140000	0.000000	MP_Christmas2018_Tee_014	MP_Christmas2018_Tee_014
MP_Christmas2018_Tee_014_F	mpChristmas2018_overlays	update/x64/dlcpacks/mpchristmas2018/dlc.rpf/common/data/effects/peds/mpchristmas2018_overlays.xml	ZONE_TORSO	TYPE_BADGE	GENDER_FEMALE	0.727000	0.690000	0.140000	0.140000	0.000000	MP_Christmas2018_Tee_014	MP_Christmas2018_Tee_014
MP_Christmas2018_Tee_015_M	mpChristmas2018_overlays	update/x64/dlcpacks/mpchristmas2018/dlc.rpf/common/data/effects/peds/mpchristmas2018_overlays.xml	ZONE_TORSO	TYPE_BADGE	GENDER_MALE	0.737000	0.670000	0.160000	0.160000	0.000000	MP_Christmas2018_Tee_015	MP_Christmas2018_Tee_015
MP_Christmas2018_Tee_015_F	mpChristmas2018_overlays	update/x64/dlcpacks/mpchristmas2018/dlc.rpf/common/data/effects/peds/mpchristmas2018_overlays.xml	ZONE_TORSO	TYPE_BADGE	GENDER_FEMALE	0.727000	0.700000	0.160000	0.160000	0.000000	MP_Christmas2018_Tee_015	MP_Christmas2018_Tee_015
MP_Christmas2018_Tee_016_M	mpChristmas2018_overlays	update/x64/dlcpacks/mpchristmas2018/dlc.rpf/common/data/effects/peds/mpchristmas2018_overlays.xml	ZONE_TORSO	TYPE_BADGE	GENDER_MALE	0.737000	0.670000	0.160000	0.160000	0.000000	MP_Christmas2018_Tee_016	MP_Christmas2018_Tee_016
MP_Christmas2018_Tee_016_F	mpChristmas2018_overlays	update/x64/dlcpacks/mpchristmas2018/dlc.rpf/common/data/effects/peds/mpchristmas2018_overlays.xml	ZONE_TORSO	TYPE_BADGE	GENDER_FEMALE	0.727000	0.700000	0.160000	0.160000	0.000000	MP_Christmas2018_Tee_016	MP_Christmas2018_Tee_016
MP_Christmas2018_Tee_017_M	mpChristmas2018_overlays	update/x64/dlcpacks/mpchristmas2018/dlc.rpf/common/data/effects/peds/mpchristmas2018_overlays.xml	ZONE_TORSO	TYPE_BADGE	GENDER_MALE	0.737000	0.640000	0.120000	0.120000	0.000000	MP_Christmas2018_Tee_017	MP_Christmas2018_Tee_017
MP_Christmas2018_Tee_017_F	mpChristmas2018_overlays	update/x64/dlcpacks/mpchristmas2018/dlc.rpf/common/data/effects/peds/mpchristmas2018_overlays.xml	ZONE_TORSO	TYPE_BADGE	GENDER_FEMALE	0.727000	0.660000	0.130000	0.130000	0.000000	MP_Christmas2018_Tee_017	MP_Christmas2018_Tee_017
MP_Christmas2018_Tee_018_M	mpChristmas2018_overlays	update/x64/dlcpacks/mpchristmas2018/dlc.rpf/common/data/effects/peds/mpchristmas2018_overlays.xml	ZONE_TORSO	TYPE_BADGE	GENDER_MALE	0.737000	0.640000	0.120000	0.120000	0.000000	MP_Christmas2018_Tee_018	MP_Christmas2018_Tee_018
MP_Christmas2018_Tee_018_F	mpChristmas2018_overlays	update/x64/dlcpacks/mpchristmas2018/dlc.rpf/common/data/effects/peds/mpchristmas2018_overlays.xml	ZONE_TORSO	TYPE_BADGE	GENDER_FEMALE	0.727000	0.660000	0.120000	0.120000	0.000000	MP_Christmas2018_Tee_018	MP_Christmas2018_Tee_018
MP_Christmas2018_Tee_019_M	mpChristmas2018_overlays	update/x64/dlcpacks/mpchristmas2018/dlc.rpf/common/data/effects/peds/mpchristmas2018_overlays.xml	ZONE_TORSO	TYPE_BADGE	GENDER_MALE	0.737000	0.620000	0.140000	0.140000	0.000000	MP_Christmas2018_Tee_019	MP_Christmas2018_Tee_019
MP_Christmas2018_Tee_019_F	mpChristmas2018_overlays	update/x64/dlcpacks/mpchristmas2018/dlc.rpf/common/data/effects/peds/mpchristmas2018_overlays.xml	ZONE_TORSO	TYPE_BADGE	GENDER_FEMALE	0.727000	0.640000	0.140000	0.140000	0.000000	MP_Christmas2018_Tee_019	MP_Christmas2018_Tee_019
MP_Christmas2018_Tee_020_M	mpChristmas2018_overlays	update/x64/dlcpacks/mpchristmas2018/dlc.rpf/common/data/effects/peds/mpchristmas2018_overlays.xml	ZONE_TORSO	TYPE_BADGE	GENDER_MALE	0.737000	0.660000	0.140000	0.140000	0.000000	MP_Christmas2018_Tee_020	MP_Christmas2018_Tee_020
MP_Christmas2018_Tee_020_F	mpChristmas2018_overlays	update/x64/dlcpacks/mpchristmas2018/dlc.rpf/common/data/effects/peds/mpchristmas2018_overlays.xml	ZONE_TORSO	TYPE_BADGE	GENDER_FEMALE	0.727000	0.690000	0.140000	0.140000	0.000000	MP_Christmas2018_Tee_020	MP_Christmas2018_Tee_020
MP_Christmas2018_Tee_021_M	mpChristmas2018_overlays	update/x64/dlcpacks/mpchristmas2018/dlc.rpf/common/data/effects/peds/mpchristmas2018_overlays.xml	ZONE_TORSO	TYPE_BADGE	GENDER_MALE	0.737000	0.660000	0.140000	0.140000	0.000000	MP_Christmas2018_Tee_021	MP_Christmas2018_Tee_021
MP_Christmas2018_Tee_021_F	mpChristmas2018_overlays	update/x64/dlcpacks/mpchristmas2018/dlc.rpf/common/data/effects/peds/mpchristmas2018_overlays.xml	ZONE_TORSO	TYPE_BADGE	GENDER_FEMALE	0.727000	0.680000	0.140000	0.140000	0.000000	MP_Christmas2018_Tee_021	MP_Christmas2018_Tee_021
MP_Christmas2018_Tee_022_M	mpChristmas2018_overlays	update/x64/dlcpacks/mpchristmas2018/dlc.rpf/common/data/effects/peds/mpchristmas2018_overlays.xml	ZONE_TORSO	TYPE_BADGE	GENDER_MALE	0.737000	0.670000	0.140000	0.140000	0.000000	MP_Christmas2018_Tee_022	MP_Christmas2018_Tee_022
MP_Christmas2018_Tee_022_F	mpChristmas2018_overlays	update/x64/dlcpacks/mpchristmas2018/dlc.rpf/common/data/effects/peds/mpchristmas2018_overlays.xml	ZONE_TORSO	TYPE_BADGE	GENDER_FEMALE	0.727000	0.690000	0.140000	0.140000	0.000000	MP_Christmas2018_Tee_022	MP_Christmas2018_Tee_022
MP_Christmas2018_Tee_023_M	mpChristmas2018_overlays	update/x64/dlcpacks/mpchristmas2018/dlc.rpf/common/data/effects/peds/mpchristmas2018_overlays.xml	ZONE_TORSO	TYPE_BADGE	GENDER_MALE	0.737000	0.600000	0.140000	0.140000	0.000000	MP_Christmas2018_Tee_023	MP_Christmas2018_Tee_023
MP_Christmas2018_Tee_023_F	mpChristmas2018_overlays	update/x64/dlcpacks/mpchristmas2018/dlc.rpf/common/data/effects/peds/mpchristmas2018_overlays.xml	ZONE_TORSO	TYPE_BADGE	GENDER_FEMALE	0.727000	0.620000	0.140000	0.140000	0.000000	MP_Christmas2018_Tee_023	MP_Christmas2018_Tee_023
MP_Christmas2018_Tee_024_M	mpChristmas2018_overlays	update/x64/dlcpacks/mpchristmas2018/dlc.rpf/common/data/effects/peds/mpchristmas2018_overlays.xml	ZONE_TORSO	TYPE_BADGE	GENDER_MALE	0.737000	0.620000	0.140000	0.140000	0.000000	MP_Christmas2018_Tee_024	MP_Christmas2018_Tee_024
MP_Christmas2018_Tee_024_F	mpChristmas2018_overlays	update/x64/dlcpacks/mpchristmas2018/dlc.rpf/common/data/effects/peds/mpchristmas2018_overlays.xml	ZONE_TORSO	TYPE_BADGE	GENDER_FEMALE	0.727000	0.640000	0.140000	0.140000	0.000000	MP_Christmas2018_Tee_024	MP_Christmas2018_Tee_024
MP_Christmas2018_Tee_025_M	mpChristmas2018_overlays	update/x64/dlcpacks/mpchristmas2018/dlc.rpf/common/data/effects/peds/mpchristmas2018_overlays.xml	ZONE_TORSO	TYPE_BADGE	GENDER_MALE	0.737000	0.650000	0.140000	0.140000	0.000000	MP_Christmas2018_Tee_025	MP_Christmas2018_Tee_025
MP_Christmas2018_Tee_025_F	mpChristmas2018_overlays	update/x64/dlcpacks/mpchristmas2018/dlc.rpf/common/data/effects/peds/mpchristmas2018_overlays.xml	ZONE_TORSO	TYPE_BADGE	GENDER_FEMALE	0.727000	0.680000	0.140000	0.140000	0.000000	MP_Christmas2018_Tee_025	MP_Christmas2018_Tee_025
MP_Christmas2018_Tee_026_M	mpChristmas2018_overlays	update/x64/dlcpacks/mpchristmas2018/dlc.rpf/common/data/effects/peds/mpchristmas2018_overlays.xml	ZONE_TORSO	TYPE_BADGE	GENDER_MALE	0.737000	0.600000	0.140000	0.140000	0.000000	MP_Christmas2018_Tee_026	MP_Christmas2018_Tee_026
MP_Christmas2018_Tee_026_F	mpChristmas2018_overlays	update/x64/dlcpacks/mpchristmas2018/dlc.rpf/common/data/effects/peds/mpchristmas2018_overlays.xml	ZONE_TORSO	TYPE_BADGE	GENDER_FEMALE	0.727000	0.620000	0.140000	0.140000	0.000000	MP_Christmas2018_Tee_026	MP_Christmas2018_Tee_026
MP_Christmas2018_Tee_027_M	mpChristmas2018_overlays	update/x64/dlcpacks/mpchristmas2018/dlc.rpf/common/data/effects/peds/mpchristmas2018_overlays.xml	ZONE_TORSO	TYPE_BADGE	GENDER_MALE	0.737000	0.660000	0.140000	0.140000	0.000000	MP_Christmas2018_Tee_027	MP_Christmas2018_Tee_027
MP_Christmas2018_Tee_027_F	mpChristmas2018_overlays	update/x64/dlcpacks/mpchristmas2018/dlc.rpf/common/data/effects/peds/mpchristmas2018_overlays.xml	ZONE_TORSO	TYPE_BADGE	GENDER_FEMALE	0.727000	0.680000	0.140000	0.140000	0.000000	MP_Christmas2018_Tee_027	MP_Christmas2018_Tee_027
MP_Christmas2018_Tee_028_M	mpChristmas2018_overlays	update/x64/dlcpacks/mpchristmas2018/dlc.rpf/common/data/effects/peds/mpchristmas2018_overlays.xml	ZONE_TORSO	TYPE_BADGE	GENDER_MALE	0.737000	0.660000	0.140000	0.140000	0.000000	MP_Christmas2018_Tee_028	MP_Christmas2018_Tee_028
MP_Christmas2018_Tee_028_F	mpChristmas2018_overlays	update/x64/dlcpacks/mpchristmas2018/dlc.rpf/common/data/effects/peds/mpchristmas2018_overlays.xml	ZONE_TORSO	TYPE_BADGE	GENDER_FEMALE	0.727000	0.680000	0.140000	0.140000	0.000000	MP_Christmas2018_Tee_028	MP_Christmas2018_Tee_028
MP_Christmas2018_Tee_029_M	mpChristmas2018_overlays	update/x64/dlcpacks/mpchristmas2018/dlc.rpf/common/data/effects/peds/mpchristmas2018_overlays.xml	ZONE_TORSO	TYPE_BADGE	GENDER_MALE	0.737000	0.660000	0.140000	0.140000	0.000000	MP_Christmas2018_Tee_029	MP_Christmas2018_Tee_029
MP_Christmas2018_Tee_029_F	mpChristmas2018_overlays	update/x64/dlcpacks/mpchristmas2018/dlc.rpf/common/data/effects/peds/mpchristmas2018_overlays.xml	ZONE_TORSO	TYPE_BADGE	GENDER_FEMALE	0.727000	0.690000	0.140000	0.140000	0.000000	MP_Christmas2018_Tee_029	MP_Christmas2018_Tee_029
MP_Christmas2018_Tee_030_M	mpChristmas2018_overlays	update/x64/dlcpacks/mpchristmas2018/dlc.rpf/common/data/effects/peds/mpchristmas2018_overlays.xml	ZONE_TORSO	TYPE_BADGE	GENDER_MALE	0.737000	0.660000	0.140000	0.140000	0.000000	MP_Christmas2018_Tee_030	MP_Christmas2018_Tee_030
MP_Christmas2018_Tee_030_F	mpChristmas2018_overlays	update/x64/dlcpacks/mpchristmas2018/dlc.rpf/common/data/effects/peds/mpchristmas2018_overlays.xml	ZONE_TORSO	TYPE_BADGE	GENDER_FEMALE	0.727000	0.640000	0.140000	0.140000	0.000000	MP_Christmas2018_Tee_030	MP_Christmas2018_Tee_030
MP_Christmas2018_Tee_031_M	mpChristmas2018_overlays	update/x64/dlcpacks/mpchristmas2018/dlc.rpf/common/data/effects/peds/mpchristmas2018_overlays.xml	ZONE_TORSO	TYPE_BADGE	GENDER_MALE	0.737000	0.660000	0.140000	0.140000	0.000000	MP_Christmas2018_Tee_031	MP_Christmas2018_Tee_031
MP_Christmas2018_Tee_031_F	mpChristmas2018_overlays	update/x64/dlcpacks/mpchristmas2018/dlc.rpf/common/data/effects/peds/mpchristmas2018_overlays.xml	ZONE_TORSO	TYPE_BADGE	GENDER_FEMALE	0.727000	0.680000	0.140000	0.140000	0.000000	MP_Christmas2018_Tee_031	MP_Christmas2018_Tee_031
MP_Christmas2018_Tee_032_M	mpChristmas2018_overlays	update/x64/dlcpacks/mpchristmas2018/dlc.rpf/common/data/effects/peds/mpchristmas2018_overlays.xml	ZONE_TORSO	TYPE_BADGE	GENDER_MALE	0.737000	0.620000	0.140000	0.140000	0.000000	MP_Christmas2018_Tee_032	MP_Christmas2018_Tee_032
MP_Christmas2018_Tee_032_F	mpChristmas2018_overlays	update/x64/dlcpacks/mpchristmas2018/dlc.rpf/common/data/effects/peds/mpchristmas2018_overlays.xml	ZONE_TORSO	TYPE_BADGE	GENDER_FEMALE	0.727000	0.640000	0.140000	0.140000	0.000000	MP_Christmas2018_Tee_032	MP_Christmas2018_Tee_032
MP_Christmas2018_Tee_033_M	mpChristmas2018_overlays	update/x64/dlcpacks/mpchristmas2018/dlc.rpf/common/data/effects/peds/mpchristmas2018_overlays.xml	ZONE_TORSO	TYPE_BADGE	GENDER_MALE	0.737000	0.670000	0.140000	0.140000	0.000000	MP_Christmas2018_Tee_033	MP_Christmas2018_Tee_033
MP_Christmas2018_Tee_033_F	mpChristmas2018_overlays	update/x64/dlcpacks/mpchristmas2018/dlc.rpf/common/data/effects/peds/mpchristmas2018_overlays.xml	ZONE_TORSO	TYPE_BADGE	GENDER_FEMALE	0.727000	0.700000	0.140000	0.140000	0.000000	MP_Christmas2018_Tee_033	MP_Christmas2018_Tee_033
MP_Christmas2018_Tee_034_M	mpChristmas2018_overlays	update/x64/dlcpacks/mpchristmas2018/dlc.rpf/common/data/effects/peds/mpchristmas2018_overlays.xml	ZONE_TORSO	TYPE_BADGE	GENDER_MALE	0.737000	0.640000	0.140000	0.140000	0.000000	MP_Christmas2018_Tee_034	MP_Christmas2018_Tee_034
MP_Christmas2018_Tee_034_F	mpChristmas2018_overlays	update/x64/dlcpacks/mpchristmas2018/dlc.rpf/common/data/effects/peds/mpchristmas2018_overlays.xml	ZONE_TORSO	TYPE_BADGE	GENDER_FEMALE	0.727000	0.660000	0.140000	0.140000	0.000000	MP_Christmas2018_Tee_034	MP_Christmas2018_Tee_034
MP_Christmas2018_Tee_035_M	mpChristmas2018_overlays	update/x64/dlcpacks/mpchristmas2018/dlc.rpf/common/data/effects/peds/mpchristmas2018_overlays.xml	ZONE_TORSO	TYPE_BADGE	GENDER_MALE	0.737000	0.640000	0.140000	0.140000	0.000000	MP_Christmas2018_Tee_035	MP_Christmas2018_Tee_035
MP_Christmas2018_Tee_035_F	mpChristmas2018_overlays	update/x64/dlcpacks/mpchristmas2018/dlc.rpf/common/data/effects/peds/mpchristmas2018_overlays.xml	ZONE_TORSO	TYPE_BADGE	GENDER_FEMALE	0.727000	0.660000	0.140000	0.140000	0.000000	MP_Christmas2018_Tee_035	MP_Christmas2018_Tee_035
MP_Christmas2018_Tee_036_M	mpChristmas2018_overlays	update/x64/dlcpacks/mpchristmas2018/dlc.rpf/common/data/effects/peds/mpchristmas2018_overlays.xml	ZONE_TORSO	TYPE_BADGE	GENDER_MALE	0.737000	0.660000	0.140000	0.140000	0.000000	MP_Christmas2018_Tee_036	MP_Christmas2018_Tee_036
MP_Christmas2018_Tee_036_F	mpChristmas2018_overlays	update/x64/dlcpacks/mpchristmas2018/dlc.rpf/common/data/effects/peds/mpchristmas2018_overlays.xml	ZONE_TORSO	TYPE_BADGE	GENDER_FEMALE	0.727000	0.690000	0.140000	0.140000	0.000000	MP_Christmas2018_Tee_036	MP_Christmas2018_Tee_036
MP_Christmas2018_Tee_037_M	mpChristmas2018_overlays	update/x64/dlcpacks/mpchristmas2018/dlc.rpf/common/data/effects/peds/mpchristmas2018_overlays.xml	ZONE_TORSO	TYPE_BADGE	GENDER_MALE	0.737000	0.620000	0.140000	0.140000	0.000000	MP_Christmas2018_Tee_037	MP_Christmas2018_Tee_037
MP_Christmas2018_Tee_037_F	mpChristmas2018_overlays	update/x64/dlcpacks/mpchristmas2018/dlc.rpf/common/data/effects/peds/mpchristmas2018_overlays.xml	ZONE_TORSO	TYPE_BADGE	GENDER_FEMALE	0.727000	0.640000	0.140000	0.140000	0.000000	MP_Christmas2018_Tee_037	MP_Christmas2018_Tee_037
MP_Christmas2018_Tee_038_M	mpChristmas2018_overlays	update/x64/dlcpacks/mpchristmas2018/dlc.rpf/common/data/effects/peds/mpchristmas2018_overlays.xml	ZONE_TORSO	TYPE_BADGE	GENDER_MALE	0.737000	0.620000	0.140000	0.140000	0.000000	MP_Christmas2018_Tee_038	MP_Christmas2018_Tee_038
MP_Christmas2018_Tee_038_F	mpChristmas2018_overlays	update/x64/dlcpacks/mpchristmas2018/dlc.rpf/common/data/effects/peds/mpchristmas2018_overlays.xml	ZONE_TORSO	TYPE_BADGE	GENDER_FEMALE	0.727000	0.640000	0.140000	0.140000	0.000000	MP_Christmas2018_Tee_038	MP_Christmas2018_Tee_038
MP_Christmas2018_Tee_039_M	mpChristmas2018_overlays	update/x64/dlcpacks/mpchristmas2018/dlc.rpf/common/data/effects/peds/mpchristmas2018_overlays.xml	ZONE_TORSO	TYPE_BADGE	GENDER_MALE	0.737000	0.620000	0.140000	0.140000	0.000000	MP_Christmas2018_Tee_039	MP_Christmas2018_Tee_039
MP_Christmas2018_Tee_039_F	mpChristmas2018_overlays	update/x64/dlcpacks/mpchristmas2018/dlc.rpf/common/data/effects/peds/mpchristmas2018_overlays.xml	ZONE_TORSO	TYPE_BADGE	GENDER_FEMALE	0.727000	0.640000	0.140000	0.140000	0.000000	MP_Christmas2018_Tee_039	MP_Christmas2018_Tee_039
MP_Christmas2018_Tee_040_M	mpChristmas2018_overlays	update/x64/dlcpacks/mpchristmas2018/dlc.rpf/common/data/effects/peds/mpchristmas2018_overlays.xml	ZONE_TORSO	TYPE_BADGE	GENDER_MALE	0.737000	0.640000	0.140000	0.140000	0.000000	MP_Christmas2018_Tee_040	MP_Christmas2018_Tee_040
MP_Christmas2018_Tee_040_F	mpChristmas2018_overlays	update/x64/dlcpacks/mpchristmas2018/dlc.rpf/common/data/effects/peds/mpchristmas2018_overlays.xml	ZONE_TORSO	TYPE_BADGE	GENDER_FEMALE	0.727000	0.660000	0.140000	0.140000	0.000000	MP_Christmas2018_Tee_040	MP_Christmas2018_Tee_040
MP_Christmas2018_Tee_041_M	mpChristmas2018_overlays	update/x64/dlcpacks/mpchristmas2018/dlc.rpf/common/data/effects/peds/mpchristmas2018_overlays.xml	ZONE_TORSO	TYPE_BADGE	GENDER_MALE	0.737000	0.610000	0.140000	0.140000	0.000000	MP_Christmas2018_Tee_041	MP_Christmas2018_Tee_041
MP_Christmas2018_Tee_041_F	mpChristmas2018_overlays	update/x64/dlcpacks/mpchristmas2018/dlc.rpf/common/data/effects/peds/mpchristmas2018_overlays.xml	ZONE_TORSO	TYPE_BADGE	GENDER_FEMALE	0.727000	0.630000	0.140000	0.140000	0.000000	MP_Christmas2018_Tee_041	MP_Christmas2018_Tee_041
MP_Christmas2018_Tee_042_M	mpChristmas2018_overlays	update/x64/dlcpacks/mpchristmas2018/dlc.rpf/common/data/effects/peds/mpchristmas2018_overlays.xml	ZONE_TORSO	TYPE_BADGE	GENDER_MALE	0.737000	0.620000	0.140000	0.140000	0.000000	MP_Christmas2018_Tee_042	MP_Christmas2018_Tee_042
MP_Christmas2018_Tee_042_F	mpChristmas2018_overlays	update/x64/dlcpacks/mpchristmas2018/dlc.rpf/common/data/effects/peds/mpchristmas2018_overlays.xml	ZONE_TORSO	TYPE_BADGE	GENDER_FEMALE	0.727000	0.640000	0.140000	0.140000	0.000000	MP_Christmas2018_Tee_042	MP_Christmas2018_Tee_042
MP_Christmas2018_Tee_043_M	mpChristmas2018_overlays	update/x64/dlcpacks/mpchristmas2018/dlc.rpf/common/data/effects/peds/mpchristmas2018_overlays.xml	ZONE_TORSO	TYPE_BADGE	GENDER_MALE	0.737000	0.620000	0.140000	0.140000	0.000000	MP_Christmas2018_Tee_043	MP_Christmas2018_Tee_043
MP_Christmas2018_Tee_043_F	mpChristmas2018_overlays	update/x64/dlcpacks/mpchristmas2018/dlc.rpf/common/data/effects/peds/mpchristmas2018_overlays.xml	ZONE_TORSO	TYPE_BADGE	GENDER_FEMALE	0.727000	0.640000	0.140000	0.140000	0.000000	MP_Christmas2018_Tee_043	MP_Christmas2018_Tee_043
MP_Christmas2018_Tee_044_M	mpChristmas2018_overlays	update/x64/dlcpacks/mpchristmas2018/dlc.rpf/common/data/effects/peds/mpchristmas2018_overlays.xml	ZONE_TORSO	TYPE_BADGE	GENDER_MALE	0.737000	0.640000	0.140000	0.140000	0.000000	MP_Christmas2018_Tee_044	MP_Christmas2018_Tee_044
MP_Christmas2018_Tee_044_F	mpChristmas2018_overlays	update/x64/dlcpacks/mpchristmas2018/dlc.rpf/common/data/effects/peds/mpchristmas2018_overlays.xml	ZONE_TORSO	TYPE_BADGE	GENDER_FEMALE	0.727000	0.670000	0.140000	0.140000	0.000000	MP_Christmas2018_Tee_044	MP_Christmas2018_Tee_044
MP_Christmas2018_Tee_045_M	mpChristmas2018_overlays	update/x64/dlcpacks/mpchristmas2018/dlc.rpf/common/data/effects/peds/mpchristmas2018_overlays.xml	ZONE_TORSO	TYPE_BADGE	GENDER_MALE	0.737000	0.620000	0.140000	0.140000	0.000000	MP_Christmas2018_Tee_045	MP_Christmas2018_Tee_045
MP_Christmas2018_Tee_045_F	mpChristmas2018_overlays	update/x64/dlcpacks/mpchristmas2018/dlc.rpf/common/data/effects/peds/mpchristmas2018_overlays.xml	ZONE_TORSO	TYPE_BADGE	GENDER_FEMALE	0.727000	0.640000	0.140000	0.140000	0.000000	MP_Christmas2018_Tee_045	MP_Christmas2018_Tee_045
MP_Christmas2018_Tee_046_M	mpChristmas2018_overlays	update/x64/dlcpacks/mpchristmas2018/dlc.rpf/common/data/effects/peds/mpchristmas2018_overlays.xml	ZONE_TORSO	TYPE_BADGE	GENDER_MALE	0.737000	0.660000	0.140000	0.140000	0.000000	MP_Christmas2018_Tee_046	MP_Christmas2018_Tee_046
MP_Christmas2018_Tee_046_F	mpChristmas2018_overlays	update/x64/dlcpacks/mpchristmas2018/dlc.rpf/common/data/effects/peds/mpchristmas2018_overlays.xml	ZONE_TORSO	TYPE_BADGE	GENDER_FEMALE	0.727000	0.680000	0.140000	0.140000	0.000000	MP_Christmas2018_Tee_046	MP_Christmas2018_Tee_046
MP_Christmas2018_Tee_047_M	mpChristmas2018_overlays	update/x64/dlcpacks/mpchristmas2018/dlc.rpf/common/data/effects/peds/mpchristmas2018_overlays.xml	ZONE_TORSO	TYPE_BADGE	GENDER_MALE	0.737000	0.600000	0.140000	0.140000	0.000000	MP_Christmas2018_Tee_047	MP_Christmas2018_Tee_047
MP_Christmas2018_Tee_047_F	mpChristmas2018_overlays	update/x64/dlcpacks/mpchristmas2018/dlc.rpf/common/data/effects/peds/mpchristmas2018_overlays.xml	ZONE_TORSO	TYPE_BADGE	GENDER_FEMALE	0.727000	0.620000	0.150000	0.150000	0.000000	MP_Christmas2018_Tee_047	MP_Christmas2018_Tee_047
MP_Christmas2018_Tee_048_M	mpChristmas2018_overlays	update/x64/dlcpacks/mpchristmas2018/dlc.rpf/common/data/effects/peds/mpchristmas2018_overlays.xml	ZONE_TORSO	TYPE_BADGE	GENDER_MALE	0.737000	0.660000	0.140000	0.140000	0.000000	MP_Christmas2018_Tee_048	MP_Christmas2018_Tee_048
MP_Christmas2018_Tee_048_F	mpChristmas2018_overlays	update/x64/dlcpacks/mpchristmas2018/dlc.rpf/common/data/effects/peds/mpchristmas2018_overlays.xml	ZONE_TORSO	TYPE_BADGE	GENDER_FEMALE	0.727000	0.680000	0.140000	0.140000	0.000000	MP_Christmas2018_Tee_048	MP_Christmas2018_Tee_048
MP_Christmas2018_Tee_049_M	mpChristmas2018_overlays	update/x64/dlcpacks/mpchristmas2018/dlc.rpf/common/data/effects/peds/mpchristmas2018_overlays.xml	ZONE_TORSO	TYPE_BADGE	GENDER_MALE	0.737000	0.630000	0.140000	0.140000	0.000000	MP_Christmas2018_Tee_049	MP_Christmas2018_Tee_049
MP_Christmas2018_Tee_049_F	mpChristmas2018_overlays	update/x64/dlcpacks/mpchristmas2018/dlc.rpf/common/data/effects/peds/mpchristmas2018_overlays.xml	ZONE_TORSO	TYPE_BADGE	GENDER_FEMALE	0.727000	0.650000	0.140000	0.140000	0.000000	MP_Christmas2018_Tee_049	MP_Christmas2018_Tee_049
MP_Christmas2018_Tee_050_M	mpChristmas2018_overlays	update/x64/dlcpacks/mpchristmas2018/dlc.rpf/common/data/effects/peds/mpchristmas2018_overlays.xml	ZONE_TORSO	TYPE_BADGE	GENDER_MALE	0.737000	0.650000	0.170000	0.170000	0.000000	MP_Christmas2018_Tee_050	MP_Christmas2018_Tee_050
MP_Christmas2018_Tee_050_F	mpChristmas2018_overlays	update/x64/dlcpacks/mpchristmas2018/dlc.rpf/common/data/effects/peds/mpchristmas2018_overlays.xml	ZONE_TORSO	TYPE_BADGE	GENDER_FEMALE	0.727000	0.680000	0.160000	0.160000	0.000000	MP_Christmas2018_Tee_050	MP_Christmas2018_Tee_050
MP_Christmas2018_Tee_051_M	mpChristmas2018_overlays	update/x64/dlcpacks/mpchristmas2018/dlc.rpf/common/data/effects/peds/mpchristmas2018_overlays.xml	ZONE_TORSO	TYPE_BADGE	GENDER_MALE	0.737000	0.630000	0.140000	0.140000	0.000000	MP_Christmas2018_Tee_051	MP_Christmas2018_Tee_051
MP_Christmas2018_Tee_051_F	mpChristmas2018_overlays	update/x64/dlcpacks/mpchristmas2018/dlc.rpf/common/data/effects/peds/mpchristmas2018_overlays.xml	ZONE_TORSO	TYPE_BADGE	GENDER_FEMALE	0.727000	0.650000	0.140000	0.140000	0.000000	MP_Christmas2018_Tee_051	MP_Christmas2018_Tee_051
MP_Christmas2018_Tee_052_M	mpChristmas2018_overlays	update/x64/dlcpacks/mpchristmas2018/dlc.rpf/common/data/effects/peds/mpchristmas2018_overlays.xml	ZONE_TORSO	TYPE_BADGE	GENDER_MALE	0.737000	0.630000	0.140000	0.140000	0.000000	MP_Christmas2018_Tee_052	MP_Christmas2018_Tee_052
MP_Christmas2018_Tee_052_F	mpChristmas2018_overlays	update/x64/dlcpacks/mpchristmas2018/dlc.rpf/common/data/effects/peds/mpchristmas2018_overlays.xml	ZONE_TORSO	TYPE_BADGE	GENDER_FEMALE	0.743000	0.640000	0.140000	0.140000	0.000000	MP_Christmas2018_Tee_052	MP_Christmas2018_Tee_052
MP_Christmas2018_Tee_053_M	mpChristmas2018_overlays	update/x64/dlcpacks/mpchristmas2018/dlc.rpf/common/data/effects/peds/mpchristmas2018_overlays.xml	ZONE_TORSO	TYPE_BADGE	GENDER_MALE	0.737000	0.620000	0.140000	0.135000	0.000000	MP_Christmas2018_Tee_053	MP_Christmas2018_Tee_053
MP_Christmas2018_Tee_053_F	mpChristmas2018_overlays	update/x64/dlcpacks/mpchristmas2018/dlc.rpf/common/data/effects/peds/mpchristmas2018_overlays.xml	ZONE_TORSO	TYPE_BADGE	GENDER_FEMALE	0.727000	0.650000	0.140000	0.135000	0.000000	MP_Christmas2018_Tee_053	MP_Christmas2018_Tee_053
MP_Christmas2018_Tee_054_M	mpChristmas2018_overlays	update/x64/dlcpacks/mpchristmas2018/dlc.rpf/common/data/effects/peds/mpchristmas2018_overlays.xml	ZONE_TORSO	TYPE_BADGE	GENDER_MALE	0.737000	0.630000	0.140000	0.140000	0.000000	MP_Christmas2018_Tee_054	MP_Christmas2018_Tee_054
MP_Christmas2018_Tee_054_F	mpChristmas2018_overlays	update/x64/dlcpacks/mpchristmas2018/dlc.rpf/common/data/effects/peds/mpchristmas2018_overlays.xml	ZONE_TORSO	TYPE_BADGE	GENDER_FEMALE	0.727000	0.665000	0.140000	0.140000	0.000000	MP_Christmas2018_Tee_054	MP_Christmas2018_Tee_054
MP_Christmas2018_Tee_055_M	mpChristmas2018_overlays	update/x64/dlcpacks/mpchristmas2018/dlc.rpf/common/data/effects/peds/mpchristmas2018_overlays.xml	ZONE_TORSO	TYPE_BADGE	GENDER_MALE	0.737000	0.650000	0.160000	0.160000	0.000000	MP_Christmas2018_Tee_055	MP_Christmas2018_Tee_055
MP_Christmas2018_Tee_055_F	mpChristmas2018_overlays	update/x64/dlcpacks/mpchristmas2018/dlc.rpf/common/data/effects/peds/mpchristmas2018_overlays.xml	ZONE_TORSO	TYPE_BADGE	GENDER_FEMALE	0.727000	0.690000	0.140000	0.140000	0.000000	MP_Christmas2018_Tee_055	MP_Christmas2018_Tee_055
MP_Christmas2018_Tee_056_M	mpChristmas2018_overlays	update/x64/dlcpacks/mpchristmas2018/dlc.rpf/common/data/effects/peds/mpchristmas2018_overlays.xml	ZONE_TORSO	TYPE_BADGE	GENDER_MALE	0.737000	0.650000	0.140000	0.140000	0.000000	MP_Christmas2018_Tee_056	MP_Christmas2018_Tee_056
MP_Christmas2018_Tee_056_F	mpChristmas2018_overlays	update/x64/dlcpacks/mpchristmas2018/dlc.rpf/common/data/effects/peds/mpchristmas2018_overlays.xml	ZONE_TORSO	TYPE_BADGE	GENDER_FEMALE	0.727000	0.680000	0.140000	0.140000	0.000000	MP_Christmas2018_Tee_056	MP_Christmas2018_Tee_056
MP_Christmas2018_Tee_057_M	mpChristmas2018_overlays	update/x64/dlcpacks/mpchristmas2018/dlc.rpf/common/data/effects/peds/mpchristmas2018_overlays.xml	ZONE_TORSO	TYPE_BADGE	GENDER_MALE	0.737000	0.660000	0.160000	0.160000	0.000000	MP_Christmas2018_Tee_057	MP_Christmas2018_Tee_057
MP_Christmas2018_Tee_057_F	mpChristmas2018_overlays	update/x64/dlcpacks/mpchristmas2018/dlc.rpf/common/data/effects/peds/mpchristmas2018_overlays.xml	ZONE_TORSO	TYPE_BADGE	GENDER_FEMALE	0.727000	0.680000	0.160000	0.160000	0.000000	MP_Christmas2018_Tee_057	MP_Christmas2018_Tee_057
MP_Christmas2018_Tee_058_M	mpChristmas2018_overlays	update/x64/dlcpacks/mpchristmas2018/dlc.rpf/common/data/effects/peds/mpchristmas2018_overlays.xml	ZONE_TORSO	TYPE_BADGE	GENDER_MALE	0.737000	0.630000	0.140000	0.140000	0.000000	MP_Christmas2018_Tee_058	MP_Christmas2018_Tee_058
MP_Christmas2018_Tee_058_F	mpChristmas2018_overlays	update/x64/dlcpacks/mpchristmas2018/dlc.rpf/common/data/effects/peds/mpchristmas2018_overlays.xml	ZONE_TORSO	TYPE_BADGE	GENDER_FEMALE	0.727000	0.650000	0.140000	0.140000	0.000000	MP_Christmas2018_Tee_058	MP_Christmas2018_Tee_058
MP_Christmas2018_Tee_059_M	mpChristmas2018_overlays	update/x64/dlcpacks/mpchristmas2018/dlc.rpf/common/data/effects/peds/mpchristmas2018_overlays.xml	ZONE_TORSO	TYPE_BADGE	GENDER_MALE	0.737000	0.630000	0.140000	0.140000	0.000000	MP_Christmas2018_Tee_059	MP_Christmas2018_Tee_059
MP_Christmas2018_Tee_059_F	mpChristmas2018_overlays	update/x64/dlcpacks/mpchristmas2018/dlc.rpf/common/data/effects/peds/mpchristmas2018_overlays.xml	ZONE_TORSO	TYPE_BADGE	GENDER_FEMALE	0.727000	0.650000	0.140000	0.140000	0.000000	MP_Christmas2018_Tee_059	MP_Christmas2018_Tee_059
MP_Christmas2018_Tee_060_M	mpChristmas2018_overlays	update/x64/dlcpacks/mpchristmas2018/dlc.rpf/common/data/effects/peds/mpchristmas2018_overlays.xml	ZONE_TORSO	TYPE_BADGE	GENDER_MALE	0.737000	0.650000	0.160000	0.160000	0.000000	MP_Christmas2018_Tee_060	MP_Christmas2018_Tee_060
MP_Christmas2018_Tee_060_F	mpChristmas2018_overlays	update/x64/dlcpacks/mpchristmas2018/dlc.rpf/common/data/effects/peds/mpchristmas2018_overlays.xml	ZONE_TORSO	TYPE_BADGE	GENDER_FEMALE	0.727000	0.670000	0.160000	0.160000	0.000000	MP_Christmas2018_Tee_060	MP_Christmas2018_Tee_060
MP_Christmas2018_Tee_061_M	mpChristmas2018_overlays	update/x64/dlcpacks/mpchristmas2018/dlc.rpf/common/data/effects/peds/mpchristmas2018_overlays.xml	ZONE_TORSO	TYPE_BADGE	GENDER_MALE	0.737000	0.630000	0.140000	0.140000	0.000000	MP_Christmas2018_Tee_061	MP_Christmas2018_Tee_061
MP_Christmas2018_Tee_061_F	mpChristmas2018_overlays	update/x64/dlcpacks/mpchristmas2018/dlc.rpf/common/data/effects/peds/mpchristmas2018_overlays.xml	ZONE_TORSO	TYPE_BADGE	GENDER_FEMALE	0.727000	0.650000	0.140000	0.140000	0.000000	MP_Christmas2018_Tee_061	MP_Christmas2018_Tee_061
MP_Christmas2018_Tee_062_M	mpChristmas2018_overlays	update/x64/dlcpacks/mpchristmas2018/dlc.rpf/common/data/effects/peds/mpchristmas2018_overlays.xml	ZONE_TORSO	TYPE_BADGE	GENDER_MALE	0.737000	0.630000	0.140000	0.140000	0.000000	MP_Christmas2018_Tee_062	MP_Christmas2018_Tee_062
MP_Christmas2018_Tee_062_F	mpChristmas2018_overlays	update/x64/dlcpacks/mpchristmas2018/dlc.rpf/common/data/effects/peds/mpchristmas2018_overlays.xml	ZONE_TORSO	TYPE_BADGE	GENDER_FEMALE	0.727000	0.650000	0.140000	0.140000	0.000000	MP_Christmas2018_Tee_062	MP_Christmas2018_Tee_062
MP_Christmas2018_Tee_063_M	mpChristmas2018_overlays	update/x64/dlcpacks/mpchristmas2018/dlc.rpf/common/data/effects/peds/mpchristmas2018_overlays.xml	ZONE_TORSO	TYPE_BADGE	GENDER_MALE	0.737000	0.650000	0.140000	0.140000	0.000000	MP_Christmas2018_Tee_063	MP_Christmas2018_Tee_063
MP_Christmas2018_Tee_063_F	mpChristmas2018_overlays	update/x64/dlcpacks/mpchristmas2018/dlc.rpf/common/data/effects/peds/mpchristmas2018_overlays.xml	ZONE_TORSO	TYPE_BADGE	GENDER_FEMALE	0.727000	0.670000	0.140000	0.140000	0.000000	MP_Christmas2018_Tee_063	MP_Christmas2018_Tee_063
MP_Christmas2018_Tee_064_M	mpChristmas2018_overlays	update/x64/dlcpacks/mpchristmas2018/dlc.rpf/common/data/effects/peds/mpchristmas2018_overlays.xml	ZONE_TORSO	TYPE_BADGE	GENDER_MALE	0.737000	0.650000	0.160000	0.160000	0.000000	MP_Christmas2018_Tee_064	MP_Christmas2018_Tee_064
MP_Christmas2018_Tee_064_F	mpChristmas2018_overlays	update/x64/dlcpacks/mpchristmas2018/dlc.rpf/common/data/effects/peds/mpchristmas2018_overlays.xml	ZONE_TORSO	TYPE_BADGE	GENDER_FEMALE	0.727000	0.670000	0.160000	0.150000	0.000000	MP_Christmas2018_Tee_064	MP_Christmas2018_Tee_064
MP_Christmas2018_Tee_065_M	mpChristmas2018_overlays	update/x64/dlcpacks/mpchristmas2018/dlc.rpf/common/data/effects/peds/mpchristmas2018_overlays.xml	ZONE_TORSO	TYPE_BADGE	GENDER_MALE	0.737000	0.650000	0.160000	0.160000	0.000000	MP_Christmas2018_Tee_065	MP_Christmas2018_Tee_065
MP_Christmas2018_Tee_065_F	mpChristmas2018_overlays	update/x64/dlcpacks/mpchristmas2018/dlc.rpf/common/data/effects/peds/mpchristmas2018_overlays.xml	ZONE_TORSO	TYPE_BADGE	GENDER_FEMALE	0.727000	0.670000	0.160000	0.160000	0.000000	MP_Christmas2018_Tee_065	MP_Christmas2018_Tee_065
MP_Christmas2018_Tee_066_M	mpChristmas2018_overlays	update/x64/dlcpacks/mpchristmas2018/dlc.rpf/common/data/effects/peds/mpchristmas2018_overlays.xml	ZONE_TORSO	TYPE_BADGE	GENDER_MALE	0.737000	0.630000	0.140000	0.125000	0.000000	MP_Christmas2018_Tee_066	MP_Christmas2018_Tee_066
MP_Christmas2018_Tee_066_F	mpChristmas2018_overlays	update/x64/dlcpacks/mpchristmas2018/dlc.rpf/common/data/effects/peds/mpchristmas2018_overlays.xml	ZONE_TORSO	TYPE_BADGE	GENDER_FEMALE	0.727000	0.650000	0.140000	0.125000	0.000000	MP_Christmas2018_Tee_066	MP_Christmas2018_Tee_066
MP_Christmas2018_Tee_067_M	mpChristmas2018_overlays	update/x64/dlcpacks/mpchristmas2018/dlc.rpf/common/data/effects/peds/mpchristmas2018_overlays.xml	ZONE_TORSO	TYPE_BADGE	GENDER_MALE	0.737000	0.600000	0.160000	0.160000	0.000000	MP_Christmas2018_Tee_067	MP_Christmas2018_Tee_067
MP_Christmas2018_Tee_067_F	mpChristmas2018_overlays	update/x64/dlcpacks/mpchristmas2018/dlc.rpf/common/data/effects/peds/mpchristmas2018_overlays.xml	ZONE_TORSO	TYPE_BADGE	GENDER_FEMALE	0.727000	0.630000	0.160000	0.150000	0.000000	MP_Christmas2018_Tee_067	MP_Christmas2018_Tee_067
MP_Christmas2018_Tee_068_M	mpChristmas2018_overlays	update/x64/dlcpacks/mpchristmas2018/dlc.rpf/common/data/effects/peds/mpchristmas2018_overlays.xml	ZONE_TORSO	TYPE_BADGE	GENDER_MALE	0.737000	0.680000	0.150000	0.150000	0.000000	MP_Christmas2018_Tee_068	MP_Christmas2018_Tee_068
MP_Christmas2018_Tee_068_F	mpChristmas2018_overlays	update/x64/dlcpacks/mpchristmas2018/dlc.rpf/common/data/effects/peds/mpchristmas2018_overlays.xml	ZONE_TORSO	TYPE_BADGE	GENDER_FEMALE	0.727000	0.710000	0.160000	0.150000	0.000000	MP_Christmas2018_Tee_068	MP_Christmas2018_Tee_068
MP_Christmas2018_Tee_069_M	mpChristmas2018_overlays	update/x64/dlcpacks/mpchristmas2018/dlc.rpf/common/data/effects/peds/mpchristmas2018_overlays.xml	ZONE_TORSO	TYPE_BADGE	GENDER_MALE	0.737000	0.600000	0.160000	0.160000	0.000000	MP_Christmas2018_Tee_069	MP_Christmas2018_Tee_069
MP_Christmas2018_Tee_069_F	mpChristmas2018_overlays	update/x64/dlcpacks/mpchristmas2018/dlc.rpf/common/data/effects/peds/mpchristmas2018_overlays.xml	ZONE_TORSO	TYPE_BADGE	GENDER_FEMALE	0.727000	0.630000	0.160000	0.150000	0.000000	MP_Christmas2018_Tee_069	MP_Christmas2018_Tee_069
MP_Christmas2018_Tee_070_M	mpChristmas2018_overlays	update/x64/dlcpacks/mpchristmas2018/dlc.rpf/common/data/effects/peds/mpchristmas2018_overlays.xml	ZONE_TORSO	TYPE_BADGE	GENDER_MALE	0.737000	0.630000	0.140000	0.130000	0.000000	MP_Christmas2018_Tee_070	MP_Christmas2018_Tee_070
MP_Christmas2018_Tee_070_F	mpChristmas2018_overlays	update/x64/dlcpacks/mpchristmas2018/dlc.rpf/common/data/effects/peds/mpchristmas2018_overlays.xml	ZONE_TORSO	TYPE_BADGE	GENDER_FEMALE	0.727000	0.660000	0.140000	0.130000	0.000000	MP_Christmas2018_Tee_070	MP_Christmas2018_Tee_070
MP_Christmas2018_Tee_071_M	mpChristmas2018_overlays	update/x64/dlcpacks/mpchristmas2018/dlc.rpf/common/data/effects/peds/mpchristmas2018_overlays.xml	ZONE_TORSO	TYPE_BADGE	GENDER_MALE	0.737000	0.600000	0.160000	0.160000	0.000000	MP_Christmas2018_Tee_071	MP_Christmas2018_Tee_071
MP_Christmas2018_Tee_071_F	mpChristmas2018_overlays	update/x64/dlcpacks/mpchristmas2018/dlc.rpf/common/data/effects/peds/mpchristmas2018_overlays.xml	ZONE_TORSO	TYPE_BADGE	GENDER_FEMALE	0.727000	0.630000	0.160000	0.150000	0.000000	MP_Christmas2018_Tee_071	MP_Christmas2018_Tee_071
MP_Christmas2018_Tee_072_M	mpChristmas2018_overlays	update/x64/dlcpacks/mpchristmas2018/dlc.rpf/common/data/effects/peds/mpchristmas2018_overlays.xml	ZONE_TORSO	TYPE_BADGE	GENDER_MALE	0.737000	0.680000	0.160000	0.160000	0.000000	MP_Christmas2018_Tee_072	MP_Christmas2018_Tee_072
MP_Christmas2018_Tee_072_F	mpChristmas2018_overlays	update/x64/dlcpacks/mpchristmas2018/dlc.rpf/common/data/effects/peds/mpchristmas2018_overlays.xml	ZONE_TORSO	TYPE_BADGE	GENDER_FEMALE	0.727000	0.690000	0.150000	0.150000	0.000000	MP_Christmas2018_Tee_072	MP_Christmas2018_Tee_072
MP_Christmas2018_Tee_073_M	mpChristmas2018_overlays	update/x64/dlcpacks/mpchristmas2018/dlc.rpf/common/data/effects/peds/mpchristmas2018_overlays.xml	ZONE_TORSO	TYPE_BADGE	GENDER_MALE	0.737000	0.600000	0.160000	0.160000	0.000000	MP_Christmas2018_Tee_073	MP_Christmas2018_Tee_073
MP_Christmas2018_Tee_073_F	mpChristmas2018_overlays	update/x64/dlcpacks/mpchristmas2018/dlc.rpf/common/data/effects/peds/mpchristmas2018_overlays.xml	ZONE_TORSO	TYPE_BADGE	GENDER_FEMALE	0.727000	0.630000	0.160000	0.150000	0.000000	MP_Christmas2018_Tee_073	MP_Christmas2018_Tee_073
MP_Christmas2018_Tee_074_M	mpChristmas2018_overlays	update/x64/dlcpacks/mpchristmas2018/dlc.rpf/common/data/effects/peds/mpchristmas2018_overlays.xml	ZONE_TORSO	TYPE_BADGE	GENDER_MALE	0.737000	0.600000	0.160000	0.160000	0.000000	MP_Christmas2018_Tee_074	MP_Christmas2018_Tee_074
MP_Christmas2018_Tee_074_F	mpChristmas2018_overlays	update/x64/dlcpacks/mpchristmas2018/dlc.rpf/common/data/effects/peds/mpchristmas2018_overlays.xml	ZONE_TORSO	TYPE_BADGE	GENDER_FEMALE	0.727000	0.630000	0.160000	0.150000	0.000000	MP_Christmas2018_Tee_074	MP_Christmas2018_Tee_074
MP_Christmas2018_Tee_075_M	mpChristmas2018_overlays	update/x64/dlcpacks/mpchristmas2018/dlc.rpf/common/data/effects/peds/mpchristmas2018_overlays.xml	ZONE_TORSO	TYPE_BADGE	GENDER_MALE	0.737000	0.660000	0.160000	0.160000	0.000000	MP_Christmas2018_Tee_075	MP_Christmas2018_Tee_075
MP_Christmas2018_Tee_075_F	mpChristmas2018_overlays	update/x64/dlcpacks/mpchristmas2018/dlc.rpf/common/data/effects/peds/mpchristmas2018_overlays.xml	ZONE_TORSO	TYPE_BADGE	GENDER_FEMALE	0.727000	0.680000	0.160000	0.150000	0.000000	MP_Christmas2018_Tee_075	MP_Christmas2018_Tee_075
MP_Christmas2018_Tee_076_M	mpChristmas2018_overlays	update/x64/dlcpacks/mpchristmas2018/dlc.rpf/common/data/effects/peds/mpchristmas2018_overlays.xml	ZONE_TORSO	TYPE_BADGE	GENDER_MALE	0.737000	0.600000	0.160000	0.160000	0.000000	MP_Christmas2018_Tee_076	MP_Christmas2018_Tee_076
MP_Christmas2018_Tee_076_F	mpChristmas2018_overlays	update/x64/dlcpacks/mpchristmas2018/dlc.rpf/common/data/effects/peds/mpchristmas2018_overlays.xml	ZONE_TORSO	TYPE_BADGE	GENDER_FEMALE	0.727000	0.630000	0.160000	0.150000	0.000000	MP_Christmas2018_Tee_076	MP_Christmas2018_Tee_076
MP_Christmas2018_Tee_077_M	mpChristmas2018_overlays	update/x64/dlcpacks/mpchristmas2018/dlc.rpf/common/data/effects/peds/mpchristmas2018_overlays.xml	ZONE_TORSO	TYPE_BADGE	GENDER_MALE	0.737000	0.620000	0.150000	0.150000	0.000000	MP_Christmas2018_Tee_077	MP_Christmas2018_Tee_077
MP_Christmas2018_Tee_077_F	mpChristmas2018_overlays	update/x64/dlcpacks/mpchristmas2018/dlc.rpf/common/data/effects/peds/mpchristmas2018_overlays.xml	ZONE_TORSO	TYPE_BADGE	GENDER_FEMALE	0.727000	0.660000	0.150000	0.140000	0.000000	MP_Christmas2018_Tee_077	MP_Christmas2018_Tee_077
MP_Christmas2018_Tee_078_M	mpChristmas2018_overlays	update/x64/dlcpacks/mpchristmas2018/dlc.rpf/common/data/effects/peds/mpchristmas2018_overlays.xml	ZONE_TORSO	TYPE_BADGE	GENDER_MALE	0.737000	0.660000	0.160000	0.160000	0.000000	MP_Christmas2018_Tee_078	MP_Christmas2018_Tee_078
MP_Christmas2018_Tee_078_F	mpChristmas2018_overlays	update/x64/dlcpacks/mpchristmas2018/dlc.rpf/common/data/effects/peds/mpchristmas2018_overlays.xml	ZONE_TORSO	TYPE_BADGE	GENDER_FEMALE	0.727000	0.680000	0.150000	0.140000	0.000000	MP_Christmas2018_Tee_078	MP_Christmas2018_Tee_078
MP_Christmas2018_Tee_079_M	mpChristmas2018_overlays	update/x64/dlcpacks/mpchristmas2018/dlc.rpf/common/data/effects/peds/mpchristmas2018_overlays.xml	ZONE_TORSO	TYPE_BADGE	GENDER_MALE	0.737000	0.630000	0.150000	0.150000	0.000000	MP_Christmas2018_Tee_079	MP_Christmas2018_Tee_079
MP_Christmas2018_Tee_079_F	mpChristmas2018_overlays	update/x64/dlcpacks/mpchristmas2018/dlc.rpf/common/data/effects/peds/mpchristmas2018_overlays.xml	ZONE_TORSO	TYPE_BADGE	GENDER_FEMALE	0.727000	0.670000	0.150000	0.140000	0.000000	MP_Christmas2018_Tee_079	MP_Christmas2018_Tee_079
MP_Christmas2018_Tee_080_M	mpChristmas2018_overlays	update/x64/dlcpacks/mpchristmas2018/dlc.rpf/common/data/effects/peds/mpchristmas2018_overlays.xml	ZONE_TORSO	TYPE_BADGE	GENDER_MALE	0.737000	0.620000	0.150000	0.150000	0.000000	MP_Christmas2018_Tee_080	MP_Christmas2018_Tee_080
MP_Christmas2018_Tee_080_F	mpChristmas2018_overlays	update/x64/dlcpacks/mpchristmas2018/dlc.rpf/common/data/effects/peds/mpchristmas2018_overlays.xml	ZONE_TORSO	TYPE_BADGE	GENDER_FEMALE	0.727000	0.650000	0.140000	0.140000	0.000000	MP_Christmas2018_Tee_080	MP_Christmas2018_Tee_080
MP_Christmas2018_Tee_081_M	mpChristmas2018_overlays	update/x64/dlcpacks/mpchristmas2018/dlc.rpf/common/data/effects/peds/mpchristmas2018_overlays.xml	ZONE_TORSO	TYPE_BADGE	GENDER_MALE	0.737000	0.660000	0.150000	0.150000	0.000000	MP_Christmas2018_Tee_081	MP_Christmas2018_Tee_081
MP_Christmas2018_Tee_081_F	mpChristmas2018_overlays	update/x64/dlcpacks/mpchristmas2018/dlc.rpf/common/data/effects/peds/mpchristmas2018_overlays.xml	ZONE_TORSO	TYPE_BADGE	GENDER_FEMALE	0.727000	0.690000	0.150000	0.140000	0.000000	MP_Christmas2018_Tee_081	MP_Christmas2018_Tee_081
MP_Christmas2018_Tee_082_M	mpChristmas2018_overlays	update/x64/dlcpacks/mpchristmas2018/dlc.rpf/common/data/effects/peds/mpchristmas2018_overlays.xml	ZONE_TORSO	TYPE_BADGE	GENDER_MALE	0.737000	0.620000	0.160000	0.160000	0.000000	MP_Christmas2018_Tee_082	MP_Christmas2018_Tee_082
MP_Christmas2018_Tee_082_F	mpChristmas2018_overlays	update/x64/dlcpacks/mpchristmas2018/dlc.rpf/common/data/effects/peds/mpchristmas2018_overlays.xml	ZONE_TORSO	TYPE_BADGE	GENDER_FEMALE	0.727000	0.650000	0.150000	0.150000	0.000000	MP_Christmas2018_Tee_082	MP_Christmas2018_Tee_082
MP_Christmas2018_Tee_083_M	mpChristmas2018_overlays	update/x64/dlcpacks/mpchristmas2018/dlc.rpf/common/data/effects/peds/mpchristmas2018_overlays.xml	ZONE_TORSO	TYPE_BADGE	GENDER_MALE	0.737000	0.600000	0.160000	0.140000	0.000000	MP_Christmas2018_Tee_083	MP_Christmas2018_Tee_083
MP_Christmas2018_Tee_083_F	mpChristmas2018_overlays	update/x64/dlcpacks/mpchristmas2018/dlc.rpf/common/data/effects/peds/mpchristmas2018_overlays.xml	ZONE_TORSO	TYPE_BADGE	GENDER_FEMALE	0.727000	0.630000	0.160000	0.135000	0.000000	MP_Christmas2018_Tee_083	MP_Christmas2018_Tee_083
MP_Christmas2018_Tee_084_M	mpChristmas2018_overlays	update/x64/dlcpacks/mpchristmas2018/dlc.rpf/common/data/effects/peds/mpchristmas2018_overlays.xml	ZONE_TORSO	TYPE_BADGE	GENDER_MALE	0.737000	0.620000	0.140000	0.140000	0.000000	MP_Christmas2018_Tee_084	MP_Christmas2018_Tee_084
MP_Christmas2018_Tee_084_F	mpChristmas2018_overlays	update/x64/dlcpacks/mpchristmas2018/dlc.rpf/common/data/effects/peds/mpchristmas2018_overlays.xml	ZONE_TORSO	TYPE_BADGE	GENDER_FEMALE	0.727000	0.650000	0.140000	0.130000	0.000000	MP_Christmas2018_Tee_084	MP_Christmas2018_Tee_084
MP_Christmas2018_Tee_085_M	mpChristmas2018_overlays	update/x64/dlcpacks/mpchristmas2018/dlc.rpf/common/data/effects/peds/mpchristmas2018_overlays.xml	ZONE_TORSO	TYPE_BADGE	GENDER_MALE	0.737000	0.640000	0.140000	0.140000	0.000000	MP_Christmas2018_Tee_085	MP_Christmas2018_Tee_085
MP_Christmas2018_Tee_085_F	mpChristmas2018_overlays	update/x64/dlcpacks/mpchristmas2018/dlc.rpf/common/data/effects/peds/mpchristmas2018_overlays.xml	ZONE_TORSO	TYPE_BADGE	GENDER_FEMALE	0.727000	0.670000	0.140000	0.130000	0.000000	MP_Christmas2018_Tee_085	MP_Christmas2018_Tee_085
MP_Christmas2018_Tee_086_M	mpChristmas2018_overlays	update/x64/dlcpacks/mpchristmas2018/dlc.rpf/common/data/effects/peds/mpchristmas2018_overlays.xml	ZONE_TORSO	TYPE_BADGE	GENDER_MALE	0.737000	0.530000	0.300000	0.310000	0.000000	MP_Christmas2018_Tee_086	MP_Christmas2018_Tee_086
MP_Christmas2018_Tee_086_F	mpChristmas2018_overlays	update/x64/dlcpacks/mpchristmas2018/dlc.rpf/common/data/effects/peds/mpchristmas2018_overlays.xml	ZONE_TORSO	TYPE_BADGE	GENDER_FEMALE	0.727000	0.580000	0.300000	0.270000	0.000000	MP_Christmas2018_Tee_086	MP_Christmas2018_Tee_086
MP_Christmas2018_Tee_087_M	mpChristmas2018_overlays	update/x64/dlcpacks/mpchristmas2018/dlc.rpf/common/data/effects/peds/mpchristmas2018_overlays.xml	ZONE_TORSO	TYPE_BADGE	GENDER_MALE	0.757000	0.515000	0.270000	0.270000	0.000000	MP_Christmas2018_Tee_087	MP_Christmas2018_Tee_087
MP_Christmas2018_Tee_087_F	mpChristmas2018_overlays	update/x64/dlcpacks/mpchristmas2018/dlc.rpf/common/data/effects/peds/mpchristmas2018_overlays.xml	ZONE_TORSO	TYPE_BADGE	GENDER_FEMALE	0.747000	0.560000	0.300000	0.250000	0.000000	MP_Christmas2018_Tee_087	MP_Christmas2018_Tee_087
MP_Christmas2018_Tee_088_M	mpChristmas2018_overlays	update/x64/dlcpacks/mpchristmas2018/dlc.rpf/common/data/effects/peds/mpchristmas2018_overlays.xml	ZONE_TORSO	TYPE_BADGE	GENDER_MALE	0.737000	0.620000	0.140000	0.140000	0.000000	MP_Christmas2018_Tee_088	MP_Christmas2018_Tee_088
MP_Christmas2018_Tee_088_F	mpChristmas2018_overlays	update/x64/dlcpacks/mpchristmas2018/dlc.rpf/common/data/effects/peds/mpchristmas2018_overlays.xml	ZONE_TORSO	TYPE_BADGE	GENDER_FEMALE	0.727000	0.650000	0.140000	0.130000	0.000000	MP_Christmas2018_Tee_088	MP_Christmas2018_Tee_088
MP_Christmas2018_Tee_089_M	mpChristmas2018_overlays	update/x64/dlcpacks/mpchristmas2018/dlc.rpf/common/data/effects/peds/mpchristmas2018_overlays.xml	ZONE_TORSO	TYPE_BADGE	GENDER_MALE	0.747000	0.620000	0.140000	0.140000	0.000000	MP_Christmas2018_Tee_089	MP_Christmas2018_Tee_089
MP_Christmas2018_Tee_089_F	mpChristmas2018_overlays	update/x64/dlcpacks/mpchristmas2018/dlc.rpf/common/data/effects/peds/mpchristmas2018_overlays.xml	ZONE_TORSO	TYPE_BADGE	GENDER_FEMALE	0.737000	0.650000	0.140000	0.130000	0.000000	MP_Christmas2018_Tee_089	MP_Christmas2018_Tee_089
MP_Christmas2018_Tee_090_M	mpChristmas2018_overlays	update/x64/dlcpacks/mpchristmas2018/dlc.rpf/common/data/effects/peds/mpchristmas2018_overlays.xml	ZONE_TORSO	TYPE_BADGE	GENDER_MALE	0.737000	0.620000	0.160000	0.160000	0.000000	MP_Christmas2018_Tee_090	MP_Christmas2018_Tee_090
MP_Christmas2018_Tee_090_F	mpChristmas2018_overlays	update/x64/dlcpacks/mpchristmas2018/dlc.rpf/common/data/effects/peds/mpchristmas2018_overlays.xml	ZONE_TORSO	TYPE_BADGE	GENDER_FEMALE	0.727000	0.650000	0.160000	0.150000	0.000000	MP_Christmas2018_Tee_090	MP_Christmas2018_Tee_090
MP_Christmas2018_Tee_091_M	mpChristmas2018_overlays	update/x64/dlcpacks/mpchristmas2018/dlc.rpf/common/data/effects/peds/mpchristmas2018_overlays.xml	ZONE_TORSO	TYPE_BADGE	GENDER_MALE	0.737000	0.620000	0.170000	0.170000	0.000000	MP_Christmas2018_Tee_091	MP_Christmas2018_Tee_091
MP_Christmas2018_Tee_091_F	mpChristmas2018_overlays	update/x64/dlcpacks/mpchristmas2018/dlc.rpf/common/data/effects/peds/mpchristmas2018_overlays.xml	ZONE_TORSO	TYPE_BADGE	GENDER_FEMALE	0.727000	0.650000	0.170000	0.160000	0.000000	MP_Christmas2018_Tee_091	MP_Christmas2018_Tee_091
MP_Christmas2018_Tee_092_M	mpChristmas2018_overlays	update/x64/dlcpacks/mpchristmas2018/dlc.rpf/common/data/effects/peds/mpchristmas2018_overlays.xml	ZONE_TORSO	TYPE_BADGE	GENDER_MALE	0.737000	0.620000	0.140000	0.140000	0.000000	MP_Christmas2018_Tee_092	MP_Christmas2018_Tee_092
MP_Christmas2018_Tee_092_F	mpChristmas2018_overlays	update/x64/dlcpacks/mpchristmas2018/dlc.rpf/common/data/effects/peds/mpchristmas2018_overlays.xml	ZONE_TORSO	TYPE_BADGE	GENDER_FEMALE	0.727000	0.650000	0.140000	0.130000	0.000000	MP_Christmas2018_Tee_092	MP_Christmas2018_Tee_092
MP_Christmas2018_Tee_093_M	mpChristmas2018_overlays	update/x64/dlcpacks/mpchristmas2018/dlc.rpf/common/data/effects/peds/mpchristmas2018_overlays.xml	ZONE_TORSO	TYPE_BADGE	GENDER_MALE	0.737000	0.660000	0.140000	0.140000	0.000000	MP_Christmas2018_Tee_093	MP_Christmas2018_Tee_093
MP_Christmas2018_Tee_093_F	mpChristmas2018_overlays	update/x64/dlcpacks/mpchristmas2018/dlc.rpf/common/data/effects/peds/mpchristmas2018_overlays.xml	ZONE_TORSO	TYPE_BADGE	GENDER_FEMALE	0.727000	0.680000	0.140000	0.130000	0.000000	MP_Christmas2018_Tee_093	MP_Christmas2018_Tee_093
MP_Christmas2018_Tee_094_M	mpChristmas2018_overlays	update/x64/dlcpacks/mpchristmas2018/dlc.rpf/common/data/effects/peds/mpchristmas2018_overlays.xml	ZONE_TORSO	TYPE_BADGE	GENDER_MALE	0.737000	0.640000	0.140000	0.140000	0.000000	MP_Christmas2018_Tee_094	MP_Christmas2018_Tee_094
MP_Christmas2018_Tee_094_F	mpChristmas2018_overlays	update/x64/dlcpacks/mpchristmas2018/dlc.rpf/common/data/effects/peds/mpchristmas2018_overlays.xml	ZONE_TORSO	TYPE_BADGE	GENDER_FEMALE	0.727000	0.670000	0.140000	0.130000	0.000000	MP_Christmas2018_Tee_094	MP_Christmas2018_Tee_094
MP_Christmas2018_Tee_095_M	mpChristmas2018_overlays	update/x64/dlcpacks/mpchristmas2018/dlc.rpf/common/data/effects/peds/mpchristmas2018_overlays.xml	ZONE_TORSO	TYPE_BADGE	GENDER_MALE	0.737000	0.640000	0.140000	0.140000	0.000000	MP_Christmas2018_Tee_095	MP_Christmas2018_Tee_095
MP_Christmas2018_Tee_095_F	mpChristmas2018_overlays	update/x64/dlcpacks/mpchristmas2018/dlc.rpf/common/data/effects/peds/mpchristmas2018_overlays.xml	ZONE_TORSO	TYPE_BADGE	GENDER_FEMALE	0.727000	0.670000	0.140000	0.130000	0.000000	MP_Christmas2018_Tee_095	MP_Christmas2018_Tee_095
MP_Christmas2018_Tee_096_M	mpChristmas2018_overlays	update/x64/dlcpacks/mpchristmas2018/dlc.rpf/common/data/effects/peds/mpchristmas2018_overlays.xml	ZONE_TORSO	TYPE_BADGE	GENDER_MALE	0.737000	0.640000	0.140000	0.140000	0.000000	MP_Christmas2018_Tee_096	MP_Christmas2018_Tee_096
MP_Christmas2018_Tee_096_F	mpChristmas2018_overlays	update/x64/dlcpacks/mpchristmas2018/dlc.rpf/common/data/effects/peds/mpchristmas2018_overlays.xml	ZONE_TORSO	TYPE_BADGE	GENDER_FEMALE	0.727000	0.670000	0.140000	0.130000	0.000000	MP_Christmas2018_Tee_096	MP_Christmas2018_Tee_096
MP_Christmas2018_Tee_097_M	mpChristmas2018_overlays	update/x64/dlcpacks/mpchristmas2018/dlc.rpf/common/data/effects/peds/mpchristmas2018_overlays.xml	ZONE_TORSO	TYPE_BADGE	GENDER_MALE	0.737000	0.670000	0.140000	0.140000	0.000000	MP_Christmas2018_Tee_097	MP_Christmas2018_Tee_097
MP_Christmas2018_Tee_097_F	mpChristmas2018_overlays	update/x64/dlcpacks/mpchristmas2018/dlc.rpf/common/data/effects/peds/mpchristmas2018_overlays.xml	ZONE_TORSO	TYPE_BADGE	GENDER_FEMALE	0.727000	0.680000	0.140000	0.130000	0.000000	MP_Christmas2018_Tee_097	MP_Christmas2018_Tee_097
MP_Christmas2018_Tee_098_M	mpChristmas2018_overlays	update/x64/dlcpacks/mpchristmas2018/dlc.rpf/common/data/effects/peds/mpchristmas2018_overlays.xml	ZONE_TORSO	TYPE_BADGE	GENDER_MALE	0.737000	0.620000	0.140000	0.140000	0.000000	MP_Christmas2018_Tee_098	MP_Christmas2018_Tee_098
MP_Christmas2018_Tee_098_F	mpChristmas2018_overlays	update/x64/dlcpacks/mpchristmas2018/dlc.rpf/common/data/effects/peds/mpchristmas2018_overlays.xml	ZONE_TORSO	TYPE_BADGE	GENDER_FEMALE	0.727000	0.650000	0.140000	0.130000	0.000000	MP_Christmas2018_Tee_098	MP_Christmas2018_Tee_098
MP_Christmas2018_Tee_099_M	mpChristmas2018_overlays	update/x64/dlcpacks/mpchristmas2018/dlc.rpf/common/data/effects/peds/mpchristmas2018_overlays.xml	ZONE_TORSO	TYPE_BADGE	GENDER_MALE	0.737000	0.660000	0.140000	0.140000	0.000000	MP_Christmas2018_Tee_099	MP_Christmas2018_Tee_099
MP_Christmas2018_Tee_099_F	mpChristmas2018_overlays	update/x64/dlcpacks/mpchristmas2018/dlc.rpf/common/data/effects/peds/mpchristmas2018_overlays.xml	ZONE_TORSO	TYPE_BADGE	GENDER_FEMALE	0.727000	0.690000	0.140000	0.130000	0.000000	MP_Christmas2018_Tee_099	MP_Christmas2018_Tee_099
MP_Christmas2018_Tee_100_M	mpChristmas2018_overlays	update/x64/dlcpacks/mpchristmas2018/dlc.rpf/common/data/effects/peds/mpchristmas2018_overlays.xml	ZONE_TORSO	TYPE_BADGE	GENDER_MALE	0.737000	0.660000	0.140000	0.140000	0.000000	MP_Christmas2018_Tee_100	MP_Christmas2018_Tee_100
MP_Christmas2018_Tee_100_F	mpChristmas2018_overlays	update/x64/dlcpacks/mpchristmas2018/dlc.rpf/common/data/effects/peds/mpchristmas2018_overlays.xml	ZONE_TORSO	TYPE_BADGE	GENDER_FEMALE	0.727000	0.690000	0.140000	0.130000	0.000000	MP_Christmas2018_Tee_100	MP_Christmas2018_Tee_100
MP_Christmas2018_Tee_101_M	mpChristmas2018_overlays	update/x64/dlcpacks/mpchristmas2018/dlc.rpf/common/data/effects/peds/mpchristmas2018_overlays.xml	ZONE_TORSO	TYPE_BADGE	GENDER_MALE	0.737000	0.660000	0.140000	0.140000	0.000000	MP_Christmas2018_Tee_101	MP_Christmas2018_Tee_101
MP_Christmas2018_Tee_101_F	mpChristmas2018_overlays	update/x64/dlcpacks/mpchristmas2018/dlc.rpf/common/data/effects/peds/mpchristmas2018_overlays.xml	ZONE_TORSO	TYPE_BADGE	GENDER_FEMALE	0.727000	0.690000	0.140000	0.130000	0.000000	MP_Christmas2018_Tee_101	MP_Christmas2018_Tee_101
MP_Christmas2018_Tee_102_M	mpChristmas2018_overlays	update/x64/dlcpacks/mpchristmas2018/dlc.rpf/common/data/effects/peds/mpchristmas2018_overlays.xml	ZONE_TORSO	TYPE_BADGE	GENDER_MALE	0.737000	0.600000	0.140000	0.140000	0.000000	MP_Christmas2018_Tee_102	MP_Christmas2018_Tee_102
MP_Christmas2018_Tee_102_F	mpChristmas2018_overlays	update/x64/dlcpacks/mpchristmas2018/dlc.rpf/common/data/effects/peds/mpchristmas2018_overlays.xml	ZONE_TORSO	TYPE_BADGE	GENDER_FEMALE	0.727000	0.630000	0.150000	0.130000	0.000000	MP_Christmas2018_Tee_102	MP_Christmas2018_Tee_102
MP_Christmas2018_Tee_103_M	mpChristmas2018_overlays	update/x64/dlcpacks/mpchristmas2018/dlc.rpf/common/data/effects/peds/mpchristmas2018_overlays.xml	ZONE_TORSO	TYPE_BADGE	GENDER_MALE	0.737000	0.600000	0.140000	0.140000	0.000000	MP_Christmas2018_Tee_103	MP_Christmas2018_Tee_103
MP_Christmas2018_Tee_103_F	mpChristmas2018_overlays	update/x64/dlcpacks/mpchristmas2018/dlc.rpf/common/data/effects/peds/mpchristmas2018_overlays.xml	ZONE_TORSO	TYPE_BADGE	GENDER_FEMALE	0.727000	0.630000	0.150000	0.130000	0.000000	MP_Christmas2018_Tee_103	MP_Christmas2018_Tee_103
MP_Christmas2018_Tee_104_M	mpChristmas2018_overlays	update/x64/dlcpacks/mpchristmas2018/dlc.rpf/common/data/effects/peds/mpchristmas2018_overlays.xml	ZONE_TORSO	TYPE_BADGE	GENDER_MALE	0.737000	0.600000	0.140000	0.140000	0.000000	MP_Christmas2018_Tee_104	MP_Christmas2018_Tee_104
MP_Christmas2018_Tee_104_F	mpChristmas2018_overlays	update/x64/dlcpacks/mpchristmas2018/dlc.rpf/common/data/effects/peds/mpchristmas2018_overlays.xml	ZONE_TORSO	TYPE_BADGE	GENDER_FEMALE	0.727000	0.630000	0.150000	0.130000	0.000000	MP_Christmas2018_Tee_104	MP_Christmas2018_Tee_104
MP_Christmas2018_Tee_105_M	mpChristmas2018_overlays	update/x64/dlcpacks/mpchristmas2018/dlc.rpf/common/data/effects/peds/mpchristmas2018_overlays.xml	ZONE_TORSO	TYPE_BADGE	GENDER_MALE	0.737000	0.620000	0.140000	0.140000	0.000000	MP_Christmas2018_Tee_105	MP_Christmas2018_Tee_105
MP_Christmas2018_Tee_105_F	mpChristmas2018_overlays	update/x64/dlcpacks/mpchristmas2018/dlc.rpf/common/data/effects/peds/mpchristmas2018_overlays.xml	ZONE_TORSO	TYPE_BADGE	GENDER_FEMALE	0.727000	0.650000	0.140000	0.130000	0.000000	MP_Christmas2018_Tee_105	MP_Christmas2018_Tee_105
MP_Christmas2018_Tee_106_M	mpChristmas2018_overlays	update/x64/dlcpacks/mpchristmas2018/dlc.rpf/common/data/effects/peds/mpchristmas2018_overlays.xml	ZONE_TORSO	TYPE_BADGE	GENDER_MALE	0.737000	0.620000	0.140000	0.140000	0.000000	MP_Christmas2018_Tee_106	MP_Christmas2018_Tee_106
MP_Christmas2018_Tee_106_F	mpChristmas2018_overlays	update/x64/dlcpacks/mpchristmas2018/dlc.rpf/common/data/effects/peds/mpchristmas2018_overlays.xml	ZONE_TORSO	TYPE_BADGE	GENDER_FEMALE	0.727000	0.650000	0.140000	0.130000	0.000000	MP_Christmas2018_Tee_106	MP_Christmas2018_Tee_106
MP_Christmas2018_Tee_107_M	mpChristmas2018_overlays	update/x64/dlcpacks/mpchristmas2018/dlc.rpf/common/data/effects/peds/mpchristmas2018_overlays.xml	ZONE_TORSO	TYPE_BADGE	GENDER_MALE	0.737000	0.620000	0.140000	0.140000	0.000000	MP_Christmas2018_Tee_107	MP_Christmas2018_Tee_107
MP_Christmas2018_Tee_107_F	mpChristmas2018_overlays	update/x64/dlcpacks/mpchristmas2018/dlc.rpf/common/data/effects/peds/mpchristmas2018_overlays.xml	ZONE_TORSO	TYPE_BADGE	GENDER_FEMALE	0.727000	0.650000	0.140000	0.130000	0.000000	MP_Christmas2018_Tee_107	MP_Christmas2018_Tee_107
MP_Christmas2018_Tee_108_M	mpChristmas2018_overlays	update/x64/dlcpacks/mpchristmas2018/dlc.rpf/common/data/effects/peds/mpchristmas2018_overlays.xml	ZONE_TORSO	TYPE_BADGE	GENDER_MALE	0.737000	0.620000	0.140000	0.140000	0.000000	MP_Christmas2018_Tee_108	MP_Christmas2018_Tee_108
MP_Christmas2018_Tee_108_F	mpChristmas2018_overlays	update/x64/dlcpacks/mpchristmas2018/dlc.rpf/common/data/effects/peds/mpchristmas2018_overlays.xml	ZONE_TORSO	TYPE_BADGE	GENDER_FEMALE	0.727000	0.650000	0.140000	0.130000	0.000000	MP_Christmas2018_Tee_108	MP_Christmas2018_Tee_108
MP_Christmas2018_Tee_109_M	mpChristmas2018_overlays	update/x64/dlcpacks/mpchristmas2018/dlc.rpf/common/data/effects/peds/mpchristmas2018_overlays.xml	ZONE_TORSO	TYPE_BADGE	GENDER_MALE	0.737000	0.620000	0.140000	0.140000	0.000000	MP_Christmas2018_Tee_109	MP_Christmas2018_Tee_109
MP_Christmas2018_Tee_109_F	mpChristmas2018_overlays	update/x64/dlcpacks/mpchristmas2018/dlc.rpf/common/data/effects/peds/mpchristmas2018_overlays.xml	ZONE_TORSO	TYPE_BADGE	GENDER_FEMALE	0.727000	0.650000	0.140000	0.130000	0.000000	MP_Christmas2018_Tee_109	MP_Christmas2018_Tee_109
MP_Christmas2018_Tee_110_M	mpChristmas2018_overlays	update/x64/dlcpacks/mpchristmas2018/dlc.rpf/common/data/effects/peds/mpchristmas2018_overlays.xml	ZONE_TORSO	TYPE_BADGE	GENDER_MALE	0.737000	0.620000	0.140000	0.140000	0.000000	MP_Christmas2018_Tee_110	MP_Christmas2018_Tee_110
MP_Christmas2018_Tee_110_F	mpChristmas2018_overlays	update/x64/dlcpacks/mpchristmas2018/dlc.rpf/common/data/effects/peds/mpchristmas2018_overlays.xml	ZONE_TORSO	TYPE_BADGE	GENDER_FEMALE	0.727000	0.650000	0.140000	0.130000	0.000000	MP_Christmas2018_Tee_110	MP_Christmas2018_Tee_110
MP_Christmas2018_Tee_111_M	mpChristmas2018_overlays	update/x64/dlcpacks/mpchristmas2018/dlc.rpf/common/data/effects/peds/mpchristmas2018_overlays.xml	ZONE_TORSO	TYPE_BADGE	GENDER_MALE	0.737000	0.640000	0.140000	0.140000	0.000000	MP_Christmas2018_Tee_111	MP_Christmas2018_Tee_111
MP_Christmas2018_Tee_111_F	mpChristmas2018_overlays	update/x64/dlcpacks/mpchristmas2018/dlc.rpf/common/data/effects/peds/mpchristmas2018_overlays.xml	ZONE_TORSO	TYPE_BADGE	GENDER_FEMALE	0.727000	0.670000	0.140000	0.130000	0.000000	MP_Christmas2018_Tee_111	MP_Christmas2018_Tee_111
MP_Christmas2018_Tee_112_M	mpChristmas2018_overlays	update/x64/dlcpacks/mpchristmas2018/dlc.rpf/common/data/effects/peds/mpchristmas2018_overlays.xml	ZONE_TORSO	TYPE_BADGE	GENDER_MALE	0.737000	0.640000	0.140000	0.140000	0.000000	MP_Christmas2018_Tee_112	MP_Christmas2018_Tee_112
MP_Christmas2018_Tee_112_F	mpChristmas2018_overlays	update/x64/dlcpacks/mpchristmas2018/dlc.rpf/common/data/effects/peds/mpchristmas2018_overlays.xml	ZONE_TORSO	TYPE_BADGE	GENDER_FEMALE	0.727000	0.670000	0.140000	0.130000	0.000000	MP_Christmas2018_Tee_112	MP_Christmas2018_Tee_112
MP_Christmas2018_Tee_113_M	mpChristmas2018_overlays	update/x64/dlcpacks/mpchristmas2018/dlc.rpf/common/data/effects/peds/mpchristmas2018_overlays.xml	ZONE_TORSO	TYPE_BADGE	GENDER_MALE	0.737000	0.630000	0.140000	0.140000	0.000000	MP_Christmas2018_Tee_113	MP_Christmas2018_Tee_113
MP_Christmas2018_Tee_113_F	mpChristmas2018_overlays	update/x64/dlcpacks/mpchristmas2018/dlc.rpf/common/data/effects/peds/mpchristmas2018_overlays.xml	ZONE_TORSO	TYPE_BADGE	GENDER_FEMALE	0.727000	0.660000	0.140000	0.130000	0.000000	MP_Christmas2018_Tee_113	MP_Christmas2018_Tee_113
MP_Christmas2018_Tee_114_M	mpChristmas2018_overlays	update/x64/dlcpacks/mpchristmas2018/dlc.rpf/common/data/effects/peds/mpchristmas2018_overlays.xml	ZONE_TORSO	TYPE_BADGE	GENDER_MALE	0.737000	0.630000	0.140000	0.140000	0.000000	MP_Christmas2018_Tee_114	MP_Christmas2018_Tee_114
MP_Christmas2018_Tee_114_F	mpChristmas2018_overlays	update/x64/dlcpacks/mpchristmas2018/dlc.rpf/common/data/effects/peds/mpchristmas2018_overlays.xml	ZONE_TORSO	TYPE_BADGE	GENDER_FEMALE	0.727000	0.660000	0.140000	0.130000	0.000000	MP_Christmas2018_Tee_114	MP_Christmas2018_Tee_114
MP_Christmas2018_Tee_115_M	mpChristmas2018_overlays	update/x64/dlcpacks/mpchristmas2018/dlc.rpf/common/data/effects/peds/mpchristmas2018_overlays.xml	ZONE_TORSO	TYPE_BADGE	GENDER_MALE	0.737000	0.630000	0.140000	0.140000	0.000000	MP_Christmas2018_Tee_115	MP_Christmas2018_Tee_115
MP_Christmas2018_Tee_115_F	mpChristmas2018_overlays	update/x64/dlcpacks/mpchristmas2018/dlc.rpf/common/data/effects/peds/mpchristmas2018_overlays.xml	ZONE_TORSO	TYPE_BADGE	GENDER_FEMALE	0.727000	0.660000	0.140000	0.130000	0.000000	MP_Christmas2018_Tee_115	MP_Christmas2018_Tee_115
MP_Christmas2018_Tee_116_M	mpChristmas2018_overlays	update/x64/dlcpacks/mpchristmas2018/dlc.rpf/common/data/effects/peds/mpchristmas2018_overlays.xml	ZONE_TORSO	TYPE_BADGE	GENDER_MALE	0.737000	0.630000	0.140000	0.140000	0.000000	MP_Christmas2018_Tee_116	MP_Christmas2018_Tee_116
MP_Christmas2018_Tee_116_F	mpChristmas2018_overlays	update/x64/dlcpacks/mpchristmas2018/dlc.rpf/common/data/effects/peds/mpchristmas2018_overlays.xml	ZONE_TORSO	TYPE_BADGE	GENDER_FEMALE	0.727000	0.660000	0.140000	0.130000	0.000000	MP_Christmas2018_Tee_116	MP_Christmas2018_Tee_116
MP_Christmas2018_Tee_117_M	mpChristmas2018_overlays	update/x64/dlcpacks/mpchristmas2018/dlc.rpf/common/data/effects/peds/mpchristmas2018_overlays.xml	ZONE_TORSO	TYPE_BADGE	GENDER_MALE	0.737000	0.630000	0.140000	0.140000	0.000000	MP_Christmas2018_Tee_117	MP_Christmas2018_Tee_117
MP_Christmas2018_Tee_117_F	mpChristmas2018_overlays	update/x64/dlcpacks/mpchristmas2018/dlc.rpf/common/data/effects/peds/mpchristmas2018_overlays.xml	ZONE_TORSO	TYPE_BADGE	GENDER_FEMALE	0.727000	0.660000	0.140000	0.130000	0.000000	MP_Christmas2018_Tee_117	MP_Christmas2018_Tee_117
MP_Christmas2018_Tee_118_M	mpChristmas2018_overlays	update/x64/dlcpacks/mpchristmas2018/dlc.rpf/common/data/effects/peds/mpchristmas2018_overlays.xml	ZONE_TORSO	TYPE_BADGE	GENDER_MALE	0.737000	0.630000	0.140000	0.140000	0.000000	MP_Christmas2018_Tee_118	MP_Christmas2018_Tee_118
MP_Christmas2018_Tee_118_F	mpChristmas2018_overlays	update/x64/dlcpacks/mpchristmas2018/dlc.rpf/common/data/effects/peds/mpchristmas2018_overlays.xml	ZONE_TORSO	TYPE_BADGE	GENDER_FEMALE	0.727000	0.660000	0.140000	0.130000	0.000000	MP_Christmas2018_Tee_118	MP_Christmas2018_Tee_118
MP_Christmas2018_Tee_119_M	mpChristmas2018_overlays	update/x64/dlcpacks/mpchristmas2018/dlc.rpf/common/data/effects/peds/mpchristmas2018_overlays.xml	ZONE_TORSO	TYPE_BADGE	GENDER_MALE	0.737000	0.630000	0.140000	0.140000	0.000000	MP_Christmas2018_Tee_119	MP_Christmas2018_Tee_119
MP_Christmas2018_Tee_119_F	mpChristmas2018_overlays	update/x64/dlcpacks/mpchristmas2018/dlc.rpf/common/data/effects/peds/mpchristmas2018_overlays.xml	ZONE_TORSO	TYPE_BADGE	GENDER_FEMALE	0.727000	0.660000	0.140000	0.130000	0.000000	MP_Christmas2018_Tee_119	MP_Christmas2018_Tee_119
MP_Christmas2018_Tee_120_M	mpChristmas2018_overlays	update/x64/dlcpacks/mpchristmas2018/dlc.rpf/common/data/effects/peds/mpchristmas2018_overlays.xml	ZONE_TORSO	TYPE_BADGE	GENDER_MALE	0.737000	0.630000	0.140000	0.140000	0.000000	MP_Christmas2018_Tee_120	MP_Christmas2018_Tee_120
MP_Christmas2018_Tee_120_F	mpChristmas2018_overlays	update/x64/dlcpacks/mpchristmas2018/dlc.rpf/common/data/effects/peds/mpchristmas2018_overlays.xml	ZONE_TORSO	TYPE_BADGE	GENDER_FEMALE	0.727000	0.660000	0.140000	0.130000	0.000000	MP_Christmas2018_Tee_120	MP_Christmas2018_Tee_120
MP_Christmas2018_Tee_121_M	mpChristmas2018_overlays	update/x64/dlcpacks/mpchristmas2018/dlc.rpf/common/data/effects/peds/mpchristmas2018_overlays.xml	ZONE_TORSO	TYPE_BADGE	GENDER_MALE	0.737000	0.630000	0.140000	0.140000	0.000000	MP_Christmas2018_Tee_121	MP_Christmas2018_Tee_121
MP_Christmas2018_Tee_121_F	mpChristmas2018_overlays	update/x64/dlcpacks/mpchristmas2018/dlc.rpf/common/data/effects/peds/mpchristmas2018_overlays.xml	ZONE_TORSO	TYPE_BADGE	GENDER_FEMALE	0.727000	0.660000	0.140000	0.130000	0.000000	MP_Christmas2018_Tee_121	MP_Christmas2018_Tee_121
MP_Christmas2018_Tee_122_M	mpChristmas2018_overlays	update/x64/dlcpacks/mpchristmas2018/dlc.rpf/common/data/effects/peds/mpchristmas2018_overlays.xml	ZONE_TORSO	TYPE_BADGE	GENDER_MALE	0.737000	0.660000	0.140000	0.140000	0.000000	MP_Christmas2018_Tee_122	MP_Christmas2018_Tee_122
MP_Christmas2018_Tee_122_F	mpChristmas2018_overlays	update/x64/dlcpacks/mpchristmas2018/dlc.rpf/common/data/effects/peds/mpchristmas2018_overlays.xml	ZONE_TORSO	TYPE_BADGE	GENDER_FEMALE	0.727000	0.690000	0.140000	0.130000	0.000000	MP_Christmas2018_Tee_122	MP_Christmas2018_Tee_122
MP_Christmas2018_Tee_123_M	mpChristmas2018_overlays	update/x64/dlcpacks/mpchristmas2018/dlc.rpf/common/data/effects/peds/mpchristmas2018_overlays.xml	ZONE_TORSO	TYPE_BADGE	GENDER_MALE	0.737000	0.640000	0.140000	0.140000	0.000000	MP_Christmas2018_Tee_123	MP_Christmas2018_Tee_123
MP_Christmas2018_Tee_123_F	mpChristmas2018_overlays	update/x64/dlcpacks/mpchristmas2018/dlc.rpf/common/data/effects/peds/mpchristmas2018_overlays.xml	ZONE_TORSO	TYPE_BADGE	GENDER_FEMALE	0.727000	0.670000	0.140000	0.130000	0.000000	MP_Christmas2018_Tee_123	MP_Christmas2018_Tee_123
MP_Christmas2018_Tee_124_M	mpChristmas2018_overlays	update/x64/dlcpacks/mpchristmas2018/dlc.rpf/common/data/effects/peds/mpchristmas2018_overlays.xml	ZONE_TORSO	TYPE_BADGE	GENDER_MALE	0.737000	0.640000	0.140000	0.140000	0.000000	MP_Christmas2018_Tee_124	MP_Christmas2018_Tee_124
MP_Christmas2018_Tee_124_F	mpChristmas2018_overlays	update/x64/dlcpacks/mpchristmas2018/dlc.rpf/common/data/effects/peds/mpchristmas2018_overlays.xml	ZONE_TORSO	TYPE_BADGE	GENDER_FEMALE	0.727000	0.670000	0.140000	0.130000	0.000000	MP_Christmas2018_Tee_124	MP_Christmas2018_Tee_124
MP_Xmas2_M_Tat_000	mpChristmas2_overlays	update/x64/dlcpacks/mpchristmas2/dlc.rpf/common/data/effects/peds/mpchristmas2_overlays.xml	ZONE_LEFT_ARM	TYPE_TATTOO	GENDER_MALE	-0.250000	0.500000	0.200000	0.150000	-8.000000	MP_Xm2_Tat_M_000	MP_Xm2_Tat_M_000
MP_Xmas2_M_Tat_001	mpChristmas2_overlays	update/x64/dlcpacks/mpchristmas2/dlc.rpf/common/data/effects/peds/mpchristmas2_overlays.xml	ZONE_LEFT_LEG	TYPE_TATTOO	GENDER_MALE	0.270000	0.400000	0.200000	0.200000	0.000000	MP_Xm2_Tat_M_001	MP_Xm2_Tat_M_001
MP_Xmas2_M_Tat_002	mpChristmas2_overlays	update/x64/dlcpacks/mpchristmas2/dlc.rpf/common/data/effects/peds/mpchristmas2_overlays.xml	ZONE_LEFT_LEG	TYPE_TATTOO	GENDER_MALE	0.270000	0.400000	0.200000	0.200000	0.000000	MP_Xm2_Tat_M_002	MP_Xm2_Tat_M_002
MP_Xmas2_M_Tat_003	mpChristmas2_overlays	update/x64/dlcpacks/mpchristmas2/dlc.rpf/common/data/effects/peds/mpchristmas2_overlays.xml	ZONE_RIGHT_ARM	TYPE_TATTOO	GENDER_MALE	0.580000	0.770000	0.200000	0.200000	0.000000	MP_Xm2_Tat_M_003	MP_Xm2_Tat_M_003
MP_Xmas2_M_Tat_004	mpChristmas2_overlays	update/x64/dlcpacks/mpchristmas2/dlc.rpf/common/data/effects/peds/mpchristmas2_overlays.xml	ZONE_RIGHT_ARM	TYPE_TATTOO	GENDER_MALE	0.580000	0.770000	0.200000	0.200000	0.000000	MP_Xm2_Tat_M_004	MP_Xm2_Tat_M_004
MP_Xmas2_M_Tat_005	mpChristmas2_overlays	update/x64/dlcpacks/mpchristmas2/dlc.rpf/common/data/effects/peds/mpchristmas2_overlays.xml	ZONE_TORSO	TYPE_TATTOO	GENDER_MALE	0.235000	0.500000	0.280000	0.300000	0.000000	MP_Xm2_Tat_M_005	MP_Xm2_Tat_M_005
MP_Xmas2_M_Tat_006	mpChristmas2_overlays	update/x64/dlcpacks/mpchristmas2/dlc.rpf/common/data/effects/peds/mpchristmas2_overlays.xml	ZONE_TORSO	TYPE_TATTOO	GENDER_MALE	0.235000	0.500000	0.280000	0.300000	0.000000	MP_Xm2_Tat_M_006	MP_Xm2_Tat_M_006
MP_Xmas2_M_Tat_007	mpChristmas2_overlays	update/x64/dlcpacks/mpchristmas2/dlc.rpf/common/data/effects/peds/mpchristmas2_overlays.xml	ZONE_HEAD	TYPE_TATTOO	GENDER_MALE	0.835000	0.400000	0.100000	0.100000	0.000000	MP_Xm2_Tat_M_007	MP_Xm2_Tat_M_007
MP_Xmas2_M_Tat_008	mpChristmas2_overlays	update/x64/dlcpacks/mpchristmas2/dlc.rpf/common/data/effects/peds/mpchristmas2_overlays.xml	ZONE_RIGHT_ARM	TYPE_TATTOO	GENDER_MALE	0.150000	0.480000	0.150000	0.140000	3.200000	MP_Xm2_Tat_M_008	MP_Xm2_Tat_M_008
MP_Xmas2_M_Tat_009	mpChristmas2_overlays	update/x64/dlcpacks/mpchristmas2/dlc.rpf/common/data/effects/peds/mpchristmas2_overlays.xml	ZONE_TORSO	TYPE_TATTOO	GENDER_MALE	0.830000	0.620000	0.100000	0.100000	0.000000	MP_Xm2_Tat_M_009	MP_Xm2_Tat_M_009
MP_Xmas2_M_Tat_010	mpChristmas2_overlays	update/x64/dlcpacks/mpchristmas2/dlc.rpf/common/data/effects/peds/mpchristmas2_overlays.xml	ZONE_LEFT_ARM	TYPE_TATTOO	GENDER_MALE	0.830000	0.480000	0.140000	0.140000	0.000000	MP_Xm2_Tat_M_010	MP_Xm2_Tat_M_010
MP_Xmas2_M_Tat_011	mpChristmas2_overlays	update/x64/dlcpacks/mpchristmas2/dlc.rpf/common/data/effects/peds/mpchristmas2_overlays.xml	ZONE_TORSO	TYPE_TATTOO	GENDER_MALE	1.225000	0.680000	0.100000	0.100000	0.000000	MP_Xm2_Tat_M_011	MP_Xm2_Tat_M_011
MP_Xmas2_M_Tat_012	mpChristmas2_overlays	update/x64/dlcpacks/mpchristmas2/dlc.rpf/common/data/effects/peds/mpchristmas2_overlays.xml	ZONE_LEFT_ARM	TYPE_TATTOO	GENDER_MALE	0.500000	0.850000	0.100000	0.100000	0.000000	MP_Xm2_Tat_M_012	MP_Xm2_Tat_M_012
MP_Xmas2_M_Tat_013	mpChristmas2_overlays	update/x64/dlcpacks/mpchristmas2/dlc.rpf/common/data/effects/peds/mpchristmas2_overlays.xml	ZONE_TORSO	TYPE_TATTOO	GENDER_MALE	0.500000	0.250000	0.200000	0.200000	0.000000	MP_Xm2_Tat_M_013	MP_Xm2_Tat_M_013
MP_Xmas2_M_Tat_014	mpChristmas2_overlays	update/x64/dlcpacks/mpchristmas2/dlc.rpf/common/data/effects/peds/mpchristmas2_overlays.xml	ZONE_RIGHT_LEG	TYPE_TATTOO	GENDER_MALE	0.500000	0.330000	0.200000	0.180000	0.000000	MP_Xm2_Tat_M_014	MP_Xm2_Tat_M_014
MP_Xmas2_M_Tat_015	mpChristmas2_overlays	update/x64/dlcpacks/mpchristmas2/dlc.rpf/common/data/effects/peds/mpchristmas2_overlays.xml	ZONE_TORSO	TYPE_TATTOO	GENDER_MALE	0.225000	0.630000	0.200000	0.200000	0.000000	MP_Xm2_Tat_M_015	MP_Xm2_Tat_M_015
MP_Xmas2_M_Tat_016	mpChristmas2_overlays	update/x64/dlcpacks/mpchristmas2/dlc.rpf/common/data/effects/peds/mpchristmas2_overlays.xml	ZONE_TORSO	TYPE_TATTOO	GENDER_MALE	0.625000	0.620000	0.100000	0.100000	0.000000	MP_Xm2_Tat_M_016	MP_Xm2_Tat_M_016
MP_Xmas2_M_Tat_017	mpChristmas2_overlays	update/x64/dlcpacks/mpchristmas2/dlc.rpf/common/data/effects/peds/mpchristmas2_overlays.xml	ZONE_TORSO	TYPE_TATTOO	GENDER_MALE	0.625000	0.620000	0.100000	0.100000	0.000000	MP_Xm2_Tat_M_017	MP_Xm2_Tat_M_017
MP_Xmas2_M_Tat_018	mpChristmas2_overlays	update/x64/dlcpacks/mpchristmas2/dlc.rpf/common/data/effects/peds/mpchristmas2_overlays.xml	ZONE_TORSO	TYPE_TATTOO	GENDER_MALE	0.725000	0.620000	0.150000	0.150000	0.000000	MP_Xm2_Tat_M_018	MP_Xm2_Tat_M_018
MP_Xmas2_M_Tat_019	mpChristmas2_overlays	update/x64/dlcpacks/mpchristmas2/dlc.rpf/common/data/effects/peds/mpchristmas2_overlays.xml	ZONE_TORSO	TYPE_TATTOO	GENDER_MALE	0.725000	0.620000	0.150000	0.150000	0.000000	MP_Xm2_Tat_M_019	MP_Xm2_Tat_M_019
MP_Xmas2_M_Tat_020	mpChristmas2_overlays	update/x64/dlcpacks/mpchristmas2/dlc.rpf/common/data/effects/peds/mpchristmas2_overlays.xml	ZONE_LEFT_ARM	TYPE_TATTOO	GENDER_MALE	0.425000	0.280000	0.080000	0.070000	0.000000	MP_Xm2_Tat_M_020	MP_Xm2_Tat_M_020
MP_Xmas2_M_Tat_021	mpChristmas2_overlays	update/x64/dlcpacks/mpchristmas2/dlc.rpf/common/data/effects/peds/mpchristmas2_overlays.xml	ZONE_LEFT_ARM	TYPE_TATTOO	GENDER_MALE	0.425000	0.280000	0.080000	0.070000	0.000000	MP_Xm2_Tat_M_021	MP_Xm2_Tat_M_021
MP_Xmas2_M_Tat_022	mpChristmas2_overlays	update/x64/dlcpacks/mpchristmas2/dlc.rpf/common/data/effects/peds/mpchristmas2_overlays.xml	ZONE_RIGHT_ARM	TYPE_TATTOO	GENDER_MALE	0.700000	0.480000	0.150000	0.150000	0.000000	MP_Xm2_Tat_M_022	MP_Xm2_Tat_M_022
MP_Xmas2_M_Tat_023	mpChristmas2_overlays	update/x64/dlcpacks/mpchristmas2/dlc.rpf/common/data/effects/peds/mpchristmas2_overlays.xml	ZONE_RIGHT_ARM	TYPE_TATTOO	GENDER_MALE	0.700000	0.480000	0.150000	0.150000	0.000000	MP_Xm2_Tat_M_023	MP_Xm2_Tat_M_023
MP_Xmas2_M_Tat_024	mpChristmas2_overlays	update/x64/dlcpacks/mpchristmas2/dlc.rpf/common/data/effects/peds/mpchristmas2_overlays.xml	ZONE_HEAD	TYPE_TATTOO	GENDER_MALE	0.200000	0.380000	0.150000	0.130000	0.000000	MP_Xm2_Tat_M_024	MP_Xm2_Tat_M_024
MP_Xmas2_M_Tat_025	mpChristmas2_overlays	update/x64/dlcpacks/mpchristmas2/dlc.rpf/common/data/effects/peds/mpchristmas2_overlays.xml	ZONE_HEAD	TYPE_TATTOO	GENDER_MALE	0.200000	0.380000	0.150000	0.130000	0.000000	MP_Xm2_Tat_M_025	MP_Xm2_Tat_M_025
MP_Xmas2_M_Tat_026	mpChristmas2_overlays	update/x64/dlcpacks/mpchristmas2/dlc.rpf/common/data/effects/peds/mpchristmas2_overlays.xml	ZONE_RIGHT_ARM	TYPE_TATTOO	GENDER_MALE	-0.450000	0.270000	0.070000	0.070000	0.000000	MP_Xm2_Tat_M_026	MP_Xm2_Tat_M_026
MP_Xmas2_M_Tat_027	mpChristmas2_overlays	update/x64/dlcpacks/mpchristmas2/dlc.rpf/common/data/effects/peds/mpchristmas2_overlays.xml	ZONE_RIGHT_ARM	TYPE_TATTOO	GENDER_MALE	-0.450000	0.270000	0.070000	0.070000	0.000000	MP_Xm2_Tat_M_027	MP_Xm2_Tat_M_027
MP_Xmas2_M_Tat_028	mpChristmas2_overlays	update/x64/dlcpacks/mpchristmas2/dlc.rpf/common/data/effects/peds/mpchristmas2_overlays.xml	ZONE_TORSO	TYPE_TATTOO	GENDER_MALE	-0.150000	0.280000	-0.150000	0.150000	0.000000	MP_Xm2_Tat_M_028	MP_Xm2_Tat_M_028
MP_Xmas2_M_Tat_029	mpChristmas2_overlays	update/x64/dlcpacks/mpchristmas2/dlc.rpf/common/data/effects/peds/mpchristmas2_overlays.xml	ZONE_HEAD	TYPE_TATTOO	GENDER_MALE	-0.220000	0.340000	-0.130000	0.130000	-20.520000	MP_Xm2_Tat_M_029	MP_Xm2_Tat_M_029
MP_Xmas2_F_Tat_000	mpChristmas2_overlays	update/x64/dlcpacks/mpchristmas2/dlc.rpf/common/data/effects/peds/mpchristmas2_overlays.xml	ZONE_LEFT_ARM	TYPE_TATTOO	GENDER_FEMALE	-0.250000	0.420000	0.200000	0.150000	-8.000000	MP_Xm2_Tat_M_000	MP_Xm2_Tat_M_000
MP_Xmas2_F_Tat_001	mpChristmas2_overlays	update/x64/dlcpacks/mpchristmas2/dlc.rpf/common/data/effects/peds/mpchristmas2_overlays.xml	ZONE_LEFT_LEG	TYPE_TATTOO	GENDER_FEMALE	0.220000	0.380000	0.200000	0.200000	0.000000	MP_Xm2_Tat_M_001	MP_Xm2_Tat_M_001
MP_Xmas2_F_Tat_002	mpChristmas2_overlays	update/x64/dlcpacks/mpchristmas2/dlc.rpf/common/data/effects/peds/mpchristmas2_overlays.xml	ZONE_LEFT_LEG	TYPE_TATTOO	GENDER_FEMALE	0.220000	0.380000	0.200000	0.200000	0.000000	MP_Xm2_Tat_M_002	MP_Xm2_Tat_M_002
MP_Xmas2_F_Tat_003	mpChristmas2_overlays	update/x64/dlcpacks/mpchristmas2/dlc.rpf/common/data/effects/peds/mpchristmas2_overlays.xml	ZONE_RIGHT_ARM	TYPE_TATTOO	GENDER_FEMALE	0.480000	0.770000	0.200000	0.200000	0.000000	MP_Xm2_Tat_M_003	MP_Xm2_Tat_M_003
MP_Xmas2_F_Tat_004	mpChristmas2_overlays	update/x64/dlcpacks/mpchristmas2/dlc.rpf/common/data/effects/peds/mpchristmas2_overlays.xml	ZONE_RIGHT_ARM	TYPE_TATTOO	GENDER_FEMALE	0.480000	0.770000	0.200000	0.200000	0.000000	MP_Xm2_Tat_M_004	MP_Xm2_Tat_M_004
MP_Xmas2_F_Tat_005	mpChristmas2_overlays	update/x64/dlcpacks/mpchristmas2/dlc.rpf/common/data/effects/peds/mpchristmas2_overlays.xml	ZONE_TORSO	TYPE_TATTOO	GENDER_FEMALE	0.235000	0.580000	0.280000	0.250000	0.000000	MP_Xm2_Tat_M_005	MP_Xm2_Tat_M_005
MP_Xmas2_F_Tat_006	mpChristmas2_overlays	update/x64/dlcpacks/mpchristmas2/dlc.rpf/common/data/effects/peds/mpchristmas2_overlays.xml	ZONE_TORSO	TYPE_TATTOO	GENDER_FEMALE	0.235000	0.580000	0.280000	0.250000	0.000000	MP_Xm2_Tat_M_006	MP_Xm2_Tat_M_006
MP_Xmas2_F_Tat_007	mpChristmas2_overlays	update/x64/dlcpacks/mpchristmas2/dlc.rpf/common/data/effects/peds/mpchristmas2_overlays.xml	ZONE_HEAD	TYPE_TATTOO	GENDER_FEMALE	0.835000	0.400000	0.100000	0.100000	0.000000	MP_Xm2_Tat_M_007	MP_Xm2_Tat_M_007
MP_Xmas2_F_Tat_008	mpChristmas2_overlays	update/x64/dlcpacks/mpchristmas2/dlc.rpf/common/data/effects/peds/mpchristmas2_overlays.xml	ZONE_RIGHT_ARM	TYPE_TATTOO	GENDER_FEMALE	0.200000	0.420000	0.150000	0.140000	3.200000	MP_Xm2_Tat_M_008	MP_Xm2_Tat_M_008
MP_Xmas2_F_Tat_009	mpChristmas2_overlays	update/x64/dlcpacks/mpchristmas2/dlc.rpf/common/data/effects/peds/mpchristmas2_overlays.xml	ZONE_TORSO	TYPE_TATTOO	GENDER_FEMALE	0.830000	0.620000	0.100000	0.100000	0.000000	MP_Xm2_Tat_M_009	MP_Xm2_Tat_M_009
MP_Xmas2_F_Tat_010	mpChristmas2_overlays	update/x64/dlcpacks/mpchristmas2/dlc.rpf/common/data/effects/peds/mpchristmas2_overlays.xml	ZONE_LEFT_ARM	TYPE_TATTOO	GENDER_FEMALE	0.830000	0.410000	0.140000	0.140000	0.000000	MP_Xm2_Tat_M_010	MP_Xm2_Tat_M_010
MP_Xmas2_F_Tat_011	mpChristmas2_overlays	update/x64/dlcpacks/mpchristmas2/dlc.rpf/common/data/effects/peds/mpchristmas2_overlays.xml	ZONE_TORSO	TYPE_TATTOO	GENDER_FEMALE	1.235000	0.730000	0.100000	0.100000	0.000000	MP_Xm2_Tat_M_011	MP_Xm2_Tat_M_011
MP_Xmas2_F_Tat_012	mpChristmas2_overlays	update/x64/dlcpacks/mpchristmas2/dlc.rpf/common/data/effects/peds/mpchristmas2_overlays.xml	ZONE_LEFT_ARM	TYPE_TATTOO	GENDER_FEMALE	0.500000	0.850000	0.100000	0.100000	0.000000	MP_Xm2_Tat_M_012	MP_Xm2_Tat_M_012
MP_Xmas2_F_Tat_013	mpChristmas2_overlays	update/x64/dlcpacks/mpchristmas2/dlc.rpf/common/data/effects/peds/mpchristmas2_overlays.xml	ZONE_TORSO	TYPE_TATTOO	GENDER_FEMALE	0.500000	0.400000	0.200000	0.200000	0.000000	MP_Xm2_Tat_M_013	MP_Xm2_Tat_M_013
MP_Xmas2_F_Tat_014	mpChristmas2_overlays	update/x64/dlcpacks/mpchristmas2/dlc.rpf/common/data/effects/peds/mpchristmas2_overlays.xml	ZONE_RIGHT_LEG	TYPE_TATTOO	GENDER_FEMALE	0.800000	0.310000	0.200000	0.180000	0.000000	MP_Xm2_Tat_M_014	MP_Xm2_Tat_M_014
MP_Xmas2_F_Tat_015	mpChristmas2_overlays	update/x64/dlcpacks/mpchristmas2/dlc.rpf/common/data/effects/peds/mpchristmas2_overlays.xml	ZONE_TORSO	TYPE_TATTOO	GENDER_FEMALE	0.225000	0.650000	0.200000	0.200000	0.000000	MP_Xm2_Tat_M_015	MP_Xm2_Tat_M_015
MP_Xmas2_F_Tat_016	mpChristmas2_overlays	update/x64/dlcpacks/mpchristmas2/dlc.rpf/common/data/effects/peds/mpchristmas2_overlays.xml	ZONE_TORSO	TYPE_TATTOO	GENDER_FEMALE	0.650000	0.640000	0.100000	0.100000	0.000000	MP_Xm2_Tat_M_016	MP_Xm2_Tat_M_016
MP_Xmas2_F_Tat_017	mpChristmas2_overlays	update/x64/dlcpacks/mpchristmas2/dlc.rpf/common/data/effects/peds/mpchristmas2_overlays.xml	ZONE_TORSO	TYPE_TATTOO	GENDER_FEMALE	0.650000	0.640000	0.100000	0.100000	0.000000	MP_Xm2_Tat_M_017	MP_Xm2_Tat_M_017
MP_Xmas2_F_Tat_018	mpChristmas2_overlays	update/x64/dlcpacks/mpchristmas2/dlc.rpf/common/data/effects/peds/mpchristmas2_overlays.xml	ZONE_TORSO	TYPE_TATTOO	GENDER_FEMALE	0.740000	0.620000	0.170000	0.150000	0.000000	MP_Xm2_Tat_M_018	MP_Xm2_Tat_M_018
MP_Xmas2_F_Tat_019	mpChristmas2_overlays	update/x64/dlcpacks/mpchristmas2/dlc.rpf/common/data/effects/peds/mpchristmas2_overlays.xml	ZONE_TORSO	TYPE_TATTOO	GENDER_FEMALE	0.740000	0.620000	0.170000	0.150000	0.000000	MP_Xm2_Tat_M_019	MP_Xm2_Tat_M_019
MP_Xmas2_F_Tat_020	mpChristmas2_overlays	update/x64/dlcpacks/mpchristmas2/dlc.rpf/common/data/effects/peds/mpchristmas2_overlays.xml	ZONE_LEFT_ARM	TYPE_TATTOO	GENDER_FEMALE	0.425000	0.240000	0.080000	0.070000	0.000000	MP_Xm2_Tat_M_020	MP_Xm2_Tat_M_020
MP_Xmas2_F_Tat_021	mpChristmas2_overlays	update/x64/dlcpacks/mpchristmas2/dlc.rpf/common/data/effects/peds/mpchristmas2_overlays.xml	ZONE_LEFT_ARM	TYPE_TATTOO	GENDER_FEMALE	0.425000	0.240000	0.080000	0.070000	0.000000	MP_Xm2_Tat_M_021	MP_Xm2_Tat_M_021
MP_Xmas2_F_Tat_022	mpChristmas2_overlays	update/x64/dlcpacks/mpchristmas2/dlc.rpf/common/data/effects/peds/mpchristmas2_overlays.xml	ZONE_RIGHT_ARM	TYPE_TATTOO	GENDER_FEMALE	0.700000	0.480000	0.150000	0.150000	0.000000	MP_Xm2_Tat_M_022	MP_Xm2_Tat_M_022
MP_Xmas2_F_Tat_023	mpChristmas2_overlays	update/x64/dlcpacks/mpchristmas2/dlc.rpf/common/data/effects/peds/mpchristmas2_overlays.xml	ZONE_RIGHT_ARM	TYPE_TATTOO	GENDER_FEMALE	0.700000	0.480000	0.150000	0.150000	0.000000	MP_Xm2_Tat_M_023	MP_Xm2_Tat_M_023
MP_Xmas2_F_Tat_024	mpChristmas2_overlays	update/x64/dlcpacks/mpchristmas2/dlc.rpf/common/data/effects/peds/mpchristmas2_overlays.xml	ZONE_HEAD	TYPE_TATTOO	GENDER_FEMALE	0.200000	0.380000	0.150000	0.130000	0.000000	MP_Xm2_Tat_M_024	MP_Xm2_Tat_M_024
MP_Xmas2_F_Tat_025	mpChristmas2_overlays	update/x64/dlcpacks/mpchristmas2/dlc.rpf/common/data/effects/peds/mpchristmas2_overlays.xml	ZONE_HEAD	TYPE_TATTOO	GENDER_FEMALE	0.200000	0.380000	0.150000	0.130000	0.000000	MP_Xm2_Tat_M_025	MP_Xm2_Tat_M_025
MP_Xmas2_F_Tat_026	mpChristmas2_overlays	update/x64/dlcpacks/mpchristmas2/dlc.rpf/common/data/effects/peds/mpchristmas2_overlays.xml	ZONE_RIGHT_ARM	TYPE_TATTOO	GENDER_FEMALE	-0.450000	0.240000	0.070000	0.070000	0.000000	MP_Xm2_Tat_M_026	MP_Xm2_Tat_M_026
MP_Xmas2_F_Tat_027	mpChristmas2_overlays	update/x64/dlcpacks/mpchristmas2/dlc.rpf/common/data/effects/peds/mpchristmas2_overlays.xml	ZONE_RIGHT_ARM	TYPE_TATTOO	GENDER_FEMALE	-0.450000	0.240000	0.070000	0.070000	0.000000	MP_Xm2_Tat_M_027	MP_Xm2_Tat_M_027
MP_Xmas2_F_Tat_028	mpChristmas2_overlays	update/x64/dlcpacks/mpchristmas2/dlc.rpf/common/data/effects/peds/mpchristmas2_overlays.xml	ZONE_TORSO	TYPE_TATTOO	GENDER_FEMALE	-0.150000	0.350000	-0.150000	0.100000	0.000000	MP_Xm2_Tat_M_028	MP_Xm2_Tat_M_028
MP_Xmas2_F_Tat_029	mpChristmas2_overlays	update/x64/dlcpacks/mpchristmas2/dlc.rpf/common/data/effects/peds/mpchristmas2_overlays.xml	ZONE_HEAD	TYPE_TATTOO	GENDER_FEMALE	-0.220000	0.340000	-0.130000	0.130000	-20.520000	MP_Xm2_Tat_M_029	MP_Xm2_Tat_M_029
MP_Christmas3_Hair_000_F	mpChristmas3_overlays	update/x64/dlcpacks/mpchristmas3/dlc.rpf/common/data/effects/peds/mpchristmas3_overlays.xml	ZONE_HEAD	TYPE_TATTOO	GENDER_FEMALE	0.500000	0.500000	0.600000	0.500000	0.000000	MP_Christmas3_Hair_000	MP_Christmas3_Hair_000
MP_Christmas3_Tat_000_M	mpChristmas3_overlays	update/x64/dlcpacks/mpchristmas3/dlc.rpf/common/data/effects/peds/mpchristmas3_overlays.xml	ZONE_LEFT_ARM	TYPE_TATTOO	GENDER_MALE	0.470000	0.820000	0.090000	0.130000	0.000000	MP_Christmas3_Tat_000	MP_Christmas3_Tat_000
MP_Christmas3_Tat_000_F	mpChristmas3_overlays	update/x64/dlcpacks/mpchristmas3/dlc.rpf/common/data/effects/peds/mpchristmas3_overlays.xml	ZONE_LEFT_ARM	TYPE_TATTOO	GENDER_FEMALE	0.460000	0.820000	0.100000	0.130000	0.000000	MP_Christmas3_Tat_000	MP_Christmas3_Tat_000
MP_Christmas3_Tat_001_M	mpChristmas3_overlays	update/x64/dlcpacks/mpchristmas3/dlc.rpf/common/data/effects/peds/mpchristmas3_overlays.xml	ZONE_LEFT_ARM	TYPE_TATTOO	GENDER_MALE	0.425000	0.470000	0.150000	0.140000	-13.320000	MP_Christmas3_Tat_001	MP_Christmas3_Tat_001
MP_Christmas3_Tat_001_F	mpChristmas3_overlays	update/x64/dlcpacks/mpchristmas3/dlc.rpf/common/data/effects/peds/mpchristmas3_overlays.xml	ZONE_LEFT_ARM	TYPE_TATTOO	GENDER_FEMALE	0.380000	0.415000	0.150000	0.135000	-13.320000	MP_Christmas3_Tat_001	MP_Christmas3_Tat_001
MP_Christmas3_Tat_002_M	mpChristmas3_overlays	update/x64/dlcpacks/mpchristmas3/dlc.rpf/common/data/effects/peds/mpchristmas3_overlays.xml	ZONE_RIGHT_ARM	TYPE_TATTOO	GENDER_MALE	0.500000	0.770000	0.090000	0.100000	0.000000	MP_Christmas3_Tat_002	MP_Christmas3_Tat_002
MP_Christmas3_Tat_002_F	mpChristmas3_overlays	update/x64/dlcpacks/mpchristmas3/dlc.rpf/common/data/effects/peds/mpchristmas3_overlays.xml	ZONE_RIGHT_ARM	TYPE_TATTOO	GENDER_FEMALE	0.460000	0.800000	0.110000	0.110000	0.000000	MP_Christmas3_Tat_002	MP_Christmas3_Tat_002
MP_Christmas3_Tat_003_M	mpChristmas3_overlays	update/x64/dlcpacks/mpchristmas3/dlc.rpf/common/data/effects/peds/mpchristmas3_overlays.xml	ZONE_RIGHT_ARM	TYPE_TATTOO	GENDER_MALE	0.480000	0.450000	0.120000	0.140000	0.000000	MP_Christmas3_Tat_003	MP_Christmas3_Tat_003
MP_Christmas3_Tat_003_F	mpChristmas3_overlays	update/x64/dlcpacks/mpchristmas3/dlc.rpf/common/data/effects/peds/mpchristmas3_overlays.xml	ZONE_RIGHT_ARM	TYPE_TATTOO	GENDER_FEMALE	0.480000	0.410000	0.150000	0.140000	0.000000	MP_Christmas3_Tat_003	MP_Christmas3_Tat_003
MP_Christmas3_Tat_004_M	mpChristmas3_overlays	update/x64/dlcpacks/mpchristmas3/dlc.rpf/common/data/effects/peds/mpchristmas3_overlays.xml	ZONE_TORSO	TYPE_TATTOO	GENDER_MALE	0.825000	0.600000	0.105000	0.115000	0.000000	MP_Christmas3_Tat_004	MP_Christmas3_Tat_004
MP_Christmas3_Tat_004_F	mpChristmas3_overlays	update/x64/dlcpacks/mpchristmas3/dlc.rpf/common/data/effects/peds/mpchristmas3_overlays.xml	ZONE_TORSO	TYPE_TATTOO	GENDER_FEMALE	0.830000	0.650000	0.100000	0.110000	0.000000	MP_Christmas3_Tat_004	MP_Christmas3_Tat_004
MP_Christmas3_Tat_005_M	mpChristmas3_overlays	update/x64/dlcpacks/mpchristmas3/dlc.rpf/common/data/effects/peds/mpchristmas3_overlays.xml	ZONE_TORSO	TYPE_TATTOO	GENDER_MALE	0.645000	0.590000	0.110000	0.135000	0.000000	MP_Christmas3_Tat_005	MP_Christmas3_Tat_005
MP_Christmas3_Tat_005_F	mpChristmas3_overlays	update/x64/dlcpacks/mpchristmas3/dlc.rpf/common/data/effects/peds/mpchristmas3_overlays.xml	ZONE_TORSO	TYPE_TATTOO	GENDER_FEMALE	0.670000	0.640000	0.130000	0.110000	0.000000	MP_Christmas3_Tat_005	MP_Christmas3_Tat_005
MP_Christmas3_Tat_006_M	mpChristmas3_overlays	update/x64/dlcpacks/mpchristmas3/dlc.rpf/common/data/effects/peds/mpchristmas3_overlays.xml	ZONE_TORSO	TYPE_TATTOO	GENDER_MALE	0.730000	0.325000	0.170000	0.155000	0.000000	MP_Christmas3_Tat_006	MP_Christmas3_Tat_006
MP_Christmas3_Tat_006_F	mpChristmas3_overlays	update/x64/dlcpacks/mpchristmas3/dlc.rpf/common/data/effects/peds/mpchristmas3_overlays.xml	ZONE_TORSO	TYPE_TATTOO	GENDER_FEMALE	0.740000	0.370000	0.180000	0.120000	0.000000	MP_Christmas3_Tat_006	MP_Christmas3_Tat_006
MP_Christmas3_Tat_007_M	mpChristmas3_overlays	update/x64/dlcpacks/mpchristmas3/dlc.rpf/common/data/effects/peds/mpchristmas3_overlays.xml	ZONE_TORSO	TYPE_TATTOO	GENDER_MALE	0.235000	0.620000	0.170000	0.190000	0.000000	MP_Christmas3_Tat_007	MP_Christmas3_Tat_007
MP_Christmas3_Tat_007_F	mpChristmas3_overlays	update/x64/dlcpacks/mpchristmas3/dlc.rpf/common/data/effects/peds/mpchristmas3_overlays.xml	ZONE_TORSO	TYPE_TATTOO	GENDER_FEMALE	0.240000	0.690000	0.185000	0.160000	0.000000	MP_Christmas3_Tat_007	MP_Christmas3_Tat_007
MP_Christmas3_Tat_008_M	mpChristmas3_overlays	update/x64/dlcpacks/mpchristmas3/dlc.rpf/common/data/effects/peds/mpchristmas3_overlays.xml	ZONE_RIGHT_LEG	TYPE_TATTOO	GENDER_MALE	0.740000	0.370000	0.140000	0.130000	0.000000	MP_Christmas3_Tat_008	MP_Christmas3_Tat_008
MP_Christmas3_Tat_008_F	mpChristmas3_overlays	update/x64/dlcpacks/mpchristmas3/dlc.rpf/common/data/effects/peds/mpchristmas3_overlays.xml	ZONE_RIGHT_LEG	TYPE_TATTOO	GENDER_FEMALE	1.740000	0.380000	0.160000	0.130000	0.000000	MP_Christmas3_Tat_008	MP_Christmas3_Tat_008
MP_Christmas3_Tat_009_M	mpChristmas3_overlays	update/x64/dlcpacks/mpchristmas3/dlc.rpf/common/data/effects/peds/mpchristmas3_overlays.xml	ZONE_LEFT_LEG	TYPE_TATTOO	GENDER_MALE	0.220000	0.400000	0.110000	0.100000	0.000000	MP_Christmas3_Tat_009	MP_Christmas3_Tat_009
MP_Christmas3_Tat_009_F	mpChristmas3_overlays	update/x64/dlcpacks/mpchristmas3/dlc.rpf/common/data/effects/peds/mpchristmas3_overlays.xml	ZONE_LEFT_LEG	TYPE_TATTOO	GENDER_FEMALE	0.170000	0.400000	0.130000	0.100000	0.000000	MP_Christmas3_Tat_009	MP_Christmas3_Tat_009
MP_Christmas3_Tat_010_M	mpChristmas3_overlays	update/x64/dlcpacks/mpchristmas3/dlc.rpf/common/data/effects/peds/mpchristmas3_overlays.xml	ZONE_HEAD	TYPE_TATTOO	GENDER_MALE	0.780000	0.350000	0.090000	0.105000	-17.280000	MP_Christmas3_Tat_010	MP_Christmas3_Tat_010
MP_Christmas3_Tat_010_F	mpChristmas3_overlays	update/x64/dlcpacks/mpchristmas3/dlc.rpf/common/data/effects/peds/mpchristmas3_overlays.xml	ZONE_HEAD	TYPE_TATTOO	GENDER_FEMALE	0.800000	0.370000	0.110000	0.095000	-3.960000	MP_Christmas3_Tat_010	MP_Christmas3_Tat_010
MP_Christmas3_Tat_011_M	mpChristmas3_overlays	update/x64/dlcpacks/mpchristmas3/dlc.rpf/common/data/effects/peds/mpchristmas3_overlays.xml	ZONE_HEAD	TYPE_TATTOO	GENDER_MALE	0.240000	0.310000	0.210000	0.100000	-7.920000	MP_Christmas3_Tat_011	MP_Christmas3_Tat_011
MP_Christmas3_Tat_011_F	mpChristmas3_overlays	update/x64/dlcpacks/mpchristmas3/dlc.rpf/common/data/effects/peds/mpchristmas3_overlays.xml	ZONE_HEAD	TYPE_TATTOO	GENDER_FEMALE	0.240000	0.320000	0.230000	0.100000	-9.720000	MP_Christmas3_Tat_011	MP_Christmas3_Tat_011
MP_Christmas3_Tat_012_M	mpChristmas3_overlays	update/x64/dlcpacks/mpchristmas3/dlc.rpf/common/data/effects/peds/mpchristmas3_overlays.xml	ZONE_HEAD	TYPE_TATTOO	GENDER_MALE	0.725000	0.280000	0.180000	0.170000	-19.440000	MP_Christmas3_Tat_012	MP_Christmas3_Tat_012
MP_Christmas3_Tat_012_F	mpChristmas3_overlays	update/x64/dlcpacks/mpchristmas3/dlc.rpf/common/data/effects/peds/mpchristmas3_overlays.xml	ZONE_HEAD	TYPE_TATTOO	GENDER_FEMALE	0.740000	0.300000	0.140000	0.170000	-27.000000	MP_Christmas3_Tat_012	MP_Christmas3_Tat_012
MP_Christmas3_Tat_013_M	mpChristmas3_overlays	update/x64/dlcpacks/mpchristmas3/dlc.rpf/common/data/effects/peds/mpchristmas3_overlays.xml	ZONE_HEAD	TYPE_TATTOO	GENDER_MALE	0.240000	0.350000	0.180000	0.150000	-11.520000	MP_Christmas3_Tat_013	MP_Christmas3_Tat_013
MP_Christmas3_Tat_013_F	mpChristmas3_overlays	update/x64/dlcpacks/mpchristmas3/dlc.rpf/common/data/effects/peds/mpchristmas3_overlays.xml	ZONE_HEAD	TYPE_TATTOO	GENDER_FEMALE	0.240000	0.360000	0.210000	0.120000	-15.480000	MP_Christmas3_Tat_013	MP_Christmas3_Tat_013
MP_Christmas3_Tat_014_M	mpChristmas3_overlays	update/x64/dlcpacks/mpchristmas3/dlc.rpf/common/data/effects/peds/mpchristmas3_overlays.xml	ZONE_TORSO	TYPE_TATTOO	GENDER_MALE	0.240000	0.460000	0.230000	0.280000	0.000000	MP_Christmas3_Tat_014	MP_Christmas3_Tat_014
MP_Christmas3_Tat_014_F	mpChristmas3_overlays	update/x64/dlcpacks/mpchristmas3/dlc.rpf/common/data/effects/peds/mpchristmas3_overlays.xml	ZONE_TORSO	TYPE_TATTOO	GENDER_FEMALE	0.240000	0.560000	0.270000	0.220000	0.000000	MP_Christmas3_Tat_014	MP_Christmas3_Tat_014
MP_Christmas3_Tat_015_M	mpChristmas3_overlays	update/x64/dlcpacks/mpchristmas3/dlc.rpf/common/data/effects/peds/mpchristmas3_overlays.xml	ZONE_TORSO	TYPE_TATTOO	GENDER_MALE	0.730000	0.600000	0.170000	0.170000	0.000000	MP_Christmas3_Tat_015	MP_Christmas3_Tat_015
MP_Christmas3_Tat_015_F	mpChristmas3_overlays	update/x64/dlcpacks/mpchristmas3/dlc.rpf/common/data/effects/peds/mpchristmas3_overlays.xml	ZONE_TORSO	TYPE_TATTOO	GENDER_FEMALE	1.745000	0.660000	0.170000	0.130000	0.000000	MP_Christmas3_Tat_015	MP_Christmas3_Tat_015
MP_Christmas3_Tat_016_M	mpChristmas3_overlays	update/x64/dlcpacks/mpchristmas3/dlc.rpf/common/data/effects/peds/mpchristmas3_overlays.xml	ZONE_TORSO	TYPE_TATTOO	GENDER_MALE	0.725000	0.320000	0.170000	0.170000	-1.800000	MP_Christmas3_Tat_016	MP_Christmas3_Tat_016
MP_Christmas3_Tat_016_F	mpChristmas3_overlays	update/x64/dlcpacks/mpchristmas3/dlc.rpf/common/data/effects/peds/mpchristmas3_overlays.xml	ZONE_TORSO	TYPE_TATTOO	GENDER_FEMALE	0.740000	0.390000	0.170000	0.120000	0.000000	MP_Christmas3_Tat_016	MP_Christmas3_Tat_016
MP_Christmas3_Tat_017_M	mpChristmas3_overlays	update/x64/dlcpacks/mpchristmas3/dlc.rpf/common/data/effects/peds/mpchristmas3_overlays.xml	ZONE_TORSO	TYPE_TATTOO	GENDER_MALE	0.725000	0.550000	0.170000	0.180000	-0.700000	MP_Christmas3_Tat_017	MP_Christmas3_Tat_017
MP_Christmas3_Tat_017_F	mpChristmas3_overlays	update/x64/dlcpacks/mpchristmas3/dlc.rpf/common/data/effects/peds/mpchristmas3_overlays.xml	ZONE_TORSO	TYPE_TATTOO	GENDER_FEMALE	0.735000	0.630000	0.160000	0.130000	-2.960000	MP_Christmas3_Tat_017	MP_Christmas3_Tat_017
MP_Christmas3_Tat_018_M	mpChristmas3_overlays	update/x64/dlcpacks/mpchristmas3/dlc.rpf/common/data/effects/peds/mpchristmas3_overlays.xml	ZONE_TORSO	TYPE_TATTOO	GENDER_MALE	0.725000	0.620000	0.170000	0.190000	-1.800000	MP_Christmas3_Tat_018	MP_Christmas3_Tat_018
MP_Christmas3_Tat_018_F	mpChristmas3_overlays	update/x64/dlcpacks/mpchristmas3/dlc.rpf/common/data/effects/peds/mpchristmas3_overlays.xml	ZONE_TORSO	TYPE_TATTOO	GENDER_FEMALE	0.750000	0.670000	0.180000	0.140000	-1.800000	MP_Christmas3_Tat_018	MP_Christmas3_Tat_018
MP_Christmas3_Tat_019_M	mpChristmas3_overlays	update/x64/dlcpacks/mpchristmas3/dlc.rpf/common/data/effects/peds/mpchristmas3_overlays.xml	ZONE_TORSO	TYPE_TATTOO	GENDER_MALE	0.725000	0.600000	0.150000	0.160000	0.000000	MP_Christmas3_Tat_019	MP_Christmas3_Tat_019
MP_Christmas3_Tat_019_F	mpChristmas3_overlays	update/x64/dlcpacks/mpchristmas3/dlc.rpf/common/data/effects/peds/mpchristmas3_overlays.xml	ZONE_TORSO	TYPE_TATTOO	GENDER_FEMALE	0.740000	0.650000	0.150000	0.110000	0.000000	MP_Christmas3_Tat_019	MP_Christmas3_Tat_019
MP_Christmas3_Tat_020_M	mpChristmas3_overlays	update/x64/dlcpacks/mpchristmas3/dlc.rpf/common/data/effects/peds/mpchristmas3_overlays.xml	ZONE_TORSO	TYPE_TATTOO	GENDER_MALE	0.725000	0.390000	0.170000	0.140000	0.000000	MP_Christmas3_Tat_020	MP_Christmas3_Tat_020
MP_Christmas3_Tat_020_F	mpChristmas3_overlays	update/x64/dlcpacks/mpchristmas3/dlc.rpf/common/data/effects/peds/mpchristmas3_overlays.xml	ZONE_TORSO	TYPE_TATTOO	GENDER_FEMALE	0.740000	0.430000	0.170000	0.110000	0.000000	MP_Christmas3_Tat_020	MP_Christmas3_Tat_020
MP_Christmas3_Tat_021_M	mpChristmas3_overlays	update/x64/dlcpacks/mpchristmas3/dlc.rpf/common/data/effects/peds/mpchristmas3_overlays.xml	ZONE_TORSO	TYPE_TATTOO	GENDER_MALE	0.735000	0.350000	0.160000	0.145000	0.000000	MP_Christmas3_Tat_021	MP_Christmas3_Tat_021
MP_Christmas3_Tat_021_F	mpChristmas3_overlays	update/x64/dlcpacks/mpchristmas3/dlc.rpf/common/data/effects/peds/mpchristmas3_overlays.xml	ZONE_TORSO	TYPE_TATTOO	GENDER_FEMALE	0.740000	0.390000	0.170000	0.100000	0.000000	MP_Christmas3_Tat_021	MP_Christmas3_Tat_021
MP_Christmas3_Tat_022_M	mpChristmas3_overlays	update/x64/dlcpacks/mpchristmas3/dlc.rpf/common/data/effects/peds/mpchristmas3_overlays.xml	ZONE_TORSO	TYPE_TATTOO	GENDER_MALE	0.225000	0.650000	0.170000	0.170000	0.000000	MP_Christmas3_Tat_022	MP_Christmas3_Tat_022
MP_Christmas3_Tat_022_F	mpChristmas3_overlays	update/x64/dlcpacks/mpchristmas3/dlc.rpf/common/data/effects/peds/mpchristmas3_overlays.xml	ZONE_TORSO	TYPE_TATTOO	GENDER_FEMALE	0.240000	0.700000	0.180000	0.140000	0.000000	MP_Christmas3_Tat_022	MP_Christmas3_Tat_022
MP_Christmas3_Tat_023_M	mpChristmas3_overlays	update/x64/dlcpacks/mpchristmas3/dlc.rpf/common/data/effects/peds/mpchristmas3_overlays.xml	ZONE_TORSO	TYPE_TATTOO	GENDER_MALE	0.225000	0.640000	0.180000	0.220000	0.000000	MP_Christmas3_Tat_023	MP_Christmas3_Tat_023
MP_Christmas3_Tat_023_F	mpChristmas3_overlays	update/x64/dlcpacks/mpchristmas3/dlc.rpf/common/data/effects/peds/mpchristmas3_overlays.xml	ZONE_TORSO	TYPE_TATTOO	GENDER_FEMALE	0.235000	0.700000	0.180000	0.170000	0.000000	MP_Christmas3_Tat_023	MP_Christmas3_Tat_023
MP_Christmas3_Tat_024_M	mpChristmas3_overlays	update/x64/dlcpacks/mpchristmas3/dlc.rpf/common/data/effects/peds/mpchristmas3_overlays.xml	ZONE_TORSO	TYPE_TATTOO	GENDER_MALE	0.240000	0.230000	0.180000	0.190000	0.000000	MP_Christmas3_Tat_024	MP_Christmas3_Tat_024
MP_Christmas3_Tat_024_F	mpChristmas3_overlays	update/x64/dlcpacks/mpchristmas3/dlc.rpf/common/data/effects/peds/mpchristmas3_overlays.xml	ZONE_TORSO	TYPE_TATTOO	GENDER_FEMALE	0.240000	0.340000	0.210000	0.140000	0.000000	MP_Christmas3_Tat_024	MP_Christmas3_Tat_024
MP_Christmas3_Tat_025_M	mpChristmas3_overlays	update/x64/dlcpacks/mpchristmas3/dlc.rpf/common/data/effects/peds/mpchristmas3_overlays.xml	ZONE_TORSO	TYPE_TATTOO	GENDER_MALE	0.225000	0.480000	0.220000	0.270000	0.000000	MP_Christmas3_Tat_025	MP_Christmas3_Tat_025
MP_Christmas3_Tat_025_F	mpChristmas3_overlays	update/x64/dlcpacks/mpchristmas3/dlc.rpf/common/data/effects/peds/mpchristmas3_overlays.xml	ZONE_TORSO	TYPE_TATTOO	GENDER_FEMALE	0.240000	0.570000	0.240000	0.210000	0.000000	MP_Christmas3_Tat_025	MP_Christmas3_Tat_025
MP_Christmas3_Tat_026_M	mpChristmas3_overlays	update/x64/dlcpacks/mpchristmas3/dlc.rpf/common/data/effects/peds/mpchristmas3_overlays.xml	ZONE_LEFT_ARM	TYPE_TATTOO	GENDER_MALE	0.460000	0.770000	0.100000	0.100000	-30.800000	MP_Christmas3_Tat_026	MP_Christmas3_Tat_026
MP_Christmas3_Tat_026_F	mpChristmas3_overlays	update/x64/dlcpacks/mpchristmas3/dlc.rpf/common/data/effects/peds/mpchristmas3_overlays.xml	ZONE_LEFT_ARM	TYPE_TATTOO	GENDER_FEMALE	0.440000	0.740000	0.100000	0.120000	-17.280000	MP_Christmas3_Tat_026	MP_Christmas3_Tat_026
MP_Christmas3_Tat_027_M	mpChristmas3_overlays	update/x64/dlcpacks/mpchristmas3/dlc.rpf/common/data/effects/peds/mpchristmas3_overlays.xml	ZONE_RIGHT_ARM	TYPE_TATTOO	GENDER_MALE	0.330000	0.780000	0.110000	0.180000	-36.720000	MP_Christmas3_Tat_027	MP_Christmas3_Tat_027
MP_Christmas3_Tat_027_F	mpChristmas3_overlays	update/x64/dlcpacks/mpchristmas3/dlc.rpf/common/data/effects/peds/mpchristmas3_overlays.xml	ZONE_RIGHT_ARM	TYPE_TATTOO	GENDER_FEMALE	0.440000	0.810000	0.170000	0.140000	-50.400000	MP_Christmas3_Tat_027	MP_Christmas3_Tat_027
MP_Christmas3_Tat_028_M	mpChristmas3_overlays	update/x64/dlcpacks/mpchristmas3/dlc.rpf/common/data/effects/peds/mpchristmas3_overlays.xml	ZONE_LEFT_ARM	TYPE_TATTOO	GENDER_MALE	0.725000	0.550000	0.070000	0.060000	0.000000	MP_Christmas3_Tat_028	MP_Christmas3_Tat_028
MP_Christmas3_Tat_028_F	mpChristmas3_overlays	update/x64/dlcpacks/mpchristmas3/dlc.rpf/common/data/effects/peds/mpchristmas3_overlays.xml	ZONE_LEFT_ARM	TYPE_TATTOO	GENDER_FEMALE	0.680000	0.500000	0.070000	0.060000	0.000000	MP_Christmas3_Tat_028	MP_Christmas3_Tat_028
MP_Christmas3_Tat_029_M	mpChristmas3_overlays	update/x64/dlcpacks/mpchristmas3/dlc.rpf/common/data/effects/peds/mpchristmas3_overlays.xml	ZONE_RIGHT_ARM	TYPE_TATTOO	GENDER_MALE	0.540000	0.460000	0.150000	0.200000	87.120000	MP_Christmas3_Tat_029	MP_Christmas3_Tat_029
MP_Christmas3_Tat_029_F	mpChristmas3_overlays	update/x64/dlcpacks/mpchristmas3/dlc.rpf/common/data/effects/peds/mpchristmas3_overlays.xml	ZONE_RIGHT_ARM	TYPE_TATTOO	GENDER_FEMALE	0.540000	0.420000	0.140000	0.260000	88.920000	MP_Christmas3_Tat_029	MP_Christmas3_Tat_029
MP_Christmas3_Tat_030_M	mpChristmas3_overlays	update/x64/dlcpacks/mpchristmas3/dlc.rpf/common/data/effects/peds/mpchristmas3_overlays.xml	ZONE_LEFT_ARM	TYPE_TATTOO	GENDER_MALE	0.525000	0.455000	0.180000	0.150000	0.000000	MP_Christmas3_Tat_030	MP_Christmas3_Tat_030
MP_Christmas3_Tat_030_F	mpChristmas3_overlays	update/x64/dlcpacks/mpchristmas3/dlc.rpf/common/data/effects/peds/mpchristmas3_overlays.xml	ZONE_LEFT_ARM	TYPE_TATTOO	GENDER_FEMALE	0.540000	0.430000	0.200000	0.150000	0.000000	MP_Christmas3_Tat_030	MP_Christmas3_Tat_030
MP_Christmas3_Tat_031_M	mpChristmas3_overlays	update/x64/dlcpacks/mpchristmas3/dlc.rpf/common/data/effects/peds/mpchristmas3_overlays.xml	ZONE_RIGHT_ARM	TYPE_TATTOO	GENDER_MALE	0.225000	0.500000	0.110000	0.100000	0.000000	MP_Christmas3_Tat_031	MP_Christmas3_Tat_031
MP_Christmas3_Tat_031_F	mpChristmas3_overlays	update/x64/dlcpacks/mpchristmas3/dlc.rpf/common/data/effects/peds/mpchristmas3_overlays.xml	ZONE_RIGHT_ARM	TYPE_TATTOO	GENDER_FEMALE	0.240000	0.450000	0.130000	0.100000	0.000000	MP_Christmas3_Tat_031	MP_Christmas3_Tat_031
MP_Christmas3_Tat_032_M	mpChristmas3_overlays	update/x64/dlcpacks/mpchristmas3/dlc.rpf/common/data/effects/peds/mpchristmas3_overlays.xml	ZONE_RIGHT_ARM	TYPE_TATTOO	GENDER_MALE	0.480000	0.450000	0.150000	0.140000	88.920000	MP_Christmas3_Tat_032	MP_Christmas3_Tat_032
MP_Christmas3_Tat_032_F	mpChristmas3_overlays	update/x64/dlcpacks/mpchristmas3/dlc.rpf/common/data/effects/peds/mpchristmas3_overlays.xml	ZONE_RIGHT_ARM	TYPE_TATTOO	GENDER_FEMALE	0.520000	0.410000	0.150000	0.140000	87.120000	MP_Christmas3_Tat_032	MP_Christmas3_Tat_032
MP_Christmas3_Tat_033_M	mpChristmas3_overlays	update/x64/dlcpacks/mpchristmas3/dlc.rpf/common/data/effects/peds/mpchristmas3_overlays.xml	ZONE_LEFT_ARM	TYPE_TATTOO	GENDER_MALE	0.825000	0.470000	0.160000	0.140000	0.000000	MP_Christmas3_Tat_033	MP_Christmas3_Tat_033
MP_Christmas3_Tat_033_F	mpChristmas3_overlays	update/x64/dlcpacks/mpchristmas3/dlc.rpf/common/data/effects/peds/mpchristmas3_overlays.xml	ZONE_LEFT_ARM	TYPE_TATTOO	GENDER_FEMALE	0.750000	0.430000	0.140000	0.120000	0.000000	MP_Christmas3_Tat_033	MP_Christmas3_Tat_033
MP_Christmas3_Tat_034_M	mpChristmas3_overlays	update/x64/dlcpacks/mpchristmas3/dlc.rpf/common/data/effects/peds/mpchristmas3_overlays.xml	ZONE_LEFT_LEG	TYPE_TATTOO	GENDER_MALE	0.690000	0.700000	0.160000	0.170000	0.000000	MP_Christmas3_Tat_034	MP_Christmas3_Tat_034
MP_Christmas3_Tat_034_F	mpChristmas3_overlays	update/x64/dlcpacks/mpchristmas3/dlc.rpf/common/data/effects/peds/mpchristmas3_overlays.xml	ZONE_LEFT_LEG	TYPE_TATTOO	GENDER_FEMALE	0.640000	0.760000	0.160000	0.160000	0.000000	MP_Christmas3_Tat_034	MP_Christmas3_Tat_034
MP_Christmas3_Tat_035_M	mpChristmas3_overlays	update/x64/dlcpacks/mpchristmas3/dlc.rpf/common/data/effects/peds/mpchristmas3_overlays.xml	ZONE_RIGHT_LEG	TYPE_TATTOO	GENDER_MALE	0.260000	0.710000	0.150000	0.160000	0.000000	MP_Christmas3_Tat_035	MP_Christmas3_Tat_035
MP_Christmas3_Tat_035_F	mpChristmas3_overlays	update/x64/dlcpacks/mpchristmas3/dlc.rpf/common/data/effects/peds/mpchristmas3_overlays.xml	ZONE_RIGHT_LEG	TYPE_TATTOO	GENDER_FEMALE	0.270000	0.760000	0.140000	0.190000	0.000000	MP_Christmas3_Tat_035	MP_Christmas3_Tat_035
MP_Christmas3_Tat_036_M	mpChristmas3_overlays	update/x64/dlcpacks/mpchristmas3/dlc.rpf/common/data/effects/peds/mpchristmas3_overlays.xml	ZONE_RIGHT_LEG	TYPE_TATTOO	GENDER_MALE	0.240000	0.700000	0.150000	0.150000	0.000000	MP_Christmas3_Tat_036	MP_Christmas3_Tat_036
MP_Christmas3_Tat_036_F	mpChristmas3_overlays	update/x64/dlcpacks/mpchristmas3/dlc.rpf/common/data/effects/peds/mpchristmas3_overlays.xml	ZONE_RIGHT_LEG	TYPE_TATTOO	GENDER_FEMALE	0.240000	0.750000	0.160000	0.180000	0.000000	MP_Christmas3_Tat_036	MP_Christmas3_Tat_036
MP_Christmas3_Tat_037_M	mpChristmas3_overlays	update/x64/dlcpacks/mpchristmas3/dlc.rpf/common/data/effects/peds/mpchristmas3_overlays.xml	ZONE_LEFT_LEG	TYPE_TATTOO	GENDER_MALE	0.225000	0.390000	0.150000	0.120000	0.000000	MP_Christmas3_Tat_037	MP_Christmas3_Tat_037
MP_Christmas3_Tat_037_F	mpChristmas3_overlays	update/x64/dlcpacks/mpchristmas3/dlc.rpf/common/data/effects/peds/mpchristmas3_overlays.xml	ZONE_LEFT_LEG	TYPE_TATTOO	GENDER_FEMALE	0.200000	0.380000	0.170000	0.130000	0.000000	MP_Christmas3_Tat_037	MP_Christmas3_Tat_037
MP_Christmas3_Tat_038_M	mpChristmas3_overlays	update/x64/dlcpacks/mpchristmas3/dlc.rpf/common/data/effects/peds/mpchristmas3_overlays.xml	ZONE_LEFT_LEG	TYPE_TATTOO	GENDER_MALE	0.225000	0.400000	0.150000	0.130000	0.000000	MP_Christmas3_Tat_038	MP_Christmas3_Tat_038
MP_Christmas3_Tat_038_F	mpChristmas3_overlays	update/x64/dlcpacks/mpchristmas3/dlc.rpf/common/data/effects/peds/mpchristmas3_overlays.xml	ZONE_LEFT_LEG	TYPE_TATTOO	GENDER_FEMALE	1.180000	0.370000	0.170000	0.140000	0.000000	MP_Christmas3_Tat_038	MP_Christmas3_Tat_038
MP_Christmas3_Tat_039_M	mpChristmas3_overlays	update/x64/dlcpacks/mpchristmas3/dlc.rpf/common/data/effects/peds/mpchristmas3_overlays.xml	ZONE_RIGHT_LEG	TYPE_TATTOO	GENDER_MALE	0.770000	0.350000	0.170000	0.140000	0.000000	MP_Christmas3_Tat_039	MP_Christmas3_Tat_039
MP_Christmas3_Tat_039_F	mpChristmas3_overlays	update/x64/dlcpacks/mpchristmas3/dlc.rpf/common/data/effects/peds/mpchristmas3_overlays.xml	ZONE_RIGHT_LEG	TYPE_TATTOO	GENDER_FEMALE	0.790000	0.350000	0.170000	0.140000	0.000000	MP_Christmas3_Tat_039	MP_Christmas3_Tat_039
MP_Christmas3_Tat_040_M	mpChristmas3_overlays	update/x64/dlcpacks/mpchristmas3/dlc.rpf/common/data/effects/peds/mpchristmas3_overlays.xml	ZONE_TORSO	TYPE_TATTOO	GENDER_MALE	0.630000	0.620000	0.100000	0.100000	0.000000	MP_Christmas3_Tat_040	MP_Christmas3_Tat_040
MP_Christmas3_Tat_040_F	mpChristmas3_overlays	update/x64/dlcpacks/mpchristmas3/dlc.rpf/common/data/effects/peds/mpchristmas3_overlays.xml	ZONE_TORSO	TYPE_TATTOO	GENDER_FEMALE	0.650000	0.660000	0.100000	0.080000	0.000000	MP_Christmas3_Tat_040	MP_Christmas3_Tat_040
MP_Christmas3_Tat_041_M	mpChristmas3_overlays	update/x64/dlcpacks/mpchristmas3/dlc.rpf/common/data/effects/peds/mpchristmas3_overlays.xml	ZONE_TORSO	TYPE_TATTOO	GENDER_MALE	0.640000	0.610000	0.110000	0.100000	0.000000	MP_Christmas3_Tat_041	MP_Christmas3_Tat_041
MP_Christmas3_Tat_041_F	mpChristmas3_overlays	update/x64/dlcpacks/mpchristmas3/dlc.rpf/common/data/effects/peds/mpchristmas3_overlays.xml	ZONE_TORSO	TYPE_TATTOO	GENDER_FEMALE	0.660000	0.660000	0.110000	0.070000	0.000000	MP_Christmas3_Tat_041	MP_Christmas3_Tat_041
MP_Christmas3_Tat_042_M	mpChristmas3_overlays	update/x64/dlcpacks/mpchristmas3/dlc.rpf/common/data/effects/peds/mpchristmas3_overlays.xml	ZONE_TORSO	TYPE_TATTOO	GENDER_MALE	0.635000	0.620000	0.100000	0.110000	0.000000	MP_Christmas3_Tat_042	MP_Christmas3_Tat_042
MP_Christmas3_Tat_042_F	mpChristmas3_overlays	update/x64/dlcpacks/mpchristmas3/dlc.rpf/common/data/effects/peds/mpchristmas3_overlays.xml	ZONE_TORSO	TYPE_TATTOO	GENDER_FEMALE	0.660000	0.650000	0.100000	0.090000	0.000000	MP_Christmas3_Tat_042	MP_Christmas3_Tat_042
MP_Christmas3_Tat_043_M	mpChristmas3_overlays	update/x64/dlcpacks/mpchristmas3/dlc.rpf/common/data/effects/peds/mpchristmas3_overlays.xml	ZONE_TORSO	TYPE_TATTOO	GENDER_MALE	0.635000	0.620000	0.100000	0.110000	0.000000	MP_Christmas3_Tat_043	MP_Christmas3_Tat_043
MP_Christmas3_Tat_043_F	mpChristmas3_overlays	update/x64/dlcpacks/mpchristmas3/dlc.rpf/common/data/effects/peds/mpchristmas3_overlays.xml	ZONE_TORSO	TYPE_TATTOO	GENDER_FEMALE	0.660000	0.650000	0.110000	0.090000	0.000000	MP_Christmas3_Tat_043	MP_Christmas3_Tat_043
MP_Christmas3_Tat_044_M	mpChristmas3_overlays	update/x64/dlcpacks/mpchristmas3/dlc.rpf/common/data/effects/peds/mpchristmas3_overlays.xml	ZONE_TORSO	TYPE_TATTOO	GENDER_MALE	0.635000	0.610000	0.100000	0.100000	0.000000	MP_Christmas3_Tat_044	MP_Christmas3_Tat_044
MP_Christmas3_Tat_044_F	mpChristmas3_overlays	update/x64/dlcpacks/mpchristmas3/dlc.rpf/common/data/effects/peds/mpchristmas3_overlays.xml	ZONE_TORSO	TYPE_TATTOO	GENDER_FEMALE	0.660000	0.650000	0.110000	0.080000	0.000000	MP_Christmas3_Tat_044	MP_Christmas3_Tat_044
MP_Christmas3_Tat_045_M	mpChristmas3_overlays	update/x64/dlcpacks/mpchristmas3/dlc.rpf/common/data/effects/peds/mpchristmas3_overlays.xml	ZONE_TORSO	TYPE_TATTOO	GENDER_MALE	0.825000	0.600000	0.100000	0.100000	0.000000	MP_Christmas3_Tat_045	MP_Christmas3_Tat_045
MP_Christmas3_Tat_045_F	mpChristmas3_overlays	update/x64/dlcpacks/mpchristmas3/dlc.rpf/common/data/effects/peds/mpchristmas3_overlays.xml	ZONE_TORSO	TYPE_TATTOO	GENDER_FEMALE	0.840000	0.660000	0.090000	0.070000	0.000000	MP_Christmas3_Tat_045	MP_Christmas3_Tat_045
MP_Christmas3_Tat_046_M	mpChristmas3_overlays	update/x64/dlcpacks/mpchristmas3/dlc.rpf/common/data/effects/peds/mpchristmas3_overlays.xml	ZONE_TORSO	TYPE_TATTOO	GENDER_MALE	0.825000	0.610000	0.110000	0.100000	0.000000	MP_Christmas3_Tat_046	MP_Christmas3_Tat_046
MP_Christmas3_Tat_046_F	mpChristmas3_overlays	update/x64/dlcpacks/mpchristmas3/dlc.rpf/common/data/effects/peds/mpchristmas3_overlays.xml	ZONE_TORSO	TYPE_TATTOO	GENDER_FEMALE	0.840000	0.660000	0.110000	0.070000	0.000000	MP_Christmas3_Tat_046	MP_Christmas3_Tat_046
MP_Christmas3_Tat_047_M	mpChristmas3_overlays	update/x64/dlcpacks/mpchristmas3/dlc.rpf/common/data/effects/peds/mpchristmas3_overlays.xml	ZONE_TORSO	TYPE_TATTOO	GENDER_MALE	0.825000	0.610000	0.100000	0.110000	0.000000	MP_Christmas3_Tat_047	MP_Christmas3_Tat_047
MP_Christmas3_Tat_047_F	mpChristmas3_overlays	update/x64/dlcpacks/mpchristmas3/dlc.rpf/common/data/effects/peds/mpchristmas3_overlays.xml	ZONE_TORSO	TYPE_TATTOO	GENDER_FEMALE	0.840000	0.660000	0.095000	0.080000	0.000000	MP_Christmas3_Tat_047	MP_Christmas3_Tat_047
MP_Christmas3_Tat_048_M	mpChristmas3_overlays	update/x64/dlcpacks/mpchristmas3/dlc.rpf/common/data/effects/peds/mpchristmas3_overlays.xml	ZONE_TORSO	TYPE_TATTOO	GENDER_MALE	0.825000	0.605000	0.100000	0.110000	0.000000	MP_Christmas3_Tat_048	MP_Christmas3_Tat_048
MP_Christmas3_Tat_048_F	mpChristmas3_overlays	update/x64/dlcpacks/mpchristmas3/dlc.rpf/common/data/effects/peds/mpchristmas3_overlays.xml	ZONE_TORSO	TYPE_TATTOO	GENDER_FEMALE	0.840000	0.660000	0.095000	0.080000	0.000000	MP_Christmas3_Tat_048	MP_Christmas3_Tat_048
MP_Christmas3_Tat_049_M	mpChristmas3_overlays	update/x64/dlcpacks/mpchristmas3/dlc.rpf/common/data/effects/peds/mpchristmas3_overlays.xml	ZONE_TORSO	TYPE_TATTOO	GENDER_MALE	0.825000	0.605000	0.100000	0.100000	0.000000	MP_Christmas3_Tat_049	MP_Christmas3_Tat_049
MP_Christmas3_Tat_049_F	mpChristmas3_overlays	update/x64/dlcpacks/mpchristmas3/dlc.rpf/common/data/effects/peds/mpchristmas3_overlays.xml	ZONE_TORSO	TYPE_TATTOO	GENDER_FEMALE	0.840000	0.660000	0.095000	0.080000	0.000000	MP_Christmas3_Tat_049	MP_Christmas3_Tat_049
MP_Christmas3_Tat_050_M	mpChristmas3_overlays	update/x64/dlcpacks/mpchristmas3/dlc.rpf/common/data/effects/peds/mpchristmas3_overlays.xml	ZONE_TORSO	TYPE_TATTOO	GENDER_MALE	0.740000	0.610000	0.170000	0.170000	0.000000	MP_Christmas3_Tat_050	MP_Christmas3_Tat_050
MP_Christmas3_Tat_050_F	mpChristmas3_overlays	update/x64/dlcpacks/mpchristmas3/dlc.rpf/common/data/effects/peds/mpchristmas3_overlays.xml	ZONE_TORSO	TYPE_TATTOO	GENDER_FEMALE	0.760000	0.650000	0.170000	0.130000	0.000000	MP_Christmas3_Tat_050	MP_Christmas3_Tat_050
MP_Christmas3_Tat_051_M	mpChristmas3_overlays	update/x64/dlcpacks/mpchristmas3/dlc.rpf/common/data/effects/peds/mpchristmas3_overlays.xml	ZONE_TORSO	TYPE_TATTOO	GENDER_MALE	0.730000	0.610000	0.170000	0.170000	0.000000	MP_Christmas3_Tat_051	MP_Christmas3_Tat_051
MP_Christmas3_Tat_051_F	mpChristmas3_overlays	update/x64/dlcpacks/mpchristmas3/dlc.rpf/common/data/effects/peds/mpchristmas3_overlays.xml	ZONE_TORSO	TYPE_TATTOO	GENDER_FEMALE	0.740000	0.650000	0.170000	0.120000	0.000000	MP_Christmas3_Tat_051	MP_Christmas3_Tat_051
MP_Christmas3_Tee_000_M	mpChristmas3_overlays	update/x64/dlcpacks/mpchristmas3/dlc.rpf/common/data/effects/peds/mpchristmas3_overlays.xml	ZONE_TORSO	TYPE_BADGE	GENDER_MALE	0.737000	0.665000	0.140000	0.140000	0.000000	MP_Christmas3_Tee_000	MP_Christmas3_Tee_000
MP_Christmas3_Tee_000_F	mpChristmas3_overlays	update/x64/dlcpacks/mpchristmas3/dlc.rpf/common/data/effects/peds/mpchristmas3_overlays.xml	ZONE_TORSO	TYPE_BADGE	GENDER_FEMALE	0.725000	0.680000	0.100000	0.100000	0.000000	MP_Christmas3_Tee_000	MP_Christmas3_Tee_000
MP_Christmas3_Tee_001_M	mpChristmas3_overlays	update/x64/dlcpacks/mpchristmas3/dlc.rpf/common/data/effects/peds/mpchristmas3_overlays.xml	ZONE_TORSO	TYPE_BADGE	GENDER_MALE	-0.770000	0.730000	0.140000	0.130000	0.000000	MP_Christmas3_Tee_001	MP_Christmas3_Tee_001
MP_Christmas3_Tee_001_F	mpChristmas3_overlays	update/x64/dlcpacks/mpchristmas3/dlc.rpf/common/data/effects/peds/mpchristmas3_overlays.xml	ZONE_TORSO	TYPE_BADGE	GENDER_FEMALE	-0.780000	0.750000	0.130000	0.130000	0.000000	MP_Christmas3_Tee_001	MP_Christmas3_Tee_001
MP_Securoserv_000_M	mpExecutive_overlays	update/x64/dlcpacks/mpexecutive/dlc.rpf/common/data/effects/peds/mpexecutive_overlays.xml	ZONE_TORSO	TYPE_BADGE	GENDER_MALE	0.737000	0.640000	0.140000	0.140000	0.000000	MP_Securoserv_000	MP_Securoserv_000
MP_Securoserv_000_F	mpExecutive_overlays	update/x64/dlcpacks/mpexecutive/dlc.rpf/common/data/effects/peds/mpexecutive_overlays.xml	ZONE_TORSO	TYPE_BADGE	GENDER_FEMALE	0.727000	0.640000	0.140000	0.140000	0.000000	MP_Securoserv_000	MP_Securoserv_000
MP_exec_teams_000_M	mpExecutive_overlays	update/x64/dlcpacks/mpexecutive/dlc.rpf/common/data/effects/peds/mpexecutive_overlays.xml	ZONE_TORSO	TYPE_BADGE	GENDER_MALE	0.845000	0.750000	0.080000	0.080000	0.000000	MP_exec_teams_000	MP_exec_teams_000
MP_exec_teams_000_F	mpExecutive_overlays	update/x64/dlcpacks/mpexecutive/dlc.rpf/common/data/effects/peds/mpexecutive_overlays.xml	ZONE_TORSO	TYPE_BADGE	GENDER_FEMALE	0.836000	0.750000	0.080000	0.080000	0.000000	MP_exec_teams_000	MP_exec_teams_000
MP_exec_teams_001_M	mpExecutive_overlays	update/x64/dlcpacks/mpexecutive/dlc.rpf/common/data/effects/peds/mpexecutive_overlays.xml	ZONE_TORSO	TYPE_BADGE	GENDER_MALE	0.845000	0.750000	0.075000	0.075000	0.000000	MP_exec_teams_001	MP_exec_teams_001
MP_exec_teams_001_F	mpExecutive_overlays	update/x64/dlcpacks/mpexecutive/dlc.rpf/common/data/effects/peds/mpexecutive_overlays.xml	ZONE_TORSO	TYPE_BADGE	GENDER_FEMALE	0.836000	0.750000	0.075000	0.075000	0.000000	MP_exec_teams_001	MP_exec_teams_001
MP_exec_teams_002_M	mpExecutive_overlays	update/x64/dlcpacks/mpexecutive/dlc.rpf/common/data/effects/peds/mpexecutive_overlays.xml	ZONE_TORSO	TYPE_BADGE	GENDER_MALE	0.845000	0.750000	0.075000	0.075000	0.000000	MP_exec_teams_002	MP_exec_teams_002
MP_exec_teams_002_F	mpExecutive_overlays	update/x64/dlcpacks/mpexecutive/dlc.rpf/common/data/effects/peds/mpexecutive_overlays.xml	ZONE_TORSO	TYPE_BADGE	GENDER_FEMALE	0.836000	0.750000	0.075000	0.075000	0.000000	MP_exec_teams_002	MP_exec_teams_002
MP_exec_teams_003_M	mpExecutive_overlays	update/x64/dlcpacks/mpexecutive/dlc.rpf/common/data/effects/peds/mpexecutive_overlays.xml	ZONE_TORSO	TYPE_BADGE	GENDER_MALE	0.845000	0.750000	0.075000	0.075000	0.000000	MP_exec_teams_003	MP_exec_teams_003
MP_exec_teams_003_F	mpExecutive_overlays	update/x64/dlcpacks/mpexecutive/dlc.rpf/common/data/effects/peds/mpexecutive_overlays.xml	ZONE_TORSO	TYPE_BADGE	GENDER_FEMALE	0.836000	0.750000	0.075000	0.075000	0.000000	MP_exec_teams_003	MP_exec_teams_003
MP_exec_prizes_000_M	mpExecutive_overlays	update/x64/dlcpacks/mpexecutive/dlc.rpf/common/data/effects/peds/mpexecutive_overlays.xml	ZONE_TORSO	TYPE_BADGE	GENDER_MALE	0.745000	0.670000	0.150000	0.150000	0.000000	MP_exec_prizes_000	MP_exec_prizes_000
MP_exec_prizes_000_F	mpExecutive_overlays	update/x64/dlcpacks/mpexecutive/dlc.rpf/common/data/effects/peds/mpexecutive_overlays.xml	ZONE_TORSO	TYPE_BADGE	GENDER_FEMALE	0.730000	0.660000	0.140000	0.140000	0.000000	MP_exec_prizes_000	MP_exec_prizes_000
MP_exec_prizes_001_M	mpExecutive_overlays	update/x64/dlcpacks/mpexecutive/dlc.rpf/common/data/effects/peds/mpexecutive_overlays.xml	ZONE_TORSO	TYPE_BADGE	GENDER_MALE	0.745000	0.630000	0.130000	0.130000	0.000000	MP_exec_prizes_001	MP_exec_prizes_001
MP_exec_prizes_001_F	mpExecutive_overlays	update/x64/dlcpacks/mpexecutive/dlc.rpf/common/data/effects/peds/mpexecutive_overlays.xml	ZONE_TORSO	TYPE_BADGE	GENDER_FEMALE	0.730000	0.660000	0.140000	0.140000	0.000000	MP_exec_prizes_001	MP_exec_prizes_001
MP_exec_prizes_002_M	mpExecutive_overlays	update/x64/dlcpacks/mpexecutive/dlc.rpf/common/data/effects/peds/mpexecutive_overlays.xml	ZONE_TORSO	TYPE_BADGE	GENDER_MALE	0.745000	0.670000	0.150000	0.150000	0.000000	MP_exec_prizes_002	MP_exec_prizes_002
MP_exec_prizes_002_F	mpExecutive_overlays	update/x64/dlcpacks/mpexecutive/dlc.rpf/common/data/effects/peds/mpexecutive_overlays.xml	ZONE_TORSO	TYPE_BADGE	GENDER_FEMALE	0.730000	0.680000	0.140000	0.140000	0.000000	MP_exec_prizes_002	MP_exec_prizes_002
MP_exec_prizes_003_M	mpExecutive_overlays	update/x64/dlcpacks/mpexecutive/dlc.rpf/common/data/effects/peds/mpexecutive_overlays.xml	ZONE_TORSO	TYPE_BADGE	GENDER_MALE	0.830000	0.660000	0.075000	0.075000	0.000000	MP_exec_prizes_003	MP_exec_prizes_003
MP_exec_prizes_003_F	mpExecutive_overlays	update/x64/dlcpacks/mpexecutive/dlc.rpf/common/data/effects/peds/mpexecutive_overlays.xml	ZONE_TORSO	TYPE_BADGE	GENDER_FEMALE	0.800000	0.670000	0.075000	0.075000	0.000000	MP_exec_prizes_003	MP_exec_prizes_003
MP_exec_prizes_004_M	mpExecutive_overlays	update/x64/dlcpacks/mpexecutive/dlc.rpf/common/data/effects/peds/mpexecutive_overlays.xml	ZONE_TORSO	TYPE_BADGE	GENDER_MALE	0.730000	0.660000	0.100000	0.100000	0.000000	MP_exec_prizes_004	MP_exec_prizes_004
MP_exec_prizes_004_F	mpExecutive_overlays	update/x64/dlcpacks/mpexecutive/dlc.rpf/common/data/effects/peds/mpexecutive_overlays.xml	ZONE_TORSO	TYPE_BADGE	GENDER_FEMALE	0.730000	0.670000	0.100000	0.100000	0.000000	MP_exec_prizes_004	MP_exec_prizes_004
MP_exec_prizes_005_M	mpExecutive_overlays	update/x64/dlcpacks/mpexecutive/dlc.rpf/common/data/effects/peds/mpexecutive_overlays.xml	ZONE_TORSO	TYPE_BADGE	GENDER_MALE	0.740000	0.670000	0.150000	0.150000	0.000000	MP_exec_prizes_005	MP_exec_prizes_005
MP_exec_prizes_005_F	mpExecutive_overlays	update/x64/dlcpacks/mpexecutive/dlc.rpf/common/data/effects/peds/mpexecutive_overlays.xml	ZONE_TORSO	TYPE_BADGE	GENDER_FEMALE	0.735000	0.670000	0.150000	0.150000	0.000000	MP_exec_prizes_005	MP_exec_prizes_005
MP_exec_prizes_006_M	mpExecutive_overlays	update/x64/dlcpacks/mpexecutive/dlc.rpf/common/data/effects/peds/mpexecutive_overlays.xml	ZONE_TORSO	TYPE_BADGE	GENDER_MALE	0.740000	0.680000	0.150000	0.150000	0.000000	MP_exec_prizes_006	MP_exec_prizes_006
MP_exec_prizes_006_F	mpExecutive_overlays	update/x64/dlcpacks/mpexecutive/dlc.rpf/common/data/effects/peds/mpexecutive_overlays.xml	ZONE_TORSO	TYPE_BADGE	GENDER_FEMALE	0.730000	0.680000	0.150000	0.150000	0.000000	MP_exec_prizes_006	MP_exec_prizes_006
MP_exec_prizes_007_M	mpExecutive_overlays	update/x64/dlcpacks/mpexecutive/dlc.rpf/common/data/effects/peds/mpexecutive_overlays.xml	ZONE_TORSO	TYPE_BADGE	GENDER_MALE	0.820000	0.660000	0.075000	0.075000	0.000000	MP_exec_prizes_007	MP_exec_prizes_007
MP_exec_prizes_007_F	mpExecutive_overlays	update/x64/dlcpacks/mpexecutive/dlc.rpf/common/data/effects/peds/mpexecutive_overlays.xml	ZONE_TORSO	TYPE_BADGE	GENDER_FEMALE	0.800000	0.680000	0.070000	0.070000	0.000000	MP_exec_prizes_007	MP_exec_prizes_007
MP_exec_prizes_008_M	mpExecutive_overlays	update/x64/dlcpacks/mpexecutive/dlc.rpf/common/data/effects/peds/mpexecutive_overlays.xml	ZONE_TORSO	TYPE_BADGE	GENDER_MALE	0.740000	0.690000	0.150000	0.150000	0.000000	MP_exec_prizes_008	MP_exec_prizes_008
MP_exec_prizes_008_F	mpExecutive_overlays	update/x64/dlcpacks/mpexecutive/dlc.rpf/common/data/effects/peds/mpexecutive_overlays.xml	ZONE_TORSO	TYPE_BADGE	GENDER_FEMALE	0.740000	0.690000	0.150000	0.150000	0.000000	MP_exec_prizes_008	MP_exec_prizes_008
MP_exec_prizes_009_M	mpExecutive_overlays	update/x64/dlcpacks/mpexecutive/dlc.rpf/common/data/effects/peds/mpexecutive_overlays.xml	ZONE_TORSO	TYPE_BADGE	GENDER_MALE	0.740000	0.680000	0.150000	0.150000	0.000000	MP_exec_prizes_009	MP_exec_prizes_009
MP_exec_prizes_009_F	mpExecutive_overlays	update/x64/dlcpacks/mpexecutive/dlc.rpf/common/data/effects/peds/mpexecutive_overlays.xml	ZONE_TORSO	TYPE_BADGE	GENDER_FEMALE	0.730000	0.680000	0.150000	0.150000	0.000000	MP_exec_prizes_009	MP_exec_prizes_009
MP_exec_prizes_010_M	mpExecutive_overlays	update/x64/dlcpacks/mpexecutive/dlc.rpf/common/data/effects/peds/mpexecutive_overlays.xml	ZONE_TORSO	TYPE_BADGE	GENDER_MALE	0.740000	0.660000	0.110000	0.110000	0.000000	MP_exec_prizes_010	MP_exec_prizes_010
MP_exec_prizes_010_F	mpExecutive_overlays	update/x64/dlcpacks/mpexecutive/dlc.rpf/common/data/effects/peds/mpexecutive_overlays.xml	ZONE_TORSO	TYPE_BADGE	GENDER_FEMALE	0.730000	0.670000	0.100000	0.100000	0.000000	MP_exec_prizes_010	MP_exec_prizes_010
MP_exec_prizes_011_M	mpExecutive_overlays	update/x64/dlcpacks/mpexecutive/dlc.rpf/common/data/effects/peds/mpexecutive_overlays.xml	ZONE_TORSO	TYPE_BADGE	GENDER_MALE	0.820000	0.670000	0.065000	0.065000	0.000000	MP_exec_prizes_011	MP_exec_prizes_011
MP_exec_prizes_011_F	mpExecutive_overlays	update/x64/dlcpacks/mpexecutive/dlc.rpf/common/data/effects/peds/mpexecutive_overlays.xml	ZONE_TORSO	TYPE_BADGE	GENDER_FEMALE	0.810000	0.690000	0.065000	0.065000	0.000000	MP_exec_prizes_011	MP_exec_prizes_011
MP_exec_prizes_012_M	mpExecutive_overlays	update/x64/dlcpacks/mpexecutive/dlc.rpf/common/data/effects/peds/mpexecutive_overlays.xml	ZONE_TORSO	TYPE_BADGE	GENDER_MALE	0.735000	0.680000	0.150000	0.150000	0.000000	MP_exec_prizes_012	MP_exec_prizes_012
MP_exec_prizes_012_F	mpExecutive_overlays	update/x64/dlcpacks/mpexecutive/dlc.rpf/common/data/effects/peds/mpexecutive_overlays.xml	ZONE_TORSO	TYPE_BADGE	GENDER_FEMALE	0.730000	0.690000	0.150000	0.150000	0.000000	MP_exec_prizes_012	MP_exec_prizes_012
MP_exec_prizes_013_M	mpExecutive_overlays	update/x64/dlcpacks/mpexecutive/dlc.rpf/common/data/effects/peds/mpexecutive_overlays.xml	ZONE_TORSO	TYPE_BADGE	GENDER_MALE	0.730000	0.640000	0.110000	0.110000	0.000000	MP_exec_prizes_013	MP_exec_prizes_013
MP_exec_prizes_013_F	mpExecutive_overlays	update/x64/dlcpacks/mpexecutive/dlc.rpf/common/data/effects/peds/mpexecutive_overlays.xml	ZONE_TORSO	TYPE_BADGE	GENDER_FEMALE	0.730000	0.690000	0.110000	0.110000	0.000000	MP_exec_prizes_013	MP_exec_prizes_013
MP_exec_prizes_014_M	mpExecutive_overlays	update/x64/dlcpacks/mpexecutive/dlc.rpf/common/data/effects/peds/mpexecutive_overlays.xml	ZONE_TORSO	TYPE_BADGE	GENDER_MALE	0.730000	0.660000	0.140000	0.140000	0.000000	MP_exec_prizes_014	MP_exec_prizes_014
MP_exec_prizes_014_F	mpExecutive_overlays	update/x64/dlcpacks/mpexecutive/dlc.rpf/common/data/effects/peds/mpexecutive_overlays.xml	ZONE_TORSO	TYPE_BADGE	GENDER_FEMALE	0.730000	0.690000	0.140000	0.140000	0.000000	MP_exec_prizes_014	MP_exec_prizes_014
MP_exec_prizes_015_M	mpExecutive_overlays	update/x64/dlcpacks/mpexecutive/dlc.rpf/common/data/effects/peds/mpexecutive_overlays.xml	ZONE_TORSO	TYPE_BADGE	GENDER_MALE	0.730000	0.660000	0.140000	0.140000	0.000000	MP_exec_prizes_015	MP_exec_prizes_015
MP_exec_prizes_015_F	mpExecutive_overlays	update/x64/dlcpacks/mpexecutive/dlc.rpf/common/data/effects/peds/mpexecutive_overlays.xml	ZONE_TORSO	TYPE_BADGE	GENDER_FEMALE	0.730000	0.690000	0.140000	0.140000	0.000000	MP_exec_prizes_015	MP_exec_prizes_015
MP_Gunrunning_Award_000_M	mpGunrunning_overlays	update/x64/dlcpacks/mpgunrunning/dlc.rpf/common/data/effects/peds/mpgunrunning_overlays.xml	ZONE_TORSO	TYPE_BADGE	GENDER_MALE	0.737000	0.640000	0.140000	0.140000	0.000000	MP_Gunrunning_Award_000	MP_Gunrunning_Award_000
MP_Gunrunning_Award_001_M	mpGunrunning_overlays	update/x64/dlcpacks/mpgunrunning/dlc.rpf/common/data/effects/peds/mpgunrunning_overlays.xml	ZONE_TORSO	TYPE_BADGE	GENDER_MALE	0.737000	0.640000	0.140000	0.140000	0.000000	MP_Gunrunning_Award_001	MP_Gunrunning_Award_001
MP_Gunrunning_Award_002_M	mpGunrunning_overlays	update/x64/dlcpacks/mpgunrunning/dlc.rpf/common/data/effects/peds/mpgunrunning_overlays.xml	ZONE_TORSO	TYPE_BADGE	GENDER_MALE	0.737000	0.640000	0.140000	0.140000	0.000000	MP_Gunrunning_Award_002	MP_Gunrunning_Award_002
MP_Gunrunning_Award_003_M	mpGunrunning_overlays	update/x64/dlcpacks/mpgunrunning/dlc.rpf/common/data/effects/peds/mpgunrunning_overlays.xml	ZONE_TORSO	TYPE_BADGE	GENDER_MALE	0.737000	0.640000	0.140000	0.140000	0.000000	MP_Gunrunning_Award_003	MP_Gunrunning_Award_003
MP_Gunrunning_Award_004_M	mpGunrunning_overlays	update/x64/dlcpacks/mpgunrunning/dlc.rpf/common/data/effects/peds/mpgunrunning_overlays.xml	ZONE_TORSO	TYPE_BADGE	GENDER_MALE	0.737000	0.640000	0.140000	0.140000	0.000000	MP_Gunrunning_Award_004	MP_Gunrunning_Award_004
MP_Gunrunning_Award_005_M	mpGunrunning_overlays	update/x64/dlcpacks/mpgunrunning/dlc.rpf/common/data/effects/peds/mpgunrunning_overlays.xml	ZONE_TORSO	TYPE_BADGE	GENDER_MALE	0.737000	0.640000	0.140000	0.140000	0.000000	MP_Gunrunning_Award_005	MP_Gunrunning_Award_005
MP_Gunrunning_Award_006_M	mpGunrunning_overlays	update/x64/dlcpacks/mpgunrunning/dlc.rpf/common/data/effects/peds/mpgunrunning_overlays.xml	ZONE_TORSO	TYPE_BADGE	GENDER_MALE	0.737000	0.640000	0.140000	0.140000	0.000000	MP_Gunrunning_Award_006	MP_Gunrunning_Award_006
MP_Gunrunning_Award_007_M	mpGunrunning_overlays	update/x64/dlcpacks/mpgunrunning/dlc.rpf/common/data/effects/peds/mpgunrunning_overlays.xml	ZONE_TORSO	TYPE_BADGE	GENDER_MALE	0.737000	0.640000	0.140000	0.140000	0.000000	MP_Gunrunning_Award_007	MP_Gunrunning_Award_007
MP_Gunrunning_Award_008_M	mpGunrunning_overlays	update/x64/dlcpacks/mpgunrunning/dlc.rpf/common/data/effects/peds/mpgunrunning_overlays.xml	ZONE_TORSO	TYPE_BADGE	GENDER_MALE	0.737000	0.640000	0.140000	0.140000	0.000000	MP_Gunrunning_Award_008	MP_Gunrunning_Award_008
MP_Gunrunning_Award_009_M	mpGunrunning_overlays	update/x64/dlcpacks/mpgunrunning/dlc.rpf/common/data/effects/peds/mpgunrunning_overlays.xml	ZONE_TORSO	TYPE_BADGE	GENDER_MALE	0.737000	0.640000	0.140000	0.140000	0.000000	MP_Gunrunning_Award_009	MP_Gunrunning_Award_009
MP_Gunrunning_Award_010_M	mpGunrunning_overlays	update/x64/dlcpacks/mpgunrunning/dlc.rpf/common/data/effects/peds/mpgunrunning_overlays.xml	ZONE_TORSO	TYPE_BADGE	GENDER_MALE	0.737000	0.640000	0.140000	0.140000	0.000000	MP_Gunrunning_Award_010	MP_Gunrunning_Award_010
MP_Gunrunning_Award_011_M	mpGunrunning_overlays	update/x64/dlcpacks/mpgunrunning/dlc.rpf/common/data/effects/peds/mpgunrunning_overlays.xml	ZONE_TORSO	TYPE_BADGE	GENDER_MALE	0.737000	0.640000	0.140000	0.140000	0.000000	MP_Gunrunning_Award_011	MP_Gunrunning_Award_011
MP_Gunrunning_Award_012_M	mpGunrunning_overlays	update/x64/dlcpacks/mpgunrunning/dlc.rpf/common/data/effects/peds/mpgunrunning_overlays.xml	ZONE_TORSO	TYPE_BADGE	GENDER_MALE	0.737000	0.640000	0.140000	0.140000	0.000000	MP_Gunrunning_Award_012	MP_Gunrunning_Award_012
MP_Gunrunning_Award_013_M	mpGunrunning_overlays	update/x64/dlcpacks/mpgunrunning/dlc.rpf/common/data/effects/peds/mpgunrunning_overlays.xml	ZONE_TORSO	TYPE_BADGE	GENDER_MALE	0.737000	0.640000	0.140000	0.140000	0.000000	MP_Gunrunning_Award_013	MP_Gunrunning_Award_013
MP_Gunrunning_Award_014_M	mpGunrunning_overlays	update/x64/dlcpacks/mpgunrunning/dlc.rpf/common/data/effects/peds/mpgunrunning_overlays.xml	ZONE_TORSO	TYPE_BADGE	GENDER_MALE	0.737000	0.640000	0.140000	0.140000	0.000000	MP_Gunrunning_Award_014	MP_Gunrunning_Award_014
MP_Gunrunning_Award_015_M	mpGunrunning_overlays	update/x64/dlcpacks/mpgunrunning/dlc.rpf/common/data/effects/peds/mpgunrunning_overlays.xml	ZONE_TORSO	TYPE_BADGE	GENDER_MALE	0.737000	0.640000	0.140000	0.140000	0.000000	MP_Gunrunning_Award_015	MP_Gunrunning_Award_015
MP_Gunrunning_Award_016_M	mpGunrunning_overlays	update/x64/dlcpacks/mpgunrunning/dlc.rpf/common/data/effects/peds/mpgunrunning_overlays.xml	ZONE_TORSO	TYPE_BADGE	GENDER_MALE	0.737000	0.640000	0.140000	0.140000	0.000000	MP_Gunrunning_Award_016	MP_Gunrunning_Award_016
MP_Gunrunning_Award_017_M	mpGunrunning_overlays	update/x64/dlcpacks/mpgunrunning/dlc.rpf/common/data/effects/peds/mpgunrunning_overlays.xml	ZONE_TORSO	TYPE_BADGE	GENDER_MALE	0.737000	0.640000	0.140000	0.140000	0.000000	MP_Gunrunning_Award_017	MP_Gunrunning_Award_017
MP_Gunrunning_Award_018_M	mpGunrunning_overlays	update/x64/dlcpacks/mpgunrunning/dlc.rpf/common/data/effects/peds/mpgunrunning_overlays.xml	ZONE_TORSO	TYPE_BADGE	GENDER_MALE	0.737000	0.640000	0.140000	0.140000	0.000000	MP_Gunrunning_Award_018	MP_Gunrunning_Award_018
MP_Gunrunning_Award_000_F	mpGunrunning_overlays	update/x64/dlcpacks/mpgunrunning/dlc.rpf/common/data/effects/peds/mpgunrunning_overlays.xml	ZONE_TORSO	TYPE_BADGE	GENDER_FEMALE	0.727000	0.640000	0.140000	0.140000	0.000000	MP_Gunrunning_Award_000	MP_Gunrunning_Award_000
MP_Gunrunning_Award_001_F	mpGunrunning_overlays	update/x64/dlcpacks/mpgunrunning/dlc.rpf/common/data/effects/peds/mpgunrunning_overlays.xml	ZONE_TORSO	TYPE_BADGE	GENDER_FEMALE	0.727000	0.640000	0.140000	0.140000	0.000000	MP_Gunrunning_Award_001	MP_Gunrunning_Award_001
MP_Gunrunning_Award_002_F	mpGunrunning_overlays	update/x64/dlcpacks/mpgunrunning/dlc.rpf/common/data/effects/peds/mpgunrunning_overlays.xml	ZONE_TORSO	TYPE_BADGE	GENDER_FEMALE	0.727000	0.640000	0.140000	0.140000	0.000000	MP_Gunrunning_Award_002	MP_Gunrunning_Award_002
MP_Gunrunning_Award_003_F	mpGunrunning_overlays	update/x64/dlcpacks/mpgunrunning/dlc.rpf/common/data/effects/peds/mpgunrunning_overlays.xml	ZONE_TORSO	TYPE_BADGE	GENDER_FEMALE	0.727000	0.640000	0.140000	0.140000	0.000000	MP_Gunrunning_Award_003	MP_Gunrunning_Award_003
MP_Gunrunning_Award_004_F	mpGunrunning_overlays	update/x64/dlcpacks/mpgunrunning/dlc.rpf/common/data/effects/peds/mpgunrunning_overlays.xml	ZONE_TORSO	TYPE_BADGE	GENDER_FEMALE	0.727000	0.640000	0.140000	0.140000	0.000000	MP_Gunrunning_Award_004	MP_Gunrunning_Award_004
MP_Gunrunning_Award_005_F	mpGunrunning_overlays	update/x64/dlcpacks/mpgunrunning/dlc.rpf/common/data/effects/peds/mpgunrunning_overlays.xml	ZONE_TORSO	TYPE_BADGE	GENDER_FEMALE	0.727000	0.640000	0.140000	0.140000	0.000000	MP_Gunrunning_Award_005	MP_Gunrunning_Award_005
MP_Gunrunning_Award_006_F	mpGunrunning_overlays	update/x64/dlcpacks/mpgunrunning/dlc.rpf/common/data/effects/peds/mpgunrunning_overlays.xml	ZONE_TORSO	TYPE_BADGE	GENDER_FEMALE	0.727000	0.640000	0.140000	0.140000	0.000000	MP_Gunrunning_Award_006	MP_Gunrunning_Award_006
MP_Gunrunning_Award_007_F	mpGunrunning_overlays	update/x64/dlcpacks/mpgunrunning/dlc.rpf/common/data/effects/peds/mpgunrunning_overlays.xml	ZONE_TORSO	TYPE_BADGE	GENDER_FEMALE	0.727000	0.640000	0.140000	0.140000	0.000000	MP_Gunrunning_Award_007	MP_Gunrunning_Award_007
MP_Gunrunning_Award_008_F	mpGunrunning_overlays	update/x64/dlcpacks/mpgunrunning/dlc.rpf/common/data/effects/peds/mpgunrunning_overlays.xml	ZONE_TORSO	TYPE_BADGE	GENDER_FEMALE	0.727000	0.640000	0.140000	0.140000	0.000000	MP_Gunrunning_Award_008	MP_Gunrunning_Award_008
MP_Gunrunning_Award_009_F	mpGunrunning_overlays	update/x64/dlcpacks/mpgunrunning/dlc.rpf/common/data/effects/peds/mpgunrunning_overlays.xml	ZONE_TORSO	TYPE_BADGE	GENDER_FEMALE	0.727000	0.640000	0.140000	0.140000	0.000000	MP_Gunrunning_Award_009	MP_Gunrunning_Award_009
MP_Gunrunning_Award_010_F	mpGunrunning_overlays	update/x64/dlcpacks/mpgunrunning/dlc.rpf/common/data/effects/peds/mpgunrunning_overlays.xml	ZONE_TORSO	TYPE_BADGE	GENDER_FEMALE	0.727000	0.640000	0.140000	0.140000	0.000000	MP_Gunrunning_Award_010	MP_Gunrunning_Award_010
MP_Gunrunning_Award_011_F	mpGunrunning_overlays	update/x64/dlcpacks/mpgunrunning/dlc.rpf/common/data/effects/peds/mpgunrunning_overlays.xml	ZONE_TORSO	TYPE_BADGE	GENDER_FEMALE	0.727000	0.640000	0.140000	0.140000	0.000000	MP_Gunrunning_Award_011	MP_Gunrunning_Award_011
MP_Gunrunning_Award_012_F	mpGunrunning_overlays	update/x64/dlcpacks/mpgunrunning/dlc.rpf/common/data/effects/peds/mpgunrunning_overlays.xml	ZONE_TORSO	TYPE_BADGE	GENDER_FEMALE	0.727000	0.640000	0.140000	0.140000	0.000000	MP_Gunrunning_Award_012	MP_Gunrunning_Award_012
MP_Gunrunning_Award_013_F	mpGunrunning_overlays	update/x64/dlcpacks/mpgunrunning/dlc.rpf/common/data/effects/peds/mpgunrunning_overlays.xml	ZONE_TORSO	TYPE_BADGE	GENDER_FEMALE	0.727000	0.640000	0.140000	0.140000	0.000000	MP_Gunrunning_Award_013	MP_Gunrunning_Award_013
MP_Gunrunning_Award_014_F	mpGunrunning_overlays	update/x64/dlcpacks/mpgunrunning/dlc.rpf/common/data/effects/peds/mpgunrunning_overlays.xml	ZONE_TORSO	TYPE_BADGE	GENDER_FEMALE	0.727000	0.640000	0.140000	0.140000	0.000000	MP_Gunrunning_Award_014	MP_Gunrunning_Award_014
MP_Gunrunning_Award_015_F	mpGunrunning_overlays	update/x64/dlcpacks/mpgunrunning/dlc.rpf/common/data/effects/peds/mpgunrunning_overlays.xml	ZONE_TORSO	TYPE_BADGE	GENDER_FEMALE	0.727000	0.640000	0.140000	0.140000	0.000000	MP_Gunrunning_Award_015	MP_Gunrunning_Award_015
MP_Gunrunning_Award_016_F	mpGunrunning_overlays	update/x64/dlcpacks/mpgunrunning/dlc.rpf/common/data/effects/peds/mpgunrunning_overlays.xml	ZONE_TORSO	TYPE_BADGE	GENDER_FEMALE	0.727000	0.640000	0.140000	0.140000	0.000000	MP_Gunrunning_Award_016	MP_Gunrunning_Award_016
MP_Gunrunning_Award_017_F	mpGunrunning_overlays	update/x64/dlcpacks/mpgunrunning/dlc.rpf/common/data/effects/peds/mpgunrunning_overlays.xml	ZONE_TORSO	TYPE_BADGE	GENDER_FEMALE	0.727000	0.640000	0.140000	0.140000	0.000000	MP_Gunrunning_Award_017	MP_Gunrunning_Award_017
MP_Gunrunning_Award_018_F	mpGunrunning_overlays	update/x64/dlcpacks/mpgunrunning/dlc.rpf/common/data/effects/peds/mpgunrunning_overlays.xml	ZONE_TORSO	TYPE_BADGE	GENDER_FEMALE	0.727000	0.640000	0.140000	0.140000	0.000000	MP_Gunrunning_Award_018	MP_Gunrunning_Award_018
MP_Gunrunning_Award_019_M	mpGunrunning_overlays	update/x64/dlcpacks/mpgunrunning/dlc.rpf/common/data/effects/peds/mpgunrunning_overlays.xml	ZONE_TORSO	TYPE_BADGE	GENDER_MALE	0.768000	0.580000	0.160000	0.160000	0.000000	MP_Gunrunning_Award_019	MP_Gunrunning_Award_019
MP_Gunrunning_Award_019_F	mpGunrunning_overlays	update/x64/dlcpacks/mpgunrunning/dlc.rpf/common/data/effects/peds/mpgunrunning_overlays.xml	ZONE_TORSO	TYPE_BADGE	GENDER_FEMALE	0.750000	0.600000	0.175000	0.160000	0.000000	MP_Gunrunning_Award_019	MP_Gunrunning_Award_019
MP_Gunrunning_Award_020_M	mpGunrunning_overlays	update/x64/dlcpacks/mpgunrunning/dlc.rpf/common/data/effects/peds/mpgunrunning_overlays.xml	ZONE_TORSO	TYPE_BADGE	GENDER_MALE	0.735000	0.645000	0.110000	0.110000	0.000000	MP_Gunrunning_Award_020	MP_Gunrunning_Award_020
MP_Gunrunning_Award_020_F	mpGunrunning_overlays	update/x64/dlcpacks/mpgunrunning/dlc.rpf/common/data/effects/peds/mpgunrunning_overlays.xml	ZONE_TORSO	TYPE_BADGE	GENDER_FEMALE	0.735000	0.655000	0.115000	0.110000	0.000000	MP_Gunrunning_Award_020	MP_Gunrunning_Award_020
MP_Gunrunning_Award_021_M	mpGunrunning_overlays	update/x64/dlcpacks/mpgunrunning/dlc.rpf/common/data/effects/peds/mpgunrunning_overlays.xml	ZONE_TORSO	TYPE_BADGE	GENDER_MALE	0.737000	0.640000	0.135000	0.135000	-5.000000	MP_Gunrunning_Award_021	MP_Gunrunning_Award_021
MP_Gunrunning_Award_021_F	mpGunrunning_overlays	update/x64/dlcpacks/mpgunrunning/dlc.rpf/common/data/effects/peds/mpgunrunning_overlays.xml	ZONE_TORSO	TYPE_BADGE	GENDER_FEMALE	0.720000	0.655000	0.135000	0.135000	0.000000	MP_Gunrunning_Award_021	MP_Gunrunning_Award_021
MP_Gunrunning_Award_022_M	mpGunrunning_overlays	update/x64/dlcpacks/mpgunrunning/dlc.rpf/common/data/effects/peds/mpgunrunning_overlays.xml	ZONE_TORSO	TYPE_BADGE	GENDER_MALE	0.768000	0.580000	0.160000	0.160000	0.000000	MP_Gunrunning_Award_022	MP_Gunrunning_Award_022
MP_Gunrunning_Award_022_F	mpGunrunning_overlays	update/x64/dlcpacks/mpgunrunning/dlc.rpf/common/data/effects/peds/mpgunrunning_overlays.xml	ZONE_TORSO	TYPE_BADGE	GENDER_FEMALE	0.750000	0.600000	0.175000	0.160000	0.000000	MP_Gunrunning_Award_022	MP_Gunrunning_Award_022
MP_Gunrunning_Award_023_M	mpGunrunning_overlays	update/x64/dlcpacks/mpgunrunning/dlc.rpf/common/data/effects/peds/mpgunrunning_overlays.xml	ZONE_TORSO	TYPE_BADGE	GENDER_MALE	0.737000	0.640000	0.130000	0.130000	0.000000	MP_Gunrunning_Award_023	MP_Gunrunning_Award_023
MP_Gunrunning_Award_023_F	mpGunrunning_overlays	update/x64/dlcpacks/mpgunrunning/dlc.rpf/common/data/effects/peds/mpgunrunning_overlays.xml	ZONE_TORSO	TYPE_BADGE	GENDER_FEMALE	0.732000	0.640000	0.135000	0.135000	0.000000	MP_Gunrunning_Award_023	MP_Gunrunning_Award_023
MP_Gunrunning_Award_024_M	mpGunrunning_overlays	update/x64/dlcpacks/mpgunrunning/dlc.rpf/common/data/effects/peds/mpgunrunning_overlays.xml	ZONE_TORSO	TYPE_BADGE	GENDER_MALE	0.737000	0.640000	0.140000	0.140000	0.000000	MP_Gunrunning_Award_024	MP_Gunrunning_Award_024
MP_Gunrunning_Award_024_F	mpGunrunning_overlays	update/x64/dlcpacks/mpgunrunning/dlc.rpf/common/data/effects/peds/mpgunrunning_overlays.xml	ZONE_TORSO	TYPE_BADGE	GENDER_FEMALE	0.730000	0.665000	0.140000	0.140000	0.000000	MP_Gunrunning_Award_024	MP_Gunrunning_Award_024
MP_Gunrunning_Award_025_F	mpGunrunning_overlays	update/x64/dlcpacks/mpgunrunning/dlc.rpf/common/data/effects/peds/mpgunrunning_overlays.xml	ZONE_TORSO	TYPE_BADGE	GENDER_FEMALE	0.750000	0.600000	0.175000	0.160000	0.000000	MP_Gunrunning_Award_025	MP_Gunrunning_Award_025
MP_Gunrunning_Award_026_F	mpGunrunning_overlays	update/x64/dlcpacks/mpgunrunning/dlc.rpf/common/data/effects/peds/mpgunrunning_overlays.xml	ZONE_TORSO	TYPE_BADGE	GENDER_FEMALE	0.750000	0.600000	0.175000	0.160000	0.000000	MP_Gunrunning_Award_026	MP_Gunrunning_Award_026
MP_Gunrunning_Hair_M_000_M	mpGunrunning_overlays	update/x64/dlcpacks/mpgunrunning/dlc.rpf/common/data/effects/peds/mpgunrunning_overlays.xml	ZONE_HEAD	TYPE_TATTOO	GENDER_MALE	0.500000	0.500000	0.600000	0.500000	0.000000	MP_Gunrunning_Hair_M_000	MP_Gunrunning_Hair_M_000
MP_Gunrunning_Hair_M_001_M	mpGunrunning_overlays	update/x64/dlcpacks/mpgunrunning/dlc.rpf/common/data/effects/peds/mpgunrunning_overlays.xml	ZONE_HEAD	TYPE_TATTOO	GENDER_MALE	0.500000	0.500000	0.600000	0.500000	0.000000	MP_Gunrunning_Hair_M_001	MP_Gunrunning_Hair_M_001
MP_Gunrunning_Hair_F_000_F	mpGunrunning_overlays	update/x64/dlcpacks/mpgunrunning/dlc.rpf/common/data/effects/peds/mpgunrunning_overlays.xml	ZONE_HEAD	TYPE_TATTOO	GENDER_FEMALE	0.500000	0.500000	0.600000	0.500000	0.000000	MP_Gunrunning_Hair_F_000	MP_Gunrunning_Hair_F_000
MP_Gunrunning_Hair_F_001_F	mpGunrunning_overlays	update/x64/dlcpacks/mpgunrunning/dlc.rpf/common/data/effects/peds/mpgunrunning_overlays.xml	ZONE_HEAD	TYPE_TATTOO	GENDER_FEMALE	0.500000	0.500000	0.600000	0.500000	0.000000	MP_Gunrunning_Hair_F_001	MP_Gunrunning_Hair_F_001
MP_Gunrunning_Tattoo_000_M	mpGunrunning_overlays	update/x64/dlcpacks/mpgunrunning/dlc.rpf/common/data/effects/peds/mpgunrunning_overlays.xml	ZONE_TORSO	TYPE_TATTOO	GENDER_MALE	0.220000	0.640000	0.170000	0.190000	0.000000	MP_Gunrunning_Tattoo_000	MP_Gunrunning_Tattoo_000
MP_Gunrunning_Tattoo_000_F	mpGunrunning_overlays	update/x64/dlcpacks/mpgunrunning/dlc.rpf/common/data/effects/peds/mpgunrunning_overlays.xml	ZONE_TORSO	TYPE_TATTOO	GENDER_FEMALE	0.230000	0.690000	0.170000	0.170000	0.000000	MP_Gunrunning_Tattoo_000	MP_Gunrunning_Tattoo_000
MP_Gunrunning_Tattoo_001_M	mpGunrunning_overlays	update/x64/dlcpacks/mpgunrunning/dlc.rpf/common/data/effects/peds/mpgunrunning_overlays.xml	ZONE_TORSO	TYPE_TATTOO	GENDER_MALE	0.225000	0.245000	0.170000	0.130000	0.000000	MP_Gunrunning_Tattoo_001	MP_Gunrunning_Tattoo_001
MP_Gunrunning_Tattoo_001_F	mpGunrunning_overlays	update/x64/dlcpacks/mpgunrunning/dlc.rpf/common/data/effects/peds/mpgunrunning_overlays.xml	ZONE_TORSO	TYPE_TATTOO	GENDER_FEMALE	0.225000	0.370000	0.190000	0.120000	0.000000	MP_Gunrunning_Tattoo_001	MP_Gunrunning_Tattoo_001
MP_Gunrunning_Tattoo_002_M	mpGunrunning_overlays	update/x64/dlcpacks/mpgunrunning/dlc.rpf/common/data/effects/peds/mpgunrunning_overlays.xml	ZONE_RIGHT_ARM	TYPE_TATTOO	GENDER_MALE	0.540000	0.250000	0.050000	0.050000	0.000000	MP_Gunrunning_Tattoo_002	MP_Gunrunning_Tattoo_002
MP_Gunrunning_Tattoo_002_F	mpGunrunning_overlays	update/x64/dlcpacks/mpgunrunning/dlc.rpf/common/data/effects/peds/mpgunrunning_overlays.xml	ZONE_RIGHT_ARM	TYPE_TATTOO	GENDER_FEMALE	0.560000	0.205000	0.055000	0.050000	0.000000	MP_Gunrunning_Tattoo_002	MP_Gunrunning_Tattoo_002
MP_Gunrunning_Tattoo_003_M	mpGunrunning_overlays	update/x64/dlcpacks/mpgunrunning/dlc.rpf/common/data/effects/peds/mpgunrunning_overlays.xml	ZONE_HEAD	TYPE_TATTOO	GENDER_MALE	0.230000	0.310000	0.160000	0.180000	-20.520000	MP_Gunrunning_Tattoo_003	MP_Gunrunning_Tattoo_003
MP_Gunrunning_Tattoo_003_F	mpGunrunning_overlays	update/x64/dlcpacks/mpgunrunning/dlc.rpf/common/data/effects/peds/mpgunrunning_overlays.xml	ZONE_HEAD	TYPE_TATTOO	GENDER_FEMALE	0.220000	0.310000	0.180000	0.180000	0.000000	MP_Gunrunning_Tattoo_003	MP_Gunrunning_Tattoo_003
MP_Gunrunning_Tattoo_004_M	mpGunrunning_overlays	update/x64/dlcpacks/mpgunrunning/dlc.rpf/common/data/effects/peds/mpgunrunning_overlays.xml	ZONE_LEFT_ARM	TYPE_TATTOO	GENDER_MALE	0.490000	0.245000	-0.060000	0.050000	-28.440000	MP_Gunrunning_Tattoo_004	MP_Gunrunning_Tattoo_004
MP_Gunrunning_Tattoo_004_F	mpGunrunning_overlays	update/x64/dlcpacks/mpgunrunning/dlc.rpf/common/data/effects/peds/mpgunrunning_overlays.xml	ZONE_LEFT_ARM	TYPE_TATTOO	GENDER_FEMALE	0.450000	0.210000	-0.060000	0.040000	-35.640000	MP_Gunrunning_Tattoo_004	MP_Gunrunning_Tattoo_004
MP_Gunrunning_Tattoo_005_M	mpGunrunning_overlays	update/x64/dlcpacks/mpgunrunning/dlc.rpf/common/data/effects/peds/mpgunrunning_overlays.xml	ZONE_LEFT_LEG	TYPE_TATTOO	GENDER_MALE	0.220000	0.360000	0.090000	0.100000	0.000000	MP_Gunrunning_Tattoo_005	MP_Gunrunning_Tattoo_005
MP_Gunrunning_Tattoo_005_F	mpGunrunning_overlays	update/x64/dlcpacks/mpgunrunning/dlc.rpf/common/data/effects/peds/mpgunrunning_overlays.xml	ZONE_LEFT_LEG	TYPE_TATTOO	GENDER_FEMALE	0.215000	0.360000	0.090000	0.095000	0.000000	MP_Gunrunning_Tattoo_005	MP_Gunrunning_Tattoo_005
MP_Gunrunning_Tattoo_006_M	mpGunrunning_overlays	update/x64/dlcpacks/mpgunrunning/dlc.rpf/common/data/effects/peds/mpgunrunning_overlays.xml	ZONE_RIGHT_LEG	TYPE_TATTOO	GENDER_MALE	0.760000	0.360000	0.090000	0.110000	0.000000	MP_Gunrunning_Tattoo_006	MP_Gunrunning_Tattoo_006
MP_Gunrunning_Tattoo_006_F	mpGunrunning_overlays	update/x64/dlcpacks/mpgunrunning/dlc.rpf/common/data/effects/peds/mpgunrunning_overlays.xml	ZONE_RIGHT_LEG	TYPE_TATTOO	GENDER_FEMALE	0.760000	0.360000	0.090000	0.110000	0.000000	MP_Gunrunning_Tattoo_006	MP_Gunrunning_Tattoo_006
MP_Gunrunning_Tattoo_007_M	mpGunrunning_overlays	update/x64/dlcpacks/mpgunrunning/dlc.rpf/common/data/effects/peds/mpgunrunning_overlays.xml	ZONE_LEFT_LEG	TYPE_TATTOO	GENDER_MALE	0.735000	0.670000	0.060000	0.060000	0.000000	MP_Gunrunning_Tattoo_007	MP_Gunrunning_Tattoo_007
MP_Gunrunning_Tattoo_007_F	mpGunrunning_overlays	update/x64/dlcpacks/mpgunrunning/dlc.rpf/common/data/effects/peds/mpgunrunning_overlays.xml	ZONE_LEFT_LEG	TYPE_TATTOO	GENDER_FEMALE	0.700000	0.670000	0.060000	0.070000	0.000000	MP_Gunrunning_Tattoo_007	MP_Gunrunning_Tattoo_007
MP_Gunrunning_Tattoo_008_M	mpGunrunning_overlays	update/x64/dlcpacks/mpgunrunning/dlc.rpf/common/data/effects/peds/mpgunrunning_overlays.xml	ZONE_LEFT_ARM	TYPE_TATTOO	GENDER_MALE	0.720000	0.780000	0.150000	0.150000	0.000000	MP_Gunrunning_Tattoo_008	MP_Gunrunning_Tattoo_008
MP_Gunrunning_Tattoo_008_F	mpGunrunning_overlays	update/x64/dlcpacks/mpgunrunning/dlc.rpf/common/data/effects/peds/mpgunrunning_overlays.xml	ZONE_LEFT_ARM	TYPE_TATTOO	GENDER_FEMALE	0.720000	0.770000	0.150000	0.180000	0.000000	MP_Gunrunning_Tattoo_008	MP_Gunrunning_Tattoo_008
MP_Gunrunning_Tattoo_009_M	mpGunrunning_overlays	update/x64/dlcpacks/mpgunrunning/dlc.rpf/common/data/effects/peds/mpgunrunning_overlays.xml	ZONE_TORSO	TYPE_TATTOO	GENDER_MALE	0.220000	0.650000	0.170000	0.170000	0.000000	MP_Gunrunning_Tattoo_009	MP_Gunrunning_Tattoo_009
MP_Gunrunning_Tattoo_009_F	mpGunrunning_overlays	update/x64/dlcpacks/mpgunrunning/dlc.rpf/common/data/effects/peds/mpgunrunning_overlays.xml	ZONE_TORSO	TYPE_TATTOO	GENDER_FEMALE	0.230000	0.650000	0.170000	0.170000	0.000000	MP_Gunrunning_Tattoo_009	MP_Gunrunning_Tattoo_009
MP_Gunrunning_Tattoo_010_M	mpGunrunning_overlays	update/x64/dlcpacks/mpgunrunning/dlc.rpf/common/data/effects/peds/mpgunrunning_overlays.xml	ZONE_TORSO	TYPE_TATTOO	GENDER_MALE	0.720000	0.315000	0.190000	0.180000	0.000000	MP_Gunrunning_Tattoo_010	MP_Gunrunning_Tattoo_010
MP_Gunrunning_Tattoo_010_F	mpGunrunning_overlays	update/x64/dlcpacks/mpgunrunning/dlc.rpf/common/data/effects/peds/mpgunrunning_overlays.xml	ZONE_TORSO	TYPE_TATTOO	GENDER_FEMALE	0.720000	0.340000	0.190000	0.140000	0.000000	MP_Gunrunning_Tattoo_010	MP_Gunrunning_Tattoo_010
MP_Gunrunning_Tattoo_011_M	mpGunrunning_overlays	update/x64/dlcpacks/mpgunrunning/dlc.rpf/common/data/effects/peds/mpgunrunning_overlays.xml	ZONE_LEFT_LEG	TYPE_TATTOO	GENDER_MALE	0.470000	0.500000	0.280000	0.360000	0.000000	MP_Gunrunning_Tattoo_011	MP_Gunrunning_Tattoo_011
MP_Gunrunning_Tattoo_011_F	mpGunrunning_overlays	update/x64/dlcpacks/mpgunrunning/dlc.rpf/common/data/effects/peds/mpgunrunning_overlays.xml	ZONE_LEFT_LEG	TYPE_TATTOO	GENDER_FEMALE	0.470000	0.500000	0.280000	0.380000	0.000000	MP_Gunrunning_Tattoo_011	MP_Gunrunning_Tattoo_011
MP_Gunrunning_Tattoo_012_M	mpGunrunning_overlays	update/x64/dlcpacks/mpgunrunning/dlc.rpf/common/data/effects/peds/mpgunrunning_overlays.xml	ZONE_TORSO	TYPE_TATTOO	GENDER_MALE	0.820000	0.600000	0.150000	0.140000	0.000000	MP_Gunrunning_Tattoo_012	MP_Gunrunning_Tattoo_012
MP_Gunrunning_Tattoo_012_F	mpGunrunning_overlays	update/x64/dlcpacks/mpgunrunning/dlc.rpf/common/data/effects/peds/mpgunrunning_overlays.xml	ZONE_TORSO	TYPE_TATTOO	GENDER_FEMALE	0.820000	0.620000	0.150000	0.120000	0.000000	MP_Gunrunning_Tattoo_012	MP_Gunrunning_Tattoo_012
MP_Gunrunning_Tattoo_013_M	mpGunrunning_overlays	update/x64/dlcpacks/mpgunrunning/dlc.rpf/common/data/effects/peds/mpgunrunning_overlays.xml	ZONE_TORSO	TYPE_TATTOO	GENDER_MALE	0.220000	0.625000	0.180000	0.190000	0.000000	MP_Gunrunning_Tattoo_013	MP_Gunrunning_Tattoo_013
MP_Gunrunning_Tattoo_013_F	mpGunrunning_overlays	update/x64/dlcpacks/mpgunrunning/dlc.rpf/common/data/effects/peds/mpgunrunning_overlays.xml	ZONE_TORSO	TYPE_TATTOO	GENDER_FEMALE	0.235000	0.650000	0.180000	0.185000	0.000000	MP_Gunrunning_Tattoo_013	MP_Gunrunning_Tattoo_013
MP_Gunrunning_Tattoo_014_M	mpGunrunning_overlays	update/x64/dlcpacks/mpgunrunning/dlc.rpf/common/data/effects/peds/mpgunrunning_overlays.xml	ZONE_TORSO	TYPE_TATTOO	GENDER_MALE	0.220000	0.640000	0.180000	0.160000	0.000000	MP_Gunrunning_Tattoo_014	MP_Gunrunning_Tattoo_014
MP_Gunrunning_Tattoo_014_F	mpGunrunning_overlays	update/x64/dlcpacks/mpgunrunning/dlc.rpf/common/data/effects/peds/mpgunrunning_overlays.xml	ZONE_TORSO	TYPE_TATTOO	GENDER_FEMALE	0.235000	0.660000	0.180000	0.160000	0.000000	MP_Gunrunning_Tattoo_014	MP_Gunrunning_Tattoo_014
MP_Gunrunning_Tattoo_015_M	mpGunrunning_overlays	update/x64/dlcpacks/mpgunrunning/dlc.rpf/common/data/effects/peds/mpgunrunning_overlays.xml	ZONE_LEFT_ARM	TYPE_TATTOO	GENDER_MALE	0.520000	0.620000	0.280000	0.300000	0.000000	MP_Gunrunning_Tattoo_015	MP_Gunrunning_Tattoo_015
MP_Gunrunning_Tattoo_015_F	mpGunrunning_overlays	update/x64/dlcpacks/mpgunrunning/dlc.rpf/common/data/effects/peds/mpgunrunning_overlays.xml	ZONE_LEFT_ARM	TYPE_TATTOO	GENDER_FEMALE	0.520000	0.620000	0.280000	0.330000	0.000000	MP_Gunrunning_Tattoo_015	MP_Gunrunning_Tattoo_015
MP_Gunrunning_Tattoo_016_M	mpGunrunning_overlays	update/x64/dlcpacks/mpgunrunning/dlc.rpf/common/data/effects/peds/mpgunrunning_overlays.xml	ZONE_LEFT_ARM	TYPE_TATTOO	GENDER_MALE	0.440000	0.890000	0.075000	0.080000	0.000000	MP_Gunrunning_Tattoo_016	MP_Gunrunning_Tattoo_016
MP_Gunrunning_Tattoo_016_F	mpGunrunning_overlays	update/x64/dlcpacks/mpgunrunning/dlc.rpf/common/data/effects/peds/mpgunrunning_overlays.xml	ZONE_LEFT_ARM	TYPE_TATTOO	GENDER_FEMALE	0.440000	0.890000	0.075000	0.080000	0.000000	MP_Gunrunning_Tattoo_016	MP_Gunrunning_Tattoo_016
MP_Gunrunning_Tattoo_017_M	mpGunrunning_overlays	update/x64/dlcpacks/mpgunrunning/dlc.rpf/common/data/effects/peds/mpgunrunning_overlays.xml	ZONE_TORSO	TYPE_TATTOO	GENDER_MALE	0.720000	0.630000	0.160000	0.150000	0.000000	MP_Gunrunning_Tattoo_017	MP_Gunrunning_Tattoo_017
MP_Gunrunning_Tattoo_017_F	mpGunrunning_overlays	update/x64/dlcpacks/mpgunrunning/dlc.rpf/common/data/effects/peds/mpgunrunning_overlays.xml	ZONE_TORSO	TYPE_TATTOO	GENDER_FEMALE	0.735000	0.660000	0.160000	0.130000	0.000000	MP_Gunrunning_Tattoo_017	MP_Gunrunning_Tattoo_017
MP_Gunrunning_Tattoo_018_M	mpGunrunning_overlays	update/x64/dlcpacks/mpgunrunning/dlc.rpf/common/data/effects/peds/mpgunrunning_overlays.xml	ZONE_TORSO	TYPE_TATTOO	GENDER_MALE	0.230000	0.245000	0.170000	0.160000	0.000000	MP_Gunrunning_Tattoo_018	MP_Gunrunning_Tattoo_018
MP_Gunrunning_Tattoo_018_F	mpGunrunning_overlays	update/x64/dlcpacks/mpgunrunning/dlc.rpf/common/data/effects/peds/mpgunrunning_overlays.xml	ZONE_TORSO	TYPE_TATTOO	GENDER_FEMALE	0.230000	0.355000	0.170000	0.130000	0.000000	MP_Gunrunning_Tattoo_018	MP_Gunrunning_Tattoo_018
MP_Gunrunning_Tattoo_019_M	mpGunrunning_overlays	update/x64/dlcpacks/mpgunrunning/dlc.rpf/common/data/effects/peds/mpgunrunning_overlays.xml	ZONE_TORSO	TYPE_TATTOO	GENDER_MALE	0.220000	0.650000	0.180000	0.180000	0.000000	MP_Gunrunning_Tattoo_019	MP_Gunrunning_Tattoo_019
MP_Gunrunning_Tattoo_019_F	mpGunrunning_overlays	update/x64/dlcpacks/mpgunrunning/dlc.rpf/common/data/effects/peds/mpgunrunning_overlays.xml	ZONE_TORSO	TYPE_TATTOO	GENDER_FEMALE	0.235000	0.650000	0.180000	0.180000	0.000000	MP_Gunrunning_Tattoo_019	MP_Gunrunning_Tattoo_019
MP_Gunrunning_Tattoo_020_M	mpGunrunning_overlays	update/x64/dlcpacks/mpgunrunning/dlc.rpf/common/data/effects/peds/mpgunrunning_overlays.xml	ZONE_TORSO	TYPE_TATTOO	GENDER_MALE	0.720000	0.605000	0.200000	0.220000	0.000000	MP_Gunrunning_Tattoo_020	MP_Gunrunning_Tattoo_020
MP_Gunrunning_Tattoo_020_F	mpGunrunning_overlays	update/x64/dlcpacks/mpgunrunning/dlc.rpf/common/data/effects/peds/mpgunrunning_overlays.xml	ZONE_TORSO	TYPE_TATTOO	GENDER_FEMALE	0.735000	0.620000	0.200000	0.200000	0.000000	MP_Gunrunning_Tattoo_020	MP_Gunrunning_Tattoo_020
MP_Gunrunning_Tattoo_021_M	mpGunrunning_overlays	update/x64/dlcpacks/mpgunrunning/dlc.rpf/common/data/effects/peds/mpgunrunning_overlays.xml	ZONE_RIGHT_ARM	TYPE_TATTOO	GENDER_MALE	0.520000	0.900000	0.065000	0.095000	0.000000	MP_Gunrunning_Tattoo_021	MP_Gunrunning_Tattoo_021
MP_Gunrunning_Tattoo_021_F	mpGunrunning_overlays	update/x64/dlcpacks/mpgunrunning/dlc.rpf/common/data/effects/peds/mpgunrunning_overlays.xml	ZONE_RIGHT_ARM	TYPE_TATTOO	GENDER_FEMALE	0.510000	0.905000	0.065000	0.090000	0.000000	MP_Gunrunning_Tattoo_021	MP_Gunrunning_Tattoo_021
MP_Gunrunning_Tattoo_022_M	mpGunrunning_overlays	update/x64/dlcpacks/mpgunrunning/dlc.rpf/common/data/effects/peds/mpgunrunning_overlays.xml	ZONE_TORSO	TYPE_TATTOO	GENDER_MALE	0.148000	0.670000	0.150000	0.160000	0.000000	MP_Gunrunning_Tattoo_022	MP_Gunrunning_Tattoo_022
MP_Gunrunning_Tattoo_022_F	mpGunrunning_overlays	update/x64/dlcpacks/mpgunrunning/dlc.rpf/common/data/effects/peds/mpgunrunning_overlays.xml	ZONE_TORSO	TYPE_TATTOO	GENDER_FEMALE	0.148000	0.710000	0.150000	0.150000	0.000000	MP_Gunrunning_Tattoo_022	MP_Gunrunning_Tattoo_022
MP_Gunrunning_Tattoo_023_M	mpGunrunning_overlays	update/x64/dlcpacks/mpgunrunning/dlc.rpf/common/data/effects/peds/mpgunrunning_overlays.xml	ZONE_LEFT_LEG	TYPE_TATTOO	GENDER_MALE	0.220000	0.340000	0.190000	0.220000	0.000000	MP_Gunrunning_Tattoo_023	MP_Gunrunning_Tattoo_023
MP_Gunrunning_Tattoo_023_F	mpGunrunning_overlays	update/x64/dlcpacks/mpgunrunning/dlc.rpf/common/data/effects/peds/mpgunrunning_overlays.xml	ZONE_LEFT_LEG	TYPE_TATTOO	GENDER_FEMALE	0.220000	0.340000	0.190000	0.220000	0.000000	MP_Gunrunning_Tattoo_023	MP_Gunrunning_Tattoo_023
MP_Gunrunning_Tattoo_024_M	mpGunrunning_overlays	update/x64/dlcpacks/mpgunrunning/dlc.rpf/common/data/effects/peds/mpgunrunning_overlays.xml	ZONE_RIGHT_ARM	TYPE_TATTOO	GENDER_MALE	0.690000	0.435000	0.220000	0.135000	0.000000	MP_Gunrunning_Tattoo_024	MP_Gunrunning_Tattoo_024
MP_Gunrunning_Tattoo_024_F	mpGunrunning_overlays	update/x64/dlcpacks/mpgunrunning/dlc.rpf/common/data/effects/peds/mpgunrunning_overlays.xml	ZONE_RIGHT_ARM	TYPE_TATTOO	GENDER_FEMALE	0.690000	0.410000	0.220000	0.150000	0.000000	MP_Gunrunning_Tattoo_024	MP_Gunrunning_Tattoo_024
MP_Gunrunning_Tattoo_025_M	mpGunrunning_overlays	update/x64/dlcpacks/mpgunrunning/dlc.rpf/common/data/effects/peds/mpgunrunning_overlays.xml	ZONE_LEFT_ARM	TYPE_TATTOO	GENDER_MALE	0.520000	0.470000	0.245000	0.150000	0.000000	MP_Gunrunning_Tattoo_025	MP_Gunrunning_Tattoo_025
MP_Gunrunning_Tattoo_025_F	mpGunrunning_overlays	update/x64/dlcpacks/mpgunrunning/dlc.rpf/common/data/effects/peds/mpgunrunning_overlays.xml	ZONE_LEFT_ARM	TYPE_TATTOO	GENDER_FEMALE	0.520000	0.440000	0.245000	0.160000	0.000000	MP_Gunrunning_Tattoo_025	MP_Gunrunning_Tattoo_025
MP_Gunrunning_Tattoo_026_M	mpGunrunning_overlays	update/x64/dlcpacks/mpgunrunning/dlc.rpf/common/data/effects/peds/mpgunrunning_overlays.xml	ZONE_RIGHT_LEG	TYPE_TATTOO	GENDER_MALE	0.790000	0.330000	0.270000	0.180000	13.680000	MP_Gunrunning_Tattoo_026	MP_Gunrunning_Tattoo_026
MP_Gunrunning_Tattoo_026_F	mpGunrunning_overlays	update/x64/dlcpacks/mpgunrunning/dlc.rpf/common/data/effects/peds/mpgunrunning_overlays.xml	ZONE_RIGHT_LEG	TYPE_TATTOO	GENDER_FEMALE	0.790000	0.330000	0.270000	0.180000	13.680000	MP_Gunrunning_Tattoo_026	MP_Gunrunning_Tattoo_026
MP_Gunrunning_Tattoo_027_M	mpGunrunning_overlays	update/x64/dlcpacks/mpgunrunning/dlc.rpf/common/data/effects/peds/mpgunrunning_overlays.xml	ZONE_LEFT_ARM	TYPE_TATTOO	GENDER_MALE	0.640000	0.760000	0.155000	0.150000	0.000000	MP_Gunrunning_Tattoo_027	MP_Gunrunning_Tattoo_027
MP_Gunrunning_Tattoo_027_F	mpGunrunning_overlays	update/x64/dlcpacks/mpgunrunning/dlc.rpf/common/data/effects/peds/mpgunrunning_overlays.xml	ZONE_LEFT_ARM	TYPE_TATTOO	GENDER_FEMALE	0.640000	0.760000	0.155000	0.170000	0.000000	MP_Gunrunning_Tattoo_027	MP_Gunrunning_Tattoo_027
MP_Gunrunning_Tattoo_028_M	mpGunrunning_overlays	update/x64/dlcpacks/mpgunrunning/dlc.rpf/common/data/effects/peds/mpgunrunning_overlays.xml	ZONE_TORSO	TYPE_TATTOO	GENDER_MALE	0.725000	0.630000	0.170000	0.150000	0.000000	MP_Gunrunning_Tattoo_028	MP_Gunrunning_Tattoo_028
MP_Gunrunning_Tattoo_028_F	mpGunrunning_overlays	update/x64/dlcpacks/mpgunrunning/dlc.rpf/common/data/effects/peds/mpgunrunning_overlays.xml	ZONE_TORSO	TYPE_TATTOO	GENDER_FEMALE	0.745000	0.660000	0.170000	0.140000	0.000000	MP_Gunrunning_Tattoo_028	MP_Gunrunning_Tattoo_028
MP_Gunrunning_Tattoo_029_M	mpGunrunning_overlays	update/x64/dlcpacks/mpgunrunning/dlc.rpf/common/data/effects/peds/mpgunrunning_overlays.xml	ZONE_TORSO	TYPE_TATTOO	GENDER_MALE	0.720000	0.310000	0.180000	0.150000	0.000000	MP_Gunrunning_Tattoo_029	MP_Gunrunning_Tattoo_029
MP_Gunrunning_Tattoo_029_F	mpGunrunning_overlays	update/x64/dlcpacks/mpgunrunning/dlc.rpf/common/data/effects/peds/mpgunrunning_overlays.xml	ZONE_TORSO	TYPE_TATTOO	GENDER_FEMALE	0.720000	0.360000	0.180000	0.115000	0.000000	MP_Gunrunning_Tattoo_029	MP_Gunrunning_Tattoo_029
MP_Gunrunning_Tattoo_030_M	mpGunrunning_overlays	update/x64/dlcpacks/mpgunrunning/dlc.rpf/common/data/effects/peds/mpgunrunning_overlays.xml	ZONE_RIGHT_LEG	TYPE_TATTOO	GENDER_MALE	0.520000	0.680000	0.200000	0.170000	0.000000	MP_Gunrunning_Tattoo_030	MP_Gunrunning_Tattoo_030
MP_Gunrunning_Tattoo_030_F	mpGunrunning_overlays	update/x64/dlcpacks/mpgunrunning/dlc.rpf/common/data/effects/peds/mpgunrunning_overlays.xml	ZONE_RIGHT_LEG	TYPE_TATTOO	GENDER_FEMALE	0.520000	0.700000	0.200000	0.170000	0.000000	MP_Gunrunning_Tattoo_030	MP_Gunrunning_Tattoo_030
HW_Tee_000_M	mpHalloween_overlays	update/x64/dlcpacks/mphalloween/dlc.rpf/common/data/effects/peds/mphalloween_overlays.xml	ZONE_TORSO	TYPE_BADGE	GENDER_MALE	0.745000	0.600000	0.250000	0.200000	0.000000	HW_Tee_000	HW_Tee_000
HW_Tee_001_M	mpHalloween_overlays	update/x64/dlcpacks/mphalloween/dlc.rpf/common/data/effects/peds/mphalloween_overlays.xml	ZONE_TORSO	TYPE_BADGE	GENDER_MALE	0.745000	0.570000	0.200000	0.200000	0.000000	HW_Tee_001	HW_Tee_001
HW_Tee_002_M	mpHalloween_overlays	update/x64/dlcpacks/mphalloween/dlc.rpf/common/data/effects/peds/mphalloween_overlays.xml	ZONE_TORSO	TYPE_BADGE	GENDER_MALE	0.745000	0.550000	0.200000	0.200000	0.000000	HW_Tee_002	HW_Tee_002
HW_Tee_003_M	mpHalloween_overlays	update/x64/dlcpacks/mphalloween/dlc.rpf/common/data/effects/peds/mphalloween_overlays.xml	ZONE_TORSO	TYPE_BADGE	GENDER_MALE	0.745000	0.620000	0.150000	0.170000	0.000000	HW_Tee_003	HW_Tee_003
HW_Tee_004_M	mpHalloween_overlays	update/x64/dlcpacks/mphalloween/dlc.rpf/common/data/effects/peds/mphalloween_overlays.xml	ZONE_TORSO	TYPE_BADGE	GENDER_MALE	0.745000	0.570000	0.200000	0.200000	0.000000	HW_Tee_004	HW_Tee_004
HW_Tee_005_M	mpHalloween_overlays	update/x64/dlcpacks/mphalloween/dlc.rpf/common/data/effects/peds/mphalloween_overlays.xml	ZONE_TORSO	TYPE_BADGE	GENDER_MALE	0.745000	0.570000	0.200000	0.200000	0.000000	HW_Tee_005	HW_Tee_005
HW_Tee_006_M	mpHalloween_overlays	update/x64/dlcpacks/mphalloween/dlc.rpf/common/data/effects/peds/mphalloween_overlays.xml	ZONE_TORSO	TYPE_BADGE	GENDER_MALE	0.745000	0.570000	0.200000	0.200000	0.000000	HW_Tee_006	HW_Tee_006
HW_Tee_007_M	mpHalloween_overlays	update/x64/dlcpacks/mphalloween/dlc.rpf/common/data/effects/peds/mphalloween_overlays.xml	ZONE_TORSO	TYPE_BADGE	GENDER_MALE	0.745000	0.550000	0.170000	0.170000	0.000000	HW_Tee_007	HW_Tee_007
HW_Tee_008_M	mpHalloween_overlays	update/x64/dlcpacks/mphalloween/dlc.rpf/common/data/effects/peds/mphalloween_overlays.xml	ZONE_TORSO	TYPE_BADGE	GENDER_MALE	0.745000	0.550000	0.200000	0.200000	0.000000	HW_Tee_008	HW_Tee_008
HW_Tee_009_M	mpHalloween_overlays	update/x64/dlcpacks/mphalloween/dlc.rpf/common/data/effects/peds/mphalloween_overlays.xml	ZONE_TORSO	TYPE_BADGE	GENDER_MALE	0.745000	0.600000	0.180000	0.180000	0.000000	HW_Tee_009	HW_Tee_009
HW_Tee_010_M	mpHalloween_overlays	update/x64/dlcpacks/mphalloween/dlc.rpf/common/data/effects/peds/mphalloween_overlays.xml	ZONE_TORSO	TYPE_BADGE	GENDER_MALE	0.745000	0.600000	0.180000	0.180000	0.000000	HW_Tee_010	HW_Tee_010
HW_Tee_011_M	mpHalloween_overlays	update/x64/dlcpacks/mphalloween/dlc.rpf/common/data/effects/peds/mphalloween_overlays.xml	ZONE_TORSO	TYPE_BADGE	GENDER_MALE	0.745000	0.650000	0.210000	0.200000	0.000000	HW_Tee_011	HW_Tee_011
HW_Tee_012_M	mpHalloween_overlays	update/x64/dlcpacks/mphalloween/dlc.rpf/common/data/effects/peds/mphalloween_overlays.xml	ZONE_TORSO	TYPE_BADGE	GENDER_MALE	0.755000	0.610000	0.220000	0.220000	0.000000	HW_Tee_012	HW_Tee_012
HW_Tee_000_F	mpHalloween_overlays	update/x64/dlcpacks/mphalloween/dlc.rpf/common/data/effects/peds/mphalloween_overlays.xml	ZONE_TORSO	TYPE_BADGE	GENDER_FEMALE	0.730000	0.600000	0.250000	0.200000	0.000000	HW_Tee_000	HW_Tee_000
HW_Tee_001_F	mpHalloween_overlays	update/x64/dlcpacks/mphalloween/dlc.rpf/common/data/effects/peds/mphalloween_overlays.xml	ZONE_TORSO	TYPE_BADGE	GENDER_FEMALE	0.730000	0.580000	0.200000	0.200000	0.000000	HW_Tee_001	HW_Tee_001
HW_Tee_002_F	mpHalloween_overlays	update/x64/dlcpacks/mphalloween/dlc.rpf/common/data/effects/peds/mphalloween_overlays.xml	ZONE_TORSO	TYPE_BADGE	GENDER_FEMALE	0.730000	0.580000	0.200000	0.200000	0.000000	HW_Tee_002	HW_Tee_002
HW_Tee_003_F	mpHalloween_overlays	update/x64/dlcpacks/mphalloween/dlc.rpf/common/data/effects/peds/mphalloween_overlays.xml	ZONE_TORSO	TYPE_BADGE	GENDER_FEMALE	0.730000	0.620000	0.140000	0.140000	0.000000	HW_Tee_003	HW_Tee_003
HW_Tee_004_F	mpHalloween_overlays	update/x64/dlcpacks/mphalloween/dlc.rpf/common/data/effects/peds/mphalloween_overlays.xml	ZONE_TORSO	TYPE_BADGE	GENDER_FEMALE	0.730000	0.580000	0.200000	0.200000	0.000000	HW_Tee_004	HW_Tee_004
HW_Tee_005_F	mpHalloween_overlays	update/x64/dlcpacks/mphalloween/dlc.rpf/common/data/effects/peds/mphalloween_overlays.xml	ZONE_TORSO	TYPE_BADGE	GENDER_FEMALE	0.730000	0.600000	0.200000	0.200000	0.000000	HW_Tee_005	HW_Tee_005
HW_Tee_006_F	mpHalloween_overlays	update/x64/dlcpacks/mphalloween/dlc.rpf/common/data/effects/peds/mphalloween_overlays.xml	ZONE_TORSO	TYPE_BADGE	GENDER_FEMALE	0.730000	0.580000	0.200000	0.200000	0.000000	HW_Tee_006	HW_Tee_006
HW_Tee_007_F	mpHalloween_overlays	update/x64/dlcpacks/mphalloween/dlc.rpf/common/data/effects/peds/mphalloween_overlays.xml	ZONE_TORSO	TYPE_BADGE	GENDER_FEMALE	0.730000	0.580000	0.170000	0.170000	0.000000	HW_Tee_007	HW_Tee_007
HW_Tee_008_F	mpHalloween_overlays	update/x64/dlcpacks/mphalloween/dlc.rpf/common/data/effects/peds/mphalloween_overlays.xml	ZONE_TORSO	TYPE_BADGE	GENDER_FEMALE	0.730000	0.600000	0.170000	0.170000	0.000000	HW_Tee_008	HW_Tee_008
HW_Tee_009_F	mpHalloween_overlays	update/x64/dlcpacks/mphalloween/dlc.rpf/common/data/effects/peds/mphalloween_overlays.xml	ZONE_TORSO	TYPE_BADGE	GENDER_FEMALE	0.735000	0.600000	0.180000	0.180000	0.000000	HW_Tee_009	HW_Tee_009
HW_Tee_010_F	mpHalloween_overlays	update/x64/dlcpacks/mphalloween/dlc.rpf/common/data/effects/peds/mphalloween_overlays.xml	ZONE_TORSO	TYPE_BADGE	GENDER_FEMALE	0.730000	0.620000	0.180000	0.180000	0.000000	HW_Tee_010	HW_Tee_010
HW_Tee_011_F	mpHalloween_overlays	update/x64/dlcpacks/mphalloween/dlc.rpf/common/data/effects/peds/mphalloween_overlays.xml	ZONE_TORSO	TYPE_BADGE	GENDER_FEMALE	0.725000	0.670000	0.200000	0.200000	0.000000	HW_Tee_011	HW_Tee_011
HW_Tee_012_F	mpHalloween_overlays	update/x64/dlcpacks/mphalloween/dlc.rpf/common/data/effects/peds/mphalloween_overlays.xml	ZONE_TORSO	TYPE_BADGE	GENDER_FEMALE	0.730000	0.680000	0.18000	0.180000	0.000000	HW_Tee_012	HW_Tee_012
mpHeist3_Tee_000_M	mpHeist3_overlays	update/x64/dlcpacks/mpheist3/dlc.rpf/common/data/effects/peds/mpheist3_overlays.xml	ZONE_TORSO	TYPE_BADGE	GENDER_MALE	0.737000	0.665000	0.150000	0.150000	0.000000	MP_Heist3_Tee_000	MP_Heist3_Tee_000
mpHeist3_Tee_000_F	mpHeist3_overlays	update/x64/dlcpacks/mpheist3/dlc.rpf/common/data/effects/peds/mpheist3_overlays.xml	ZONE_TORSO	TYPE_BADGE	GENDER_FEMALE	0.735000	0.650000	0.130000	0.130000	0.000000	MP_Heist3_Tee_000	MP_Heist3_Tee_000
mpHeist3_Tee_001_M	mpHeist3_overlays	update/x64/dlcpacks/mpheist3/dlc.rpf/common/data/effects/peds/mpheist3_overlays.xml	ZONE_TORSO	TYPE_BADGE	GENDER_MALE	0.737000	0.670000	0.150000	0.150000	0.000000	MP_Heist3_Tee_001	MP_Heist3_Tee_001
mpHeist3_Tee_001_F	mpHeist3_overlays	update/x64/dlcpacks/mpheist3/dlc.rpf/common/data/effects/peds/mpheist3_overlays.xml	ZONE_TORSO	TYPE_BADGE	GENDER_FEMALE	0.735000	0.650000	0.140000	0.140000	0.000000	MP_Heist3_Tee_001	MP_Heist3_Tee_001
mpHeist3_Tee_002_M	mpHeist3_overlays	update/x64/dlcpacks/mpheist3/dlc.rpf/common/data/effects/peds/mpheist3_overlays.xml	ZONE_TORSO	TYPE_BADGE	GENDER_MALE	0.737000	0.710000	0.160000	0.160000	0.000000	MP_Heist3_Tee_002	MP_Heist3_Tee_002
mpHeist3_Tee_002_F	mpHeist3_overlays	update/x64/dlcpacks/mpheist3/dlc.rpf/common/data/effects/peds/mpheist3_overlays.xml	ZONE_TORSO	TYPE_BADGE	GENDER_FEMALE	0.735000	0.700000	0.140000	0.140000	0.000000	MP_Heist3_Tee_002	MP_Heist3_Tee_002
mpHeist3_Tee_003_M	mpHeist3_overlays	update/x64/dlcpacks/mpheist3/dlc.rpf/common/data/effects/peds/mpheist3_overlays.xml	ZONE_TORSO	TYPE_BADGE	GENDER_MALE	0.737000	0.710000	0.160000	0.160000	0.000000	MP_Heist3_Tee_003	MP_Heist3_Tee_003
mpHeist3_Tee_003_F	mpHeist3_overlays	update/x64/dlcpacks/mpheist3/dlc.rpf/common/data/effects/peds/mpheist3_overlays.xml	ZONE_TORSO	TYPE_BADGE	GENDER_FEMALE	0.735000	0.700000	0.140000	0.140000	0.000000	MP_Heist3_Tee_003	MP_Heist3_Tee_003
mpHeist3_Tee_004_M	mpHeist3_overlays	update/x64/dlcpacks/mpheist3/dlc.rpf/common/data/effects/peds/mpheist3_overlays.xml	ZONE_TORSO	TYPE_BADGE	GENDER_MALE	0.737000	0.700000	0.150000	0.150000	0.000000	MP_Heist3_Tee_004	MP_Heist3_Tee_004
mpHeist3_Tee_004_F	mpHeist3_overlays	update/x64/dlcpacks/mpheist3/dlc.rpf/common/data/effects/peds/mpheist3_overlays.xml	ZONE_TORSO	TYPE_BADGE	GENDER_FEMALE	0.735000	0.690000	0.130000	0.130000	0.000000	MP_Heist3_Tee_004	MP_Heist3_Tee_004
mpHeist3_Tee_005_M	mpHeist3_overlays	update/x64/dlcpacks/mpheist3/dlc.rpf/common/data/effects/peds/mpheist3_overlays.xml	ZONE_TORSO	TYPE_BADGE	GENDER_MALE	0.737000	0.700000	0.140000	0.140000	0.000000	MP_Heist3_Tee_005	MP_Heist3_Tee_005
mpHeist3_Tee_005_F	mpHeist3_overlays	update/x64/dlcpacks/mpheist3/dlc.rpf/common/data/effects/peds/mpheist3_overlays.xml	ZONE_TORSO	TYPE_BADGE	GENDER_FEMALE	0.740000	0.690000	0.130000	0.130000	0.000000	MP_Heist3_Tee_005	MP_Heist3_Tee_005
mpHeist3_Tee_006_M	mpHeist3_overlays	update/x64/dlcpacks/mpheist3/dlc.rpf/common/data/effects/peds/mpheist3_overlays.xml	ZONE_TORSO	TYPE_BADGE	GENDER_MALE	0.737000	0.665000	0.150000	0.150000	0.000000	MP_Heist3_Tee_006	MP_Heist3_Tee_006
mpHeist3_Tee_006_F	mpHeist3_overlays	update/x64/dlcpacks/mpheist3/dlc.rpf/common/data/effects/peds/mpheist3_overlays.xml	ZONE_TORSO	TYPE_BADGE	GENDER_FEMALE	0.735000	0.665000	0.130000	0.120000	0.000000	MP_Heist3_Tee_006	MP_Heist3_Tee_006
mpHeist3_Tee_007_M	mpHeist3_overlays	update/x64/dlcpacks/mpheist3/dlc.rpf/common/data/effects/peds/mpheist3_overlays.xml	ZONE_TORSO	TYPE_BADGE	GENDER_MALE	0.737000	0.665000	0.150000	0.150000	0.000000	MP_Heist3_Tee_007	MP_Heist3_Tee_007
mpHeist3_Tee_007_F	mpHeist3_overlays	update/x64/dlcpacks/mpheist3/dlc.rpf/common/data/effects/peds/mpheist3_overlays.xml	ZONE_TORSO	TYPE_BADGE	GENDER_FEMALE	0.735000	0.665000	0.130000	0.120000	0.000000	MP_Heist3_Tee_007	MP_Heist3_Tee_007
mpHeist3_Tee_008_M	mpHeist3_overlays	update/x64/dlcpacks/mpheist3/dlc.rpf/common/data/effects/peds/mpheist3_overlays.xml	ZONE_TORSO	TYPE_BADGE	GENDER_MALE	0.737000	0.665000	0.150000	0.150000	0.000000	MP_Heist3_Tee_008	MP_Heist3_Tee_008
mpHeist3_Tee_008_F	mpHeist3_overlays	update/x64/dlcpacks/mpheist3/dlc.rpf/common/data/effects/peds/mpheist3_overlays.xml	ZONE_TORSO	TYPE_BADGE	GENDER_FEMALE	0.735000	0.665000	0.130000	0.120000	0.000000	MP_Heist3_Tee_008	MP_Heist3_Tee_008
mpHeist3_Tee_009_M	mpHeist3_overlays	update/x64/dlcpacks/mpheist3/dlc.rpf/common/data/effects/peds/mpheist3_overlays.xml	ZONE_TORSO	TYPE_BADGE	GENDER_MALE	0.737000	0.665000	0.150000	0.150000	0.000000	MP_Heist3_Tee_009	MP_Heist3_Tee_009
mpHeist3_Tee_009_F	mpHeist3_overlays	update/x64/dlcpacks/mpheist3/dlc.rpf/common/data/effects/peds/mpheist3_overlays.xml	ZONE_TORSO	TYPE_BADGE	GENDER_FEMALE	0.735000	0.665000	0.130000	0.120000	0.000000	MP_Heist3_Tee_009	MP_Heist3_Tee_009
mpHeist3_Tee_010_M	mpHeist3_overlays	update/x64/dlcpacks/mpheist3/dlc.rpf/common/data/effects/peds/mpheist3_overlays.xml	ZONE_TORSO	TYPE_BADGE	GENDER_MALE	0.737000	0.700000	0.160000	0.160000	0.000000	MP_Heist3_Tee_010	MP_Heist3_Tee_010
mpHeist3_Tee_010_F	mpHeist3_overlays	update/x64/dlcpacks/mpheist3/dlc.rpf/common/data/effects/peds/mpheist3_overlays.xml	ZONE_TORSO	TYPE_BADGE	GENDER_FEMALE	0.740000	0.690000	0.140000	0.130000	0.000000	MP_Heist3_Tee_010	MP_Heist3_Tee_010
mpHeist3_Tee_011_M	mpHeist3_overlays	update/x64/dlcpacks/mpheist3/dlc.rpf/common/data/effects/peds/mpheist3_overlays.xml	ZONE_TORSO	TYPE_BADGE	GENDER_MALE	0.737000	0.700000	0.160000	0.160000	0.000000	MP_Heist3_Tee_011	MP_Heist3_Tee_011
mpHeist3_Tee_011_F	mpHeist3_overlays	update/x64/dlcpacks/mpheist3/dlc.rpf/common/data/effects/peds/mpheist3_overlays.xml	ZONE_TORSO	TYPE_BADGE	GENDER_FEMALE	0.740000	0.710000	0.150000	0.140000	0.000000	MP_Heist3_Tee_011	MP_Heist3_Tee_011
mpHeist3_Tee_012_M	mpHeist3_overlays	update/x64/dlcpacks/mpheist3/dlc.rpf/common/data/effects/peds/mpheist3_overlays.xml	ZONE_TORSO	TYPE_BADGE	GENDER_MALE	0.737000	0.700000	0.140000	0.140000	0.000000	MP_Heist3_Tee_012	MP_Heist3_Tee_012
mpHeist3_Tee_012_F	mpHeist3_overlays	update/x64/dlcpacks/mpheist3/dlc.rpf/common/data/effects/peds/mpheist3_overlays.xml	ZONE_TORSO	TYPE_BADGE	GENDER_FEMALE	0.740000	0.690000	0.130000	0.120000	0.000000	MP_Heist3_Tee_012	MP_Heist3_Tee_012
mpHeist3_Tee_013_M	mpHeist3_overlays	update/x64/dlcpacks/mpheist3/dlc.rpf/common/data/effects/peds/mpheist3_overlays.xml	ZONE_TORSO	TYPE_BADGE	GENDER_MALE	0.737000	0.680000	0.140000	0.140000	0.000000	MP_Heist3_Tee_013	MP_Heist3_Tee_013
mpHeist3_Tee_013_F	mpHeist3_overlays	update/x64/dlcpacks/mpheist3/dlc.rpf/common/data/effects/peds/mpheist3_overlays.xml	ZONE_TORSO	TYPE_BADGE	GENDER_FEMALE	0.723000	0.665000	0.130000	0.130000	0.000000	MP_Heist3_Tee_013	MP_Heist3_Tee_013
mpHeist3_Tee_014_M	mpHeist3_overlays	update/x64/dlcpacks/mpheist3/dlc.rpf/common/data/effects/peds/mpheist3_overlays.xml	ZONE_TORSO	TYPE_BADGE	GENDER_MALE	0.737000	0.680000	0.140000	0.140000	0.000000	MP_Heist3_Tee_014	MP_Heist3_Tee_014
mpHeist3_Tee_014_F	mpHeist3_overlays	update/x64/dlcpacks/mpheist3/dlc.rpf/common/data/effects/peds/mpheist3_overlays.xml	ZONE_TORSO	TYPE_BADGE	GENDER_FEMALE	0.723000	0.665000	0.130000	0.130000	0.000000	MP_Heist3_Tee_014	MP_Heist3_Tee_014
mpHeist3_Tee_015_M	mpHeist3_overlays	update/x64/dlcpacks/mpheist3/dlc.rpf/common/data/effects/peds/mpheist3_overlays.xml	ZONE_TORSO	TYPE_BADGE	GENDER_MALE	0.737000	0.680000	0.140000	0.140000	0.000000	MP_Heist3_Tee_015	MP_Heist3_Tee_015
mpHeist3_Tee_015_F	mpHeist3_overlays	update/x64/dlcpacks/mpheist3/dlc.rpf/common/data/effects/peds/mpheist3_overlays.xml	ZONE_TORSO	TYPE_BADGE	GENDER_FEMALE	0.723000	0.665000	0.130000	0.130000	0.000000	MP_Heist3_Tee_015	MP_Heist3_Tee_015
mpHeist3_Tee_016_M	mpHeist3_overlays	update/x64/dlcpacks/mpheist3/dlc.rpf/common/data/effects/peds/mpheist3_overlays.xml	ZONE_TORSO	TYPE_BADGE	GENDER_MALE	0.737000	0.680000	0.140000	0.140000	0.000000	MP_Heist3_Tee_016	MP_Heist3_Tee_016
mpHeist3_Tee_016_F	mpHeist3_overlays	update/x64/dlcpacks/mpheist3/dlc.rpf/common/data/effects/peds/mpheist3_overlays.xml	ZONE_TORSO	TYPE_BADGE	GENDER_FEMALE	0.723000	0.665000	0.130000	0.130000	0.000000	MP_Heist3_Tee_016	MP_Heist3_Tee_016
mpHeist3_Tee_017_M	mpHeist3_overlays	update/x64/dlcpacks/mpheist3/dlc.rpf/common/data/effects/peds/mpheist3_overlays.xml	ZONE_TORSO	TYPE_BADGE	GENDER_MALE	0.737000	0.680000	0.140000	0.140000	0.000000	MP_Heist3_Tee_017	MP_Heist3_Tee_017
mpHeist3_Tee_017_F	mpHeist3_overlays	update/x64/dlcpacks/mpheist3/dlc.rpf/common/data/effects/peds/mpheist3_overlays.xml	ZONE_TORSO	TYPE_BADGE	GENDER_FEMALE	0.723000	0.665000	0.125000	0.125000	0.000000	MP_Heist3_Tee_017	MP_Heist3_Tee_017
mpHeist3_Tee_018_M	mpHeist3_overlays	update/x64/dlcpacks/mpheist3/dlc.rpf/common/data/effects/peds/mpheist3_overlays.xml	ZONE_TORSO	TYPE_BADGE	GENDER_MALE	0.737000	0.680000	0.140000	0.140000	0.000000	MP_Heist3_Tee_018	MP_Heist3_Tee_018
mpHeist3_Tee_018_F	mpHeist3_overlays	update/x64/dlcpacks/mpheist3/dlc.rpf/common/data/effects/peds/mpheist3_overlays.xml	ZONE_TORSO	TYPE_BADGE	GENDER_FEMALE	0.723000	0.665000	0.125000	0.125000	0.000000	MP_Heist3_Tee_018	MP_Heist3_Tee_018
mpHeist3_Tee_019_M	mpHeist3_overlays	update/x64/dlcpacks/mpheist3/dlc.rpf/common/data/effects/peds/mpheist3_overlays.xml	ZONE_TORSO	TYPE_BADGE	GENDER_MALE	0.737000	0.680000	0.140000	0.140000	0.000000	MP_Heist3_Tee_019	MP_Heist3_Tee_019
mpHeist3_Tee_019_F	mpHeist3_overlays	update/x64/dlcpacks/mpheist3/dlc.rpf/common/data/effects/peds/mpheist3_overlays.xml	ZONE_TORSO	TYPE_BADGE	GENDER_FEMALE	0.723000	0.665000	0.125000	0.125000	0.000000	MP_Heist3_Tee_019	MP_Heist3_Tee_019
mpHeist3_Tee_020_M	mpHeist3_overlays	update/x64/dlcpacks/mpheist3/dlc.rpf/common/data/effects/peds/mpheist3_overlays.xml	ZONE_TORSO	TYPE_BADGE	GENDER_MALE	0.737000	0.680000	0.140000	0.140000	0.000000	MP_Heist3_Tee_020	MP_Heist3_Tee_020
mpHeist3_Tee_020_F	mpHeist3_overlays	update/x64/dlcpacks/mpheist3/dlc.rpf/common/data/effects/peds/mpheist3_overlays.xml	ZONE_TORSO	TYPE_BADGE	GENDER_FEMALE	0.723000	0.665000	0.125000	0.125000	0.000000	MP_Heist3_Tee_020	MP_Heist3_Tee_020
mpHeist3_Tee_021_M	mpHeist3_overlays	update/x64/dlcpacks/mpheist3/dlc.rpf/common/data/effects/peds/mpheist3_overlays.xml	ZONE_TORSO	TYPE_BADGE	GENDER_MALE	0.737000	0.680000	0.140000	0.140000	0.000000	MP_Heist3_Tee_021	MP_Heist3_Tee_021
mpHeist3_Tee_021_F	mpHeist3_overlays	update/x64/dlcpacks/mpheist3/dlc.rpf/common/data/effects/peds/mpheist3_overlays.xml	ZONE_TORSO	TYPE_BADGE	GENDER_FEMALE	0.723000	0.665000	0.125000	0.125000	0.000000	MP_Heist3_Tee_021	MP_Heist3_Tee_021
mpHeist3_Tee_022_M	mpHeist3_overlays	update/x64/dlcpacks/mpheist3/dlc.rpf/common/data/effects/peds/mpheist3_overlays.xml	ZONE_TORSO	TYPE_BADGE	GENDER_MALE	0.737000	0.680000	0.200000	0.200000	0.000000	MP_Heist3_Tee_022	MP_Heist3_Tee_022
mpHeist3_Tee_022_F	mpHeist3_overlays	update/x64/dlcpacks/mpheist3/dlc.rpf/common/data/effects/peds/mpheist3_overlays.xml	ZONE_TORSO	TYPE_BADGE	GENDER_FEMALE	0.723000	0.665000	0.200000	0.200000	0.000000	MP_Heist3_Tee_022	MP_Heist3_Tee_022
mpHeist3_Tee_023_M	mpHeist3_overlays	update/x64/dlcpacks/mpheist3/dlc.rpf/common/data/effects/peds/mpheist3_overlays.xml	ZONE_TORSO	TYPE_BADGE	GENDER_MALE	0.737000	0.630000	0.220000	0.220000	0.000000	MP_Heist3_Tee_023	MP_Heist3_Tee_023
mpHeist3_Tee_023_F	mpHeist3_overlays	update/x64/dlcpacks/mpheist3/dlc.rpf/common/data/effects/peds/mpheist3_overlays.xml	ZONE_TORSO	TYPE_BADGE	GENDER_FEMALE	0.723000	0.625000	0.220000	0.180000	0.000000	MP_Heist3_Tee_023	MP_Heist3_Tee_023
mpHeist3_Tat_000_M	mpHeist3_overlays	update/x64/dlcpacks/mpheist3/dlc.rpf/common/data/effects/peds/mpheist3_overlays.xml	ZONE_HEAD	TYPE_TATTOO	GENDER_MALE	0.498000	0.720000	0.100000	0.100000	0.000000	MP_Heist3_Tat_000	MP_Heist3_Tat_000
mpHeist3_Tat_000_F	mpHeist3_overlays	update/x64/dlcpacks/mpheist3/dlc.rpf/common/data/effects/peds/mpheist3_overlays.xml	ZONE_HEAD	TYPE_TATTOO	GENDER_FEMALE	0.498000	0.720000	0.100000	0.100000	0.000000	MP_Heist3_Tat_000	MP_Heist3_Tat_000
mpHeist3_Tat_001_M	mpHeist3_overlays	update/x64/dlcpacks/mpheist3/dlc.rpf/common/data/effects/peds/mpheist3_overlays.xml	ZONE_HEAD	TYPE_TATTOO	GENDER_MALE	0.760000	0.630000	0.050000	0.050000	0.000000	MP_Heist3_Tat_001	MP_Heist3_Tat_001
mpHeist3_Tat_001_F	mpHeist3_overlays	update/x64/dlcpacks/mpheist3/dlc.rpf/common/data/effects/peds/mpheist3_overlays.xml	ZONE_HEAD	TYPE_TATTOO	GENDER_FEMALE	0.760000	0.630000	0.050000	0.050000	0.000000	MP_Heist3_Tat_001	MP_Heist3_Tat_001
mpHeist3_Tat_002_M	mpHeist3_overlays	update/x64/dlcpacks/mpheist3/dlc.rpf/common/data/effects/peds/mpheist3_overlays.xml	ZONE_HEAD	TYPE_TATTOO	GENDER_MALE	0.500000	0.250000	0.230000	0.230000	0.000000	MP_Heist3_Tat_002	MP_Heist3_Tat_002
mpHeist3_Tat_002_F	mpHeist3_overlays	update/x64/dlcpacks/mpheist3/dlc.rpf/common/data/effects/peds/mpheist3_overlays.xml	ZONE_HEAD	TYPE_TATTOO	GENDER_FEMALE	0.500000	0.250000	0.230000	0.230000	0.000000	MP_Heist3_Tat_002	MP_Heist3_Tat_002
mpHeist3_Tat_003_M	mpHeist3_overlays	update/x64/dlcpacks/mpheist3/dlc.rpf/common/data/effects/peds/mpheist3_overlays.xml	ZONE_HEAD	TYPE_TATTOO	GENDER_MALE	0.500000	0.750000	0.120000	0.120000	0.000000	MP_Heist3_Tat_003	MP_Heist3_Tat_003
mpHeist3_Tat_003_F	mpHeist3_overlays	update/x64/dlcpacks/mpheist3/dlc.rpf/common/data/effects/peds/mpheist3_overlays.xml	ZONE_HEAD	TYPE_TATTOO	GENDER_FEMALE	0.500000	0.750000	0.120000	0.120000	0.000000	MP_Heist3_Tat_003	MP_Heist3_Tat_003
mpHeist3_Tat_004_M	mpHeist3_overlays	update/x64/dlcpacks/mpheist3/dlc.rpf/common/data/effects/peds/mpheist3_overlays.xml	ZONE_HEAD	TYPE_TATTOO	GENDER_MALE	0.410000	0.725000	0.080000	0.080000	21.960000	MP_Heist3_Tat_004	MP_Heist3_Tat_004
mpHeist3_Tat_004_F	mpHeist3_overlays	update/x64/dlcpacks/mpheist3/dlc.rpf/common/data/effects/peds/mpheist3_overlays.xml	ZONE_HEAD	TYPE_TATTOO	GENDER_FEMALE	0.410000	0.725000	0.080000	0.080000	21.960000	MP_Heist3_Tat_004	MP_Heist3_Tat_004
mpHeist3_Tat_005_M	mpHeist3_overlays	update/x64/dlcpacks/mpheist3/dlc.rpf/common/data/effects/peds/mpheist3_overlays.xml	ZONE_HEAD	TYPE_TATTOO	GENDER_MALE	0.640000	0.590000	0.030000	0.030000	0.000000	MP_Heist3_Tat_005	MP_Heist3_Tat_005
mpHeist3_Tat_005_F	mpHeist3_overlays	update/x64/dlcpacks/mpheist3/dlc.rpf/common/data/effects/peds/mpheist3_overlays.xml	ZONE_HEAD	TYPE_TATTOO	GENDER_FEMALE	0.640000	0.590000	0.030000	0.030000	0.000000	MP_Heist3_Tat_005	MP_Heist3_Tat_005
mpHeist3_Tat_006_M	mpHeist3_overlays	update/x64/dlcpacks/mpheist3/dlc.rpf/common/data/effects/peds/mpheist3_overlays.xml	ZONE_HEAD	TYPE_TATTOO	GENDER_MALE	0.640000	0.720000	0.050000	0.050000	-15.480000	MP_Heist3_Tat_006	MP_Heist3_Tat_006
mpHeist3_Tat_006_F	mpHeist3_overlays	update/x64/dlcpacks/mpheist3/dlc.rpf/common/data/effects/peds/mpheist3_overlays.xml	ZONE_HEAD	TYPE_TATTOO	GENDER_FEMALE	0.640000	0.720000	0.050000	0.050000	-15.480000	MP_Heist3_Tat_006	MP_Heist3_Tat_006
mpHeist3_Tat_007_M	mpHeist3_overlays	update/x64/dlcpacks/mpheist3/dlc.rpf/common/data/effects/peds/mpheist3_overlays.xml	ZONE_HEAD	TYPE_TATTOO	GENDER_MALE	0.497000	0.750000	0.170000	0.170000	0.000000	MP_Heist3_Tat_007	MP_Heist3_Tat_007
mpHeist3_Tat_007_F	mpHeist3_overlays	update/x64/dlcpacks/mpheist3/dlc.rpf/common/data/effects/peds/mpheist3_overlays.xml	ZONE_HEAD	TYPE_TATTOO	GENDER_FEMALE	0.497000	0.750000	0.170000	0.170000	0.000000	MP_Heist3_Tat_007	MP_Heist3_Tat_007
mpHeist3_Tat_008_M	mpHeist3_overlays	update/x64/dlcpacks/mpheist3/dlc.rpf/common/data/effects/peds/mpheist3_overlays.xml	ZONE_HEAD	TYPE_TATTOO	GENDER_MALE	0.754000	0.320000	0.130000	0.160000	-50.040000	MP_Heist3_Tat_008	MP_Heist3_Tat_008
mpHeist3_Tat_008_F	mpHeist3_overlays	update/x64/dlcpacks/mpheist3/dlc.rpf/common/data/effects/peds/mpheist3_overlays.xml	ZONE_HEAD	TYPE_TATTOO	GENDER_FEMALE	0.754000	0.320000	0.130000	0.160000	-50.040000	MP_Heist3_Tat_008	MP_Heist3_Tat_008
mpHeist3_Tat_009_M	mpHeist3_overlays	update/x64/dlcpacks/mpheist3/dlc.rpf/common/data/effects/peds/mpheist3_overlays.xml	ZONE_HEAD	TYPE_TATTOO	GENDER_MALE	0.360000	0.560000	-0.100000	0.100000	62.640000	MP_Heist3_Tat_009	MP_Heist3_Tat_009
mpHeist3_Tat_009_F	mpHeist3_overlays	update/x64/dlcpacks/mpheist3/dlc.rpf/common/data/effects/peds/mpheist3_overlays.xml	ZONE_HEAD	TYPE_TATTOO	GENDER_FEMALE	0.360000	0.560000	-0.100000	0.100000	62.640000	MP_Heist3_Tat_009	MP_Heist3_Tat_009
mpHeist3_Tat_010_M	mpHeist3_overlays	update/x64/dlcpacks/mpheist3/dlc.rpf/common/data/effects/peds/mpheist3_overlays.xml	ZONE_HEAD	TYPE_TATTOO	GENDER_MALE	0.350000	0.590000	0.050000	0.030000	0.000000	MP_Heist3_Tat_010	MP_Heist3_Tat_010
mpHeist3_Tat_010_F	mpHeist3_overlays	update/x64/dlcpacks/mpheist3/dlc.rpf/common/data/effects/peds/mpheist3_overlays.xml	ZONE_HEAD	TYPE_TATTOO	GENDER_FEMALE	0.350000	0.590000	0.050000	0.030000	0.000000	MP_Heist3_Tat_010	MP_Heist3_Tat_010
mpHeist3_Tat_011_M	mpHeist3_overlays	update/x64/dlcpacks/mpheist3/dlc.rpf/common/data/effects/peds/mpheist3_overlays.xml	ZONE_HEAD	TYPE_TATTOO	GENDER_MALE	0.350000	0.470000	0.060000	0.060000	-14.040000	MP_Heist3_Tat_011	MP_Heist3_Tat_011
mpHeist3_Tat_011_F	mpHeist3_overlays	update/x64/dlcpacks/mpheist3/dlc.rpf/common/data/effects/peds/mpheist3_overlays.xml	ZONE_HEAD	TYPE_TATTOO	GENDER_FEMALE	0.350000	0.470000	0.060000	0.060000	-14.040000	MP_Heist3_Tat_011	MP_Heist3_Tat_011
mpHeist3_Tat_012_M	mpHeist3_overlays	update/x64/dlcpacks/mpheist3/dlc.rpf/common/data/effects/peds/mpheist3_overlays.xml	ZONE_HEAD	TYPE_TATTOO	GENDER_MALE	0.330000	0.550000	0.090000	0.090000	20.520000	MP_Heist3_Tat_012	MP_Heist3_Tat_012
mpHeist3_Tat_012_F	mpHeist3_overlays	update/x64/dlcpacks/mpheist3/dlc.rpf/common/data/effects/peds/mpheist3_overlays.xml	ZONE_HEAD	TYPE_TATTOO	GENDER_FEMALE	0.330000	0.550000	0.090000	0.090000	20.520000	MP_Heist3_Tat_012	MP_Heist3_Tat_012
mpHeist3_Tat_013_M	mpHeist3_overlays	update/x64/dlcpacks/mpheist3/dlc.rpf/common/data/effects/peds/mpheist3_overlays.xml	ZONE_HEAD	TYPE_TATTOO	GENDER_MALE	0.400000	0.740000	0.060000	0.060000	0.000000	MP_Heist3_Tat_013	MP_Heist3_Tat_013
mpHeist3_Tat_013_F	mpHeist3_overlays	update/x64/dlcpacks/mpheist3/dlc.rpf/common/data/effects/peds/mpheist3_overlays.xml	ZONE_HEAD	TYPE_TATTOO	GENDER_FEMALE	0.400000	0.740000	0.060000	0.060000	0.000000	MP_Heist3_Tat_013	MP_Heist3_Tat_013
mpHeist3_Tat_014_M	mpHeist3_overlays	update/x64/dlcpacks/mpheist3/dlc.rpf/common/data/effects/peds/mpheist3_overlays.xml	ZONE_HEAD	TYPE_TATTOO	GENDER_MALE	0.498000	0.250000	0.200000	0.120000	0.000000	MP_Heist3_Tat_014	MP_Heist3_Tat_014
mpHeist3_Tat_014_F	mpHeist3_overlays	update/x64/dlcpacks/mpheist3/dlc.rpf/common/data/effects/peds/mpheist3_overlays.xml	ZONE_HEAD	TYPE_TATTOO	GENDER_FEMALE	0.498000	0.250000	0.200000	0.120000	0.000000	MP_Heist3_Tat_014	MP_Heist3_Tat_014
mpHeist3_Tat_015_M	mpHeist3_overlays	update/x64/dlcpacks/mpheist3/dlc.rpf/common/data/effects/peds/mpheist3_overlays.xml	ZONE_HEAD	TYPE_TATTOO	GENDER_MALE	0.400000	0.720000	0.035000	0.030000	0.000000	MP_Heist3_Tat_015	MP_Heist3_Tat_015
mpHeist3_Tat_015_F	mpHeist3_overlays	update/x64/dlcpacks/mpheist3/dlc.rpf/common/data/effects/peds/mpheist3_overlays.xml	ZONE_HEAD	TYPE_TATTOO	GENDER_FEMALE	0.400000	0.720000	0.035000	0.030000	0.000000	MP_Heist3_Tat_015	MP_Heist3_Tat_015
mpHeist3_Tat_016_M	mpHeist3_overlays	update/x64/dlcpacks/mpheist3/dlc.rpf/common/data/effects/peds/mpheist3_overlays.xml	ZONE_HEAD	TYPE_TATTOO	GENDER_MALE	0.497000	0.720000	0.100000	0.090000	0.000000	MP_Heist3_Tat_016	MP_Heist3_Tat_016
mpHeist3_Tat_016_F	mpHeist3_overlays	update/x64/dlcpacks/mpheist3/dlc.rpf/common/data/effects/peds/mpheist3_overlays.xml	ZONE_HEAD	TYPE_TATTOO	GENDER_FEMALE	0.497000	0.720000	0.100000	0.090000	0.000000	MP_Heist3_Tat_016	MP_Heist3_Tat_016
mpHeist3_Tat_017_M	mpHeist3_overlays	update/x64/dlcpacks/mpheist3/dlc.rpf/common/data/effects/peds/mpheist3_overlays.xml	ZONE_HEAD	TYPE_TATTOO	GENDER_MALE	0.324000	0.290000	0.100000	0.080000	23.400000	MP_Heist3_Tat_017	MP_Heist3_Tat_017
mpHeist3_Tat_017_F	mpHeist3_overlays	update/x64/dlcpacks/mpheist3/dlc.rpf/common/data/effects/peds/mpheist3_overlays.xml	ZONE_HEAD	TYPE_TATTOO	GENDER_FEMALE	0.324000	0.290000	0.100000	0.080000	23.400000	MP_Heist3_Tat_017	MP_Heist3_Tat_017
mpHeist3_Tat_018_M	mpHeist3_overlays	update/x64/dlcpacks/mpheist3/dlc.rpf/common/data/effects/peds/mpheist3_overlays.xml	ZONE_HEAD	TYPE_TATTOO	GENDER_MALE	0.498000	0.485000	0.090000	0.070000	0.000000	MP_Heist3_Tat_018	MP_Heist3_Tat_018
mpHeist3_Tat_018_F	mpHeist3_overlays	update/x64/dlcpacks/mpheist3/dlc.rpf/common/data/effects/peds/mpheist3_overlays.xml	ZONE_HEAD	TYPE_TATTOO	GENDER_FEMALE	0.498000	0.485000	0.090000	0.070000	0.000000	MP_Heist3_Tat_018	MP_Heist3_Tat_018
mpHeist3_Tat_019_M	mpHeist3_overlays	update/x64/dlcpacks/mpheist3/dlc.rpf/common/data/effects/peds/mpheist3_overlays.xml	ZONE_HEAD	TYPE_TATTOO	GENDER_MALE	0.744000	0.330000	0.100000	0.090000	21.960000	MP_Heist3_Tat_019	MP_Heist3_Tat_019
mpHeist3_Tat_019_F	mpHeist3_overlays	update/x64/dlcpacks/mpheist3/dlc.rpf/common/data/effects/peds/mpheist3_overlays.xml	ZONE_HEAD	TYPE_TATTOO	GENDER_FEMALE	0.744000	0.330000	0.100000	0.090000	21.960000	MP_Heist3_Tat_019	MP_Heist3_Tat_019
mpHeist3_Tat_020_M	mpHeist3_overlays	update/x64/dlcpacks/mpheist3/dlc.rpf/common/data/effects/peds/mpheist3_overlays.xml	ZONE_HEAD	TYPE_TATTOO	GENDER_MALE	0.690000	0.550000	0.080000	0.080000	28.080000	MP_Heist3_Tat_020	MP_Heist3_Tat_020
mpHeist3_Tat_020_F	mpHeist3_overlays	update/x64/dlcpacks/mpheist3/dlc.rpf/common/data/effects/peds/mpheist3_overlays.xml	ZONE_HEAD	TYPE_TATTOO	GENDER_FEMALE	0.690000	0.550000	0.080000	0.080000	28.080000	MP_Heist3_Tat_020	MP_Heist3_Tat_020
mpHeist3_Tat_021_M	mpHeist3_overlays	update/x64/dlcpacks/mpheist3/dlc.rpf/common/data/effects/peds/mpheist3_overlays.xml	ZONE_HEAD	TYPE_TATTOO	GENDER_MALE	0.400000	0.700000	0.080000	0.080000	0.000000	MP_Heist3_Tat_021	MP_Heist3_Tat_021
mpHeist3_Tat_021_F	mpHeist3_overlays	update/x64/dlcpacks/mpheist3/dlc.rpf/common/data/effects/peds/mpheist3_overlays.xml	ZONE_HEAD	TYPE_TATTOO	GENDER_FEMALE	0.400000	0.700000	0.080000	0.080000	0.000000	MP_Heist3_Tat_021	MP_Heist3_Tat_021
mpHeist3_Tat_022_M	mpHeist3_overlays	update/x64/dlcpacks/mpheist3/dlc.rpf/common/data/effects/peds/mpheist3_overlays.xml	ZONE_HEAD	TYPE_TATTOO	GENDER_MALE	0.499000	0.730000	0.050000	0.050000	0.000000	MP_Heist3_Tat_022	MP_Heist3_Tat_022
mpHeist3_Tat_022_F	mpHeist3_overlays	update/x64/dlcpacks/mpheist3/dlc.rpf/common/data/effects/peds/mpheist3_overlays.xml	ZONE_HEAD	TYPE_TATTOO	GENDER_FEMALE	0.499000	0.730000	0.050000	0.050000	0.000000	MP_Heist3_Tat_022	MP_Heist3_Tat_022
mpHeist3_Tat_023_M	mpHeist3_overlays	update/x64/dlcpacks/mpheist3/dlc.rpf/common/data/effects/peds/mpheist3_overlays.xml	ZONE_TORSO	TYPE_TATTOO	GENDER_MALE	0.224000	0.510000	0.300000	0.300000	0.000000	MP_Heist3_Tat_023	MP_Heist3_Tat_023
mpHeist3_Tat_023_F	mpHeist3_overlays	update/x64/dlcpacks/mpheist3/dlc.rpf/common/data/effects/peds/mpheist3_overlays.xml	ZONE_TORSO	TYPE_TATTOO	GENDER_FEMALE	0.224000	0.580000	0.300000	0.250000	0.000000	MP_Heist3_Tat_023	MP_Heist3_Tat_023
mpHeist3_Tat_024_M	mpHeist3_overlays	update/x64/dlcpacks/mpheist3/dlc.rpf/common/data/effects/peds/mpheist3_overlays.xml	ZONE_TORSO	TYPE_TATTOO	GENDER_MALE	0.224000	0.620000	0.200000	0.200000	0.000000	MP_Heist3_Tat_024	MP_Heist3_Tat_024
mpHeist3_Tat_024_F	mpHeist3_overlays	update/x64/dlcpacks/mpheist3/dlc.rpf/common/data/effects/peds/mpheist3_overlays.xml	ZONE_TORSO	TYPE_TATTOO	GENDER_FEMALE	0.224000	0.680000	0.200000	0.160000	0.000000	MP_Heist3_Tat_024	MP_Heist3_Tat_024
mpHeist3_Tat_025_M	mpHeist3_overlays	update/x64/dlcpacks/mpheist3/dlc.rpf/common/data/effects/peds/mpheist3_overlays.xml	ZONE_TORSO	TYPE_TATTOO	GENDER_MALE	0.724000	0.600000	0.200000	0.200000	0.000000	MP_Heist3_Tat_025	MP_Heist3_Tat_025
mpHeist3_Tat_025_F	mpHeist3_overlays	update/x64/dlcpacks/mpheist3/dlc.rpf/common/data/effects/peds/mpheist3_overlays.xml	ZONE_TORSO	TYPE_TATTOO	GENDER_FEMALE	0.724000	0.620000	0.200000	0.200000	0.000000	MP_Heist3_Tat_025	MP_Heist3_Tat_025
mpHeist3_Tat_026_M	mpHeist3_overlays	update/x64/dlcpacks/mpheist3/dlc.rpf/common/data/effects/peds/mpheist3_overlays.xml	ZONE_TORSO	TYPE_TATTOO	GENDER_MALE	0.724000	0.600000	0.200000	0.200000	0.000000	MP_Heist3_Tat_026	MP_Heist3_Tat_026
mpHeist3_Tat_026_F	mpHeist3_overlays	update/x64/dlcpacks/mpheist3/dlc.rpf/common/data/effects/peds/mpheist3_overlays.xml	ZONE_TORSO	TYPE_TATTOO	GENDER_FEMALE	0.740000	0.640000	0.200000	0.200000	0.000000	MP_Heist3_Tat_026	MP_Heist3_Tat_026
mpHeist3_Tat_027_M	mpHeist3_overlays	update/x64/dlcpacks/mpheist3/dlc.rpf/common/data/effects/peds/mpheist3_overlays.xml	ZONE_TORSO	TYPE_TATTOO	GENDER_MALE	0.224000	0.520000	0.300000	0.300000	0.000000	MP_Heist3_Tat_027	MP_Heist3_Tat_027
mpHeist3_Tat_027_F	mpHeist3_overlays	update/x64/dlcpacks/mpheist3/dlc.rpf/common/data/effects/peds/mpheist3_overlays.xml	ZONE_TORSO	TYPE_TATTOO	GENDER_FEMALE	0.224000	0.560000	0.300000	0.300000	0.000000	MP_Heist3_Tat_027	MP_Heist3_Tat_027
mpHeist3_Tat_028_M	mpHeist3_overlays	update/x64/dlcpacks/mpheist3/dlc.rpf/common/data/effects/peds/mpheist3_overlays.xml	ZONE_TORSO	TYPE_TATTOO	GENDER_MALE	0.224000	0.620000	0.200000	0.200000	0.000000	MP_Heist3_Tat_028	MP_Heist3_Tat_028
mpHeist3_Tat_028_F	mpHeist3_overlays	update/x64/dlcpacks/mpheist3/dlc.rpf/common/data/effects/peds/mpheist3_overlays.xml	ZONE_TORSO	TYPE_TATTOO	GENDER_FEMALE	0.224000	0.670000	0.200000	0.160000	0.000000	MP_Heist3_Tat_028	MP_Heist3_Tat_028
mpHeist3_Tat_029_M	mpHeist3_overlays	update/x64/dlcpacks/mpheist3/dlc.rpf/common/data/effects/peds/mpheist3_overlays.xml	ZONE_TORSO	TYPE_TATTOO	GENDER_MALE	0.710000	0.300000	0.200000	0.200000	0.000000	MP_Heist3_Tat_029	MP_Heist3_Tat_029
mpHeist3_Tat_029_F	mpHeist3_overlays	update/x64/dlcpacks/mpheist3/dlc.rpf/common/data/effects/peds/mpheist3_overlays.xml	ZONE_TORSO	TYPE_TATTOO	GENDER_FEMALE	0.724000	0.380000	0.200000	0.150000	0.000000	MP_Heist3_Tat_029	MP_Heist3_Tat_029
mpHeist3_Tat_030_M	mpHeist3_overlays	update/x64/dlcpacks/mpheist3/dlc.rpf/common/data/effects/peds/mpheist3_overlays.xml	ZONE_TORSO	TYPE_TATTOO	GENDER_MALE	0.224000	0.620000	0.200000	0.200000	0.000000	MP_Heist3_Tat_030	MP_Heist3_Tat_030
mpHeist3_Tat_030_F	mpHeist3_overlays	update/x64/dlcpacks/mpheist3/dlc.rpf/common/data/effects/peds/mpheist3_overlays.xml	ZONE_TORSO	TYPE_TATTOO	GENDER_FEMALE	0.240000	0.660000	0.200000	0.160000	0.000000	MP_Heist3_Tat_030	MP_Heist3_Tat_030
mpHeist3_Tat_031_M	mpHeist3_overlays	update/x64/dlcpacks/mpheist3/dlc.rpf/common/data/effects/peds/mpheist3_overlays.xml	ZONE_RIGHT_LEG	TYPE_TATTOO	GENDER_MALE	0.524000	0.520000	0.300000	0.300000	-90.000000	MP_Heist3_Tat_031	MP_Heist3_Tat_031
mpHeist3_Tat_031_F	mpHeist3_overlays	update/x64/dlcpacks/mpheist3/dlc.rpf/common/data/effects/peds/mpheist3_overlays.xml	ZONE_RIGHT_LEG	TYPE_TATTOO	GENDER_FEMALE	0.524000	0.560000	0.300000	0.300000	-90.000000	MP_Heist3_Tat_031	MP_Heist3_Tat_031
mpHeist3_Tat_032_M	mpHeist3_overlays	update/x64/dlcpacks/mpheist3/dlc.rpf/common/data/effects/peds/mpheist3_overlays.xml	ZONE_LEFT_LEG	TYPE_TATTOO	GENDER_MALE	0.524000	0.520000	0.350000	0.350000	-90.000000	MP_Heist3_Tat_032	MP_Heist3_Tat_032
mpHeist3_Tat_032_F	mpHeist3_overlays	update/x64/dlcpacks/mpheist3/dlc.rpf/common/data/effects/peds/mpheist3_overlays.xml	ZONE_LEFT_LEG	TYPE_TATTOO	GENDER_FEMALE	0.500000	0.530000	0.350000	0.350000	-90.000000	MP_Heist3_Tat_032	MP_Heist3_Tat_032
mpHeist3_Tat_033_M	mpHeist3_overlays	update/x64/dlcpacks/mpheist3/dlc.rpf/common/data/effects/peds/mpheist3_overlays.xml	ZONE_TORSO	TYPE_TATTOO	GENDER_MALE	0.630000	0.620000	0.100000	0.100000	0.000000	MP_Heist3_Tat_033	MP_Heist3_Tat_033
mpHeist3_Tat_033_F	mpHeist3_overlays	update/x64/dlcpacks/mpheist3/dlc.rpf/common/data/effects/peds/mpheist3_overlays.xml	ZONE_TORSO	TYPE_TATTOO	GENDER_FEMALE	0.650000	0.640000	0.110000	0.080000	0.000000	MP_Heist3_Tat_033	MP_Heist3_Tat_033
mpHeist3_Tat_034_M	mpHeist3_overlays	update/x64/dlcpacks/mpheist3/dlc.rpf/common/data/effects/peds/mpheist3_overlays.xml	ZONE_RIGHT_ARM	TYPE_TATTOO	GENDER_MALE	0.550000	0.250000	0.050000	0.050000	0.000000	MP_Heist3_Tat_034	MP_Heist3_Tat_034
mpHeist3_Tat_034_F	mpHeist3_overlays	update/x64/dlcpacks/mpheist3/dlc.rpf/common/data/effects/peds/mpheist3_overlays.xml	ZONE_RIGHT_ARM	TYPE_TATTOO	GENDER_FEMALE	0.550000	0.210000	0.050000	0.045000	0.000000	MP_Heist3_Tat_034	MP_Heist3_Tat_034
mpHeist3_Tat_035_M	mpHeist3_overlays	update/x64/dlcpacks/mpheist3/dlc.rpf/common/data/effects/peds/mpheist3_overlays.xml	ZONE_TORSO	TYPE_TATTOO	GENDER_MALE	0.824000	0.610000	0.120000	0.120000	0.000000	MP_Heist3_Tat_035	MP_Heist3_Tat_035
mpHeist3_Tat_035_F	mpHeist3_overlays	update/x64/dlcpacks/mpheist3/dlc.rpf/common/data/effects/peds/mpheist3_overlays.xml	ZONE_TORSO	TYPE_TATTOO	GENDER_FEMALE	0.824000	0.640000	0.110000	0.095000	0.000000	MP_Heist3_Tat_035	MP_Heist3_Tat_035
mpHeist3_Tat_036_M	mpHeist3_overlays	update/x64/dlcpacks/mpheist3/dlc.rpf/common/data/effects/peds/mpheist3_overlays.xml	ZONE_TORSO	TYPE_TATTOO	GENDER_MALE	0.224000	0.610000	0.180000	0.190000	0.000000	MP_Heist3_Tat_036	MP_Heist3_Tat_036
mpHeist3_Tat_036_F	mpHeist3_overlays	update/x64/dlcpacks/mpheist3/dlc.rpf/common/data/effects/peds/mpheist3_overlays.xml	ZONE_TORSO	TYPE_TATTOO	GENDER_FEMALE	0.224000	0.670000	0.180000	0.160000	0.000000	MP_Heist3_Tat_036	MP_Heist3_Tat_036
mpHeist3_Tat_037_M	mpHeist3_overlays	update/x64/dlcpacks/mpheist3/dlc.rpf/common/data/effects/peds/mpheist3_overlays.xml	ZONE_TORSO	TYPE_TATTOO	GENDER_MALE	0.730000	0.300000	0.160000	0.160000	0.000000	MP_Heist3_Tat_037	MP_Heist3_Tat_037
mpHeist3_Tat_037_F	mpHeist3_overlays	update/x64/dlcpacks/mpheist3/dlc.rpf/common/data/effects/peds/mpheist3_overlays.xml	ZONE_TORSO	TYPE_TATTOO	GENDER_FEMALE	0.744000	0.360000	0.160000	0.130000	0.000000	MP_Heist3_Tat_037	MP_Heist3_Tat_037
mpHeist3_Tat_038_M	mpHeist3_overlays	update/x64/dlcpacks/mpheist3/dlc.rpf/common/data/effects/peds/mpheist3_overlays.xml	ZONE_TORSO	TYPE_TATTOO	GENDER_MALE	0.234000	0.500000	0.290000	0.300000	0.000000	MP_Heist3_Tat_038	MP_Heist3_Tat_038
mpHeist3_Tat_038_F	mpHeist3_overlays	update/x64/dlcpacks/mpheist3/dlc.rpf/common/data/effects/peds/mpheist3_overlays.xml	ZONE_TORSO	TYPE_TATTOO	GENDER_FEMALE	0.224000	0.580000	0.300000	0.250000	0.000000	MP_Heist3_Tat_038	MP_Heist3_Tat_038
mpHeist3_Tat_039_M	mpHeist3_overlays	update/x64/dlcpacks/mpheist3/dlc.rpf/common/data/effects/peds/mpheist3_overlays.xml	ZONE_TORSO	TYPE_TATTOO	GENDER_MALE	0.224000	0.620000	0.200000	0.200000	0.000000	MP_Heist3_Tat_039	MP_Heist3_Tat_039
mpHeist3_Tat_039_F	mpHeist3_overlays	update/x64/dlcpacks/mpheist3/dlc.rpf/common/data/effects/peds/mpheist3_overlays.xml	ZONE_TORSO	TYPE_TATTOO	GENDER_FEMALE	0.224000	0.665000	0.200000	0.170000	0.000000	MP_Heist3_Tat_039	MP_Heist3_Tat_039
mpHeist3_Tat_040_M	mpHeist3_overlays	update/x64/dlcpacks/mpheist3/dlc.rpf/common/data/effects/peds/mpheist3_overlays.xml	ZONE_LEFT_ARM	TYPE_TATTOO	GENDER_MALE	0.470000	0.820000	0.100000	0.100000	0.000000	MP_Heist3_Tat_040	MP_Heist3_Tat_040
mpHeist3_Tat_040_F	mpHeist3_overlays	update/x64/dlcpacks/mpheist3/dlc.rpf/common/data/effects/peds/mpheist3_overlays.xml	ZONE_LEFT_ARM	TYPE_TATTOO	GENDER_FEMALE	0.470000	0.820000	0.100000	0.100000	0.000000	MP_Heist3_Tat_040	MP_Heist3_Tat_040
mpHeist3_Tat_041_M	mpHeist3_overlays	update/x64/dlcpacks/mpheist3/dlc.rpf/common/data/effects/peds/mpheist3_overlays.xml	ZONE_LEFT_ARM	TYPE_TATTOO	GENDER_MALE	0.560000	0.590000	0.300000	0.290000	0.000000	MP_Heist3_Tat_041	MP_Heist3_Tat_041
mpHeist3_Tat_041_F	mpHeist3_overlays	update/x64/dlcpacks/mpheist3/dlc.rpf/common/data/effects/peds/mpheist3_overlays.xml	ZONE_LEFT_ARM	TYPE_TATTOO	GENDER_FEMALE	0.560000	0.590000	0.290000	0.320000	0.000000	MP_Heist3_Tat_041	MP_Heist3_Tat_041
mpHeist3_Tat_042_M	mpHeist3_overlays	update/x64/dlcpacks/mpheist3/dlc.rpf/common/data/effects/peds/mpheist3_overlays.xml	ZONE_HEAD	TYPE_TATTOO	GENDER_MALE	0.640000	0.590000	0.030000	0.030000	0.000000	MP_Heist3_Tat_042	MP_Heist3_Tat_042
mpHeist3_Tat_042_F	mpHeist3_overlays	update/x64/dlcpacks/mpheist3/dlc.rpf/common/data/effects/peds/mpheist3_overlays.xml	ZONE_HEAD	TYPE_TATTOO	GENDER_FEMALE	0.640000	0.590000	0.030000	0.030000	0.000000	MP_Heist3_Tat_042	MP_Heist3_Tat_042
mpHeist3_Tat_043_M	mpHeist3_overlays	update/x64/dlcpacks/mpheist3/dlc.rpf/common/data/effects/peds/mpheist3_overlays.xml	ZONE_HEAD	TYPE_TATTOO	GENDER_MALE	0.640000	0.590000	0.030000	0.030000	0.000000	MP_Heist3_Tat_043	MP_Heist3_Tat_043
mpHeist3_Tat_043_F	mpHeist3_overlays	update/x64/dlcpacks/mpheist3/dlc.rpf/common/data/effects/peds/mpheist3_overlays.xml	ZONE_HEAD	TYPE_TATTOO	GENDER_FEMALE	0.640000	0.590000	0.030000	0.030000	0.000000	MP_Heist3_Tat_043	MP_Heist3_Tat_043
mpHeist3_Tat_044_M	mpHeist3_overlays	update/x64/dlcpacks/mpheist3/dlc.rpf/common/data/effects/peds/mpheist3_overlays.xml	ZONE_HEAD	TYPE_TATTOO	GENDER_MALE	0.640000	0.590000	0.030000	0.030000	0.000000	MP_Heist3_Tat_044	MP_Heist3_Tat_044
mpHeist3_Tat_044_F	mpHeist3_overlays	update/x64/dlcpacks/mpheist3/dlc.rpf/common/data/effects/peds/mpheist3_overlays.xml	ZONE_HEAD	TYPE_TATTOO	GENDER_FEMALE	0.640000	0.590000	0.030000	0.030000	0.000000	MP_Heist3_Tat_044	MP_Heist3_Tat_044
MP_Heist4_Tat_000_M	mpHeist4_overlays	update/x64/dlcpacks/mpheist4/dlc.rpf/common/data/effects/peds/mpheist4_overlays.xml	ZONE_RIGHT_ARM	TYPE_TATTOO	GENDER_MALE	0.520000	0.660000	0.200000	0.250000	0.000000	MP_Heist4_Tat_000	MP_Heist4_Tat_000
MP_Heist4_Tat_000_F	mpHeist4_overlays	update/x64/dlcpacks/mpheist4/dlc.rpf/common/data/effects/peds/mpheist4_overlays.xml	ZONE_RIGHT_ARM	TYPE_TATTOO	GENDER_FEMALE	0.520000	0.640000	0.200000	0.280000	0.000000	MP_Heist4_Tat_000	MP_Heist4_Tat_000
MP_Heist4_Tat_001_M	mpHeist4_overlays	update/x64/dlcpacks/mpheist4/dlc.rpf/common/data/effects/peds/mpheist4_overlays.xml	ZONE_RIGHT_ARM	TYPE_TATTOO	GENDER_MALE	0.460000	0.800000	0.190000	0.180000	-1.000000	MP_Heist4_Tat_001	MP_Heist4_Tat_001
MP_Heist4_Tat_001_F	mpHeist4_overlays	update/x64/dlcpacks/mpheist4/dlc.rpf/common/data/effects/peds/mpheist4_overlays.xml	ZONE_RIGHT_ARM	TYPE_TATTOO	GENDER_FEMALE	0.460000	0.790000	0.200000	0.190000	2.000000	MP_Heist4_Tat_001	MP_Heist4_Tat_001
MP_Heist4_Tat_002_M	mpHeist4_overlays	update/x64/dlcpacks/mpheist4/dlc.rpf/common/data/effects/peds/mpheist4_overlays.xml	ZONE_RIGHT_ARM	TYPE_TATTOO	GENDER_MALE	0.525000	0.800000	0.120000	0.150000	0.000000	MP_Heist4_Tat_002	MP_Heist4_Tat_002
MP_Heist4_Tat_002_F	mpHeist4_overlays	update/x64/dlcpacks/mpheist4/dlc.rpf/common/data/effects/peds/mpheist4_overlays.xml	ZONE_RIGHT_ARM	TYPE_TATTOO	GENDER_FEMALE	0.545000	0.810000	0.170000	0.160000	0.000000	MP_Heist4_Tat_002	MP_Heist4_Tat_002
MP_Heist4_Tat_003_M	mpHeist4_overlays	update/x64/dlcpacks/mpheist4/dlc.rpf/common/data/effects/peds/mpheist4_overlays.xml	ZONE_RIGHT_ARM	TYPE_TATTOO	GENDER_MALE	0.490000	0.860000	0.070000	0.090000	0.000000	MP_Heist4_Tat_003	MP_Heist4_Tat_003
MP_Heist4_Tat_003_F	mpHeist4_overlays	update/x64/dlcpacks/mpheist4/dlc.rpf/common/data/effects/peds/mpheist4_overlays.xml	ZONE_RIGHT_ARM	TYPE_TATTOO	GENDER_FEMALE	0.490000	0.870000	0.090000	0.090000	0.000000	MP_Heist4_Tat_003	MP_Heist4_Tat_003
MP_Heist4_Tat_004_M	mpHeist4_overlays	update/x64/dlcpacks/mpheist4/dlc.rpf/common/data/effects/peds/mpheist4_overlays.xml	ZONE_TORSO	TYPE_TATTOO	GENDER_MALE	0.925000	0.310000	0.150000	0.150000	0.000000	MP_Heist4_Tat_004	MP_Heist4_Tat_004
MP_Heist4_Tat_004_F	mpHeist4_overlays	update/x64/dlcpacks/mpheist4/dlc.rpf/common/data/effects/peds/mpheist4_overlays.xml	ZONE_TORSO	TYPE_TATTOO	GENDER_FEMALE	0.900000	0.395000	0.150000	0.100000	0.000000	MP_Heist4_Tat_004	MP_Heist4_Tat_004
MP_Heist4_Tat_005_M	mpHeist4_overlays	update/x64/dlcpacks/mpheist4/dlc.rpf/common/data/effects/peds/mpheist4_overlays.xml	ZONE_RIGHT_ARM	TYPE_TATTOO	GENDER_MALE	0.510000	0.770000	0.130000	0.130000	0.000000	MP_Heist4_Tat_005	MP_Heist4_Tat_005
MP_Heist4_Tat_005_F	mpHeist4_overlays	update/x64/dlcpacks/mpheist4/dlc.rpf/common/data/effects/peds/mpheist4_overlays.xml	ZONE_RIGHT_ARM	TYPE_TATTOO	GENDER_FEMALE	0.490000	0.750000	0.170000	0.140000	0.000000	MP_Heist4_Tat_005	MP_Heist4_Tat_005
MP_Heist4_Tat_006_M	mpHeist4_overlays	update/x64/dlcpacks/mpheist4/dlc.rpf/common/data/effects/peds/mpheist4_overlays.xml	ZONE_RIGHT_ARM	TYPE_TATTOO	GENDER_MALE	0.510000	0.770000	0.130000	0.130000	0.000000	MP_Heist4_Tat_006	MP_Heist4_Tat_006
MP_Heist4_Tat_006_F	mpHeist4_overlays	update/x64/dlcpacks/mpheist4/dlc.rpf/common/data/effects/peds/mpheist4_overlays.xml	ZONE_RIGHT_ARM	TYPE_TATTOO	GENDER_FEMALE	0.490000	0.760000	0.170000	0.140000	0.000000	MP_Heist4_Tat_006	MP_Heist4_Tat_006
MP_Heist4_Tat_007_M	mpHeist4_overlays	update/x64/dlcpacks/mpheist4/dlc.rpf/common/data/effects/peds/mpheist4_overlays.xml	ZONE_RIGHT_ARM	TYPE_TATTOO	GENDER_MALE	0.510000	0.840000	0.060000	0.080000	0.000000	MP_Heist4_Tat_007	MP_Heist4_Tat_007
MP_Heist4_Tat_007_F	mpHeist4_overlays	update/x64/dlcpacks/mpheist4/dlc.rpf/common/data/effects/peds/mpheist4_overlays.xml	ZONE_RIGHT_ARM	TYPE_TATTOO	GENDER_FEMALE	0.480000	0.840000	0.080000	0.090000	0.000000	MP_Heist4_Tat_007	MP_Heist4_Tat_007
MP_Heist4_Tat_008_M	mpHeist4_overlays	update/x64/dlcpacks/mpheist4/dlc.rpf/common/data/effects/peds/mpheist4_overlays.xml	ZONE_RIGHT_ARM	TYPE_TATTOO	GENDER_MALE	0.500000	0.810000	0.130000	0.120000	0.000000	MP_Heist4_Tat_008	MP_Heist4_Tat_008
MP_Heist4_Tat_008_F	mpHeist4_overlays	update/x64/dlcpacks/mpheist4/dlc.rpf/common/data/effects/peds/mpheist4_overlays.xml	ZONE_RIGHT_ARM	TYPE_TATTOO	GENDER_FEMALE	0.460000	0.830000	0.160000	0.130000	0.000000	MP_Heist4_Tat_008	MP_Heist4_Tat_008
MP_Heist4_Tat_009_M	mpHeist4_overlays	update/x64/dlcpacks/mpheist4/dlc.rpf/common/data/effects/peds/mpheist4_overlays.xml	ZONE_LEFT_ARM	TYPE_TATTOO	GENDER_MALE	0.525000	0.820000	0.110000	0.110000	0.000000	MP_Heist4_Tat_009	MP_Heist4_Tat_009
MP_Heist4_Tat_009_F	mpHeist4_overlays	update/x64/dlcpacks/mpheist4/dlc.rpf/common/data/effects/peds/mpheist4_overlays.xml	ZONE_LEFT_ARM	TYPE_TATTOO	GENDER_FEMALE	0.540000	0.840000	0.140000	0.110000	0.000000	MP_Heist4_Tat_009	MP_Heist4_Tat_009
MP_Heist4_Tat_010_M	mpHeist4_overlays	update/x64/dlcpacks/mpheist4/dlc.rpf/common/data/effects/peds/mpheist4_overlays.xml	ZONE_LEFT_LEG	TYPE_TATTOO	GENDER_MALE	0.260000	0.370000	0.170000	0.150000	0.000000	MP_Heist4_Tat_010	MP_Heist4_Tat_010
MP_Heist4_Tat_010_F	mpHeist4_overlays	update/x64/dlcpacks/mpheist4/dlc.rpf/common/data/effects/peds/mpheist4_overlays.xml	ZONE_LEFT_LEG	TYPE_TATTOO	GENDER_FEMALE	0.230000	0.360000	0.180000	0.150000	0.000000	MP_Heist4_Tat_010	MP_Heist4_Tat_010
MP_Heist4_Tat_011_M	mpHeist4_overlays	update/x64/dlcpacks/mpheist4/dlc.rpf/common/data/effects/peds/mpheist4_overlays.xml	ZONE_RIGHT_ARM	TYPE_TATTOO	GENDER_MALE	0.510000	0.770000	0.130000	0.130000	0.000000	MP_Heist4_Tat_011	MP_Heist4_Tat_011
MP_Heist4_Tat_011_F	mpHeist4_overlays	update/x64/dlcpacks/mpheist4/dlc.rpf/common/data/effects/peds/mpheist4_overlays.xml	ZONE_RIGHT_ARM	TYPE_TATTOO	GENDER_FEMALE	0.490000	0.750000	0.170000	0.140000	0.000000	MP_Heist4_Tat_011	MP_Heist4_Tat_011
MP_Heist4_Tat_012_M	mpHeist4_overlays	update/x64/dlcpacks/mpheist4/dlc.rpf/common/data/effects/peds/mpheist4_overlays.xml	ZONE_RIGHT_ARM	TYPE_TATTOO	GENDER_MALE	0.510000	0.770000	0.130000	0.130000	0.000000	MP_Heist4_Tat_012	MP_Heist4_Tat_012
MP_Heist4_Tat_012_F	mpHeist4_overlays	update/x64/dlcpacks/mpheist4/dlc.rpf/common/data/effects/peds/mpheist4_overlays.xml	ZONE_RIGHT_ARM	TYPE_TATTOO	GENDER_FEMALE	0.490000	0.750000	0.170000	0.140000	0.000000	MP_Heist4_Tat_012	MP_Heist4_Tat_012
MP_Heist4_Tat_013_M	mpHeist4_overlays	update/x64/dlcpacks/mpheist4/dlc.rpf/common/data/effects/peds/mpheist4_overlays.xml	ZONE_TORSO	TYPE_TATTOO	GENDER_MALE	0.215000	0.700000	0.140000	0.140000	0.000000	MP_Heist4_Tat_013	MP_Heist4_Tat_013
MP_Heist4_Tat_013_F	mpHeist4_overlays	update/x64/dlcpacks/mpheist4/dlc.rpf/common/data/effects/peds/mpheist4_overlays.xml	ZONE_TORSO	TYPE_TATTOO	GENDER_FEMALE	0.240000	0.760000	0.140000	0.110000	0.000000	MP_Heist4_Tat_013	MP_Heist4_Tat_013
MP_Heist4_Tat_014_M	mpHeist4_overlays	update/x64/dlcpacks/mpheist4/dlc.rpf/common/data/effects/peds/mpheist4_overlays.xml	ZONE_TORSO	TYPE_TATTOO	GENDER_MALE	0.225000	0.640000	0.200000	0.200000	0.000000	MP_Heist4_Tat_014	MP_Heist4_Tat_014
MP_Heist4_Tat_014_F	mpHeist4_overlays	update/x64/dlcpacks/mpheist4/dlc.rpf/common/data/effects/peds/mpheist4_overlays.xml	ZONE_TORSO	TYPE_TATTOO	GENDER_FEMALE	0.240000	0.700000	0.190000	0.160000	0.000000	MP_Heist4_Tat_014	MP_Heist4_Tat_014
MP_Heist4_Tat_015_M	mpHeist4_overlays	update/x64/dlcpacks/mpheist4/dlc.rpf/common/data/effects/peds/mpheist4_overlays.xml	ZONE_TORSO	TYPE_TATTOO	GENDER_MALE	0.225000	0.500000	0.300000	0.320000	0.000000	MP_Heist4_Tat_015	MP_Heist4_Tat_015
MP_Heist4_Tat_015_F	mpHeist4_overlays	update/x64/dlcpacks/mpheist4/dlc.rpf/common/data/effects/peds/mpheist4_overlays.xml	ZONE_TORSO	TYPE_TATTOO	GENDER_FEMALE	0.240000	0.590000	0.310000	0.260000	0.000000	MP_Heist4_Tat_015	MP_Heist4_Tat_015
MP_Heist4_Tat_016_M	mpHeist4_overlays	update/x64/dlcpacks/mpheist4/dlc.rpf/common/data/effects/peds/mpheist4_overlays.xml	ZONE_TORSO	TYPE_TATTOO	GENDER_MALE	0.230000	0.550000	0.210000	0.260000	0.000000	MP_Heist4_Tat_016	MP_Heist4_Tat_016
MP_Heist4_Tat_016_F	mpHeist4_overlays	update/x64/dlcpacks/mpheist4/dlc.rpf/common/data/effects/peds/mpheist4_overlays.xml	ZONE_TORSO	TYPE_TATTOO	GENDER_FEMALE	0.240000	0.620000	0.240000	0.220000	0.000000	MP_Heist4_Tat_016	MP_Heist4_Tat_016
MP_Heist4_Tat_017_M	mpHeist4_overlays	update/x64/dlcpacks/mpheist4/dlc.rpf/common/data/effects/peds/mpheist4_overlays.xml	ZONE_TORSO	TYPE_TATTOO	GENDER_MALE	0.230000	0.540000	0.250000	0.280000	0.000000	MP_Heist4_Tat_017	MP_Heist4_Tat_017
MP_Heist4_Tat_017_F	mpHeist4_overlays	update/x64/dlcpacks/mpheist4/dlc.rpf/common/data/effects/peds/mpheist4_overlays.xml	ZONE_TORSO	TYPE_TATTOO	GENDER_FEMALE	0.240000	0.600000	0.300000	0.220000	0.000000	MP_Heist4_Tat_017	MP_Heist4_Tat_017
MP_Heist4_Tat_018_M	mpHeist4_overlays	update/x64/dlcpacks/mpheist4/dlc.rpf/common/data/effects/peds/mpheist4_overlays.xml	ZONE_TORSO	TYPE_TATTOO	GENDER_MALE	0.225000	0.540000	0.200000	0.240000	0.000000	MP_Heist4_Tat_018	MP_Heist4_Tat_018
MP_Heist4_Tat_018_F	mpHeist4_overlays	update/x64/dlcpacks/mpheist4/dlc.rpf/common/data/effects/peds/mpheist4_overlays.xml	ZONE_TORSO	TYPE_TATTOO	GENDER_FEMALE	0.240000	0.600000	0.230000	0.200000	0.000000	MP_Heist4_Tat_018	MP_Heist4_Tat_018
MP_Heist4_Tat_019_M	mpHeist4_overlays	update/x64/dlcpacks/mpheist4/dlc.rpf/common/data/effects/peds/mpheist4_overlays.xml	ZONE_TORSO	TYPE_TATTOO	GENDER_MALE	0.225000	0.680000	0.170000	0.170000	0.000000	MP_Heist4_Tat_019	MP_Heist4_Tat_019
MP_Heist4_Tat_019_F	mpHeist4_overlays	update/x64/dlcpacks/mpheist4/dlc.rpf/common/data/effects/peds/mpheist4_overlays.xml	ZONE_TORSO	TYPE_TATTOO	GENDER_FEMALE	0.240000	0.720000	0.170000	0.140000	0.000000	MP_Heist4_Tat_019	MP_Heist4_Tat_019
MP_Heist4_Tat_020_M	mpHeist4_overlays	update/x64/dlcpacks/mpheist4/dlc.rpf/common/data/effects/peds/mpheist4_overlays.xml	ZONE_TORSO	TYPE_TATTOO	GENDER_MALE	0.230000	0.500000	0.230000	0.240000	0.000000	MP_Heist4_Tat_020	MP_Heist4_Tat_020
MP_Heist4_Tat_020_F	mpHeist4_overlays	update/x64/dlcpacks/mpheist4/dlc.rpf/common/data/effects/peds/mpheist4_overlays.xml	ZONE_TORSO	TYPE_TATTOO	GENDER_FEMALE	0.240000	0.580000	0.280000	0.20000	0.000000	MP_Heist4_Tat_020	MP_Heist4_Tat_020
MP_Heist4_Tat_021_M	mpHeist4_overlays	update/x64/dlcpacks/mpheist4/dlc.rpf/common/data/effects/peds/mpheist4_overlays.xml	ZONE_TORSO	TYPE_TATTOO	GENDER_MALE	0.230000	0.480000	0.300000	0.300000	0.000000	MP_Heist4_Tat_021	MP_Heist4_Tat_021
MP_Heist4_Tat_021_F	mpHeist4_overlays	update/x64/dlcpacks/mpheist4/dlc.rpf/common/data/effects/peds/mpheist4_overlays.xml	ZONE_TORSO	TYPE_TATTOO	GENDER_FEMALE	0.250000	0.560000	0.330000	0.200000	0.000000	MP_Heist4_Tat_021	MP_Heist4_Tat_021
MP_Heist4_Tat_022_M	mpHeist4_overlays	update/x64/dlcpacks/mpheist4/dlc.rpf/common/data/effects/peds/mpheist4_overlays.xml	ZONE_TORSO	TYPE_TATTOO	GENDER_MALE	0.725000	0.640000	0.180000	0.170000	0.000000	MP_Heist4_Tat_022	MP_Heist4_Tat_022
MP_Heist4_Tat_022_F	mpHeist4_overlays	update/x64/dlcpacks/mpheist4/dlc.rpf/common/data/effects/peds/mpheist4_overlays.xml	ZONE_TORSO	TYPE_TATTOO	GENDER_FEMALE	0.740000	0.660000	0.190000	0.140000	0.000000	MP_Heist4_Tat_022	MP_Heist4_Tat_022
MP_Heist4_Tat_023_M	mpHeist4_overlays	update/x64/dlcpacks/mpheist4/dlc.rpf/common/data/effects/peds/mpheist4_overlays.xml	ZONE_TORSO	TYPE_TATTOO	GENDER_MALE	0.725000	0.640000	0.160000	0.130000	0.000000	MP_Heist4_Tat_023	MP_Heist4_Tat_023
MP_Heist4_Tat_023_F	mpHeist4_overlays	update/x64/dlcpacks/mpheist4/dlc.rpf/common/data/effects/peds/mpheist4_overlays.xml	ZONE_TORSO	TYPE_TATTOO	GENDER_FEMALE	0.740000	0.670000	0.170000	0.110000	0.000000	MP_Heist4_Tat_023	MP_Heist4_Tat_023
MP_Heist4_Tat_024_M	mpHeist4_overlays	update/x64/dlcpacks/mpheist4/dlc.rpf/common/data/effects/peds/mpheist4_overlays.xml	ZONE_LEFT_LEG	TYPE_TATTOO	GENDER_MALE	0.225000	0.350000	0.170000	0.170000	0.000000	MP_Heist4_Tat_024	MP_Heist4_Tat_024
MP_Heist4_Tat_024_F	mpHeist4_overlays	update/x64/dlcpacks/mpheist4/dlc.rpf/common/data/effects/peds/mpheist4_overlays.xml	ZONE_LEFT_LEG	TYPE_TATTOO	GENDER_FEMALE	0.200000	0.360000	0.170000	0.160000	0.000000	MP_Heist4_Tat_024	MP_Heist4_Tat_024
MP_Heist4_Tat_025_M	mpHeist4_overlays	update/x64/dlcpacks/mpheist4/dlc.rpf/common/data/effects/peds/mpheist4_overlays.xml	ZONE_LEFT_LEG	TYPE_TATTOO	GENDER_MALE	0.625000	0.750000	0.170000	0.200000	0.000000	MP_Heist4_Tat_025	MP_Heist4_Tat_025
MP_Heist4_Tat_025_F	mpHeist4_overlays	update/x64/dlcpacks/mpheist4/dlc.rpf/common/data/effects/peds/mpheist4_overlays.xml	ZONE_LEFT_LEG	TYPE_TATTOO	GENDER_FEMALE	0.620000	0.790000	0.180000	0.220000	0.000000	MP_Heist4_Tat_025	MP_Heist4_Tat_025
MP_Heist4_Tat_026_M	mpHeist4_overlays	update/x64/dlcpacks/mpheist4/dlc.rpf/common/data/effects/peds/mpheist4_overlays.xml	ZONE_RIGHT_ARM	TYPE_TATTOO	GENDER_MALE	0.490000	0.810000	0.140000	0.170000	0.000000	MP_Heist4_Tat_026	MP_Heist4_Tat_026
MP_Heist4_Tat_026_F	mpHeist4_overlays	update/x64/dlcpacks/mpheist4/dlc.rpf/common/data/effects/peds/mpheist4_overlays.xml	ZONE_RIGHT_ARM	TYPE_TATTOO	GENDER_FEMALE	0.490000	0.810000	0.190000	0.170000	0.000000	MP_Heist4_Tat_026	MP_Heist4_Tat_026
MP_Heist4_Tat_027_M	mpHeist4_overlays	update/x64/dlcpacks/mpheist4/dlc.rpf/common/data/effects/peds/mpheist4_overlays.xml	ZONE_RIGHT_LEG	TYPE_TATTOO	GENDER_MALE	0.725000	0.350000	0.170000	0.170000	0.000000	MP_Heist4_Tat_027	MP_Heist4_Tat_027
MP_Heist4_Tat_027_F	mpHeist4_overlays	update/x64/dlcpacks/mpheist4/dlc.rpf/common/data/effects/peds/mpheist4_overlays.xml	ZONE_RIGHT_LEG	TYPE_TATTOO	GENDER_FEMALE	0.750000	0.360000	0.170000	0.160000	0.000000	MP_Heist4_Tat_027	MP_Heist4_Tat_027
MP_Heist4_Tat_028_M	mpHeist4_overlays	update/x64/dlcpacks/mpheist4/dlc.rpf/common/data/effects/peds/mpheist4_overlays.xml	ZONE_LEFT_LEG	TYPE_TATTOO	GENDER_MALE	0.225000	0.360000	0.120000	0.130000	0.000000	MP_Heist4_Tat_028	MP_Heist4_Tat_028
MP_Heist4_Tat_028_F	mpHeist4_overlays	update/x64/dlcpacks/mpheist4/dlc.rpf/common/data/effects/peds/mpheist4_overlays.xml	ZONE_LEFT_LEG	TYPE_TATTOO	GENDER_FEMALE	0.240000	0.390000	0.130000	0.120000	0.000000	MP_Heist4_Tat_028	MP_Heist4_Tat_028
MP_Heist4_Tat_029_M	mpHeist4_overlays	update/x64/dlcpacks/mpheist4/dlc.rpf/common/data/effects/peds/mpheist4_overlays.xml	ZONE_LEFT_LEG	TYPE_TATTOO	GENDER_MALE	0.225000	0.350000	0.130000	0.170000	0.000000	MP_Heist4_Tat_029	MP_Heist4_Tat_029
MP_Heist4_Tat_029_F	mpHeist4_overlays	update/x64/dlcpacks/mpheist4/dlc.rpf/common/data/effects/peds/mpheist4_overlays.xml	ZONE_LEFT_LEG	TYPE_TATTOO	GENDER_FEMALE	0.240000	0.350000	0.150000	0.160000	0.000000	MP_Heist4_Tat_029	MP_Heist4_Tat_029
MP_Heist4_Tat_030_M	mpHeist4_overlays	update/x64/dlcpacks/mpheist4/dlc.rpf/common/data/effects/peds/mpheist4_overlays.xml	ZONE_TORSO	TYPE_TATTOO	GENDER_MALE	0.725000	0.360000	0.140000	0.110000	0.000000	MP_Heist4_Tat_030	MP_Heist4_Tat_030
MP_Heist4_Tat_030_F	mpHeist4_overlays	update/x64/dlcpacks/mpheist4/dlc.rpf/common/data/effects/peds/mpheist4_overlays.xml	ZONE_TORSO	TYPE_TATTOO	GENDER_FEMALE	0.730000	0.410000	0.170000	0.090000	0.000000	MP_Heist4_Tat_030	MP_Heist4_Tat_030
MP_Heist4_Tat_031_M	mpHeist4_overlays	update/x64/dlcpacks/mpheist4/dlc.rpf/common/data/effects/peds/mpheist4_overlays.xml	ZONE_RIGHT_ARM	TYPE_TATTOO	GENDER_MALE	0.510000	0.780000	0.120000	0.160000	0.000000	MP_Heist4_Tat_031	MP_Heist4_Tat_031
MP_Heist4_Tat_031_F	mpHeist4_overlays	update/x64/dlcpacks/mpheist4/dlc.rpf/common/data/effects/peds/mpheist4_overlays.xml	ZONE_RIGHT_ARM	TYPE_TATTOO	GENDER_FEMALE	0.440000	0.780000	0.160000	0.190000	0.000000	MP_Heist4_Tat_031	MP_Heist4_Tat_031
MP_Heist4_Tat_032_M	mpHeist4_overlays	update/x64/dlcpacks/mpheist4/dlc.rpf/common/data/effects/peds/mpheist4_overlays.xml	ZONE_RIGHT_ARM	TYPE_TATTOO	GENDER_MALE	0.510000	0.770000	0.130000	0.130000	0.000000	MP_Heist4_Tat_032	MP_Heist4_Tat_032
MP_Heist4_Tat_032_F	mpHeist4_overlays	update/x64/dlcpacks/mpheist4/dlc.rpf/common/data/effects/peds/mpheist4_overlays.xml	ZONE_RIGHT_ARM	TYPE_TATTOO	GENDER_FEMALE	0.490000	0.760000	0.170000	0.140000	0.000000	MP_Heist4_Tat_032	MP_Heist4_Tat_032
MP_Heist4_Tee_000_M	mpHeist4_overlays	update/x64/dlcpacks/mpheist4/dlc.rpf/common/data/effects/peds/mpheist4_overlays.xml	ZONE_TORSO	TYPE_BADGE	GENDER_MALE	0.737000	0.680000	0.160000	0.135000	0.000000	MP_Heist4_Tee_000	MP_Heist4_Tee_000
MP_Heist4_Tee_000_F	mpHeist4_overlays	update/x64/dlcpacks/mpheist4/dlc.rpf/common/data/effects/peds/mpheist4_overlays.xml	ZONE_TORSO	TYPE_BADGE	GENDER_FEMALE	0.720000	0.667000	0.160000	0.135000	0.000000	MP_Heist4_Tee_000	MP_Heist4_Tee_000
MP_Heist4_Tee_001_M	mpHeist4_overlays	update/x64/dlcpacks/mpheist4/dlc.rpf/common/data/effects/peds/mpheist4_overlays.xml	ZONE_TORSO	TYPE_BADGE	GENDER_MALE	0.737000	0.680000	0.160000	0.135000	0.000000	MP_Heist4_Tee_001	MP_Heist4_Tee_001
MP_Heist4_Tee_001_F	mpHeist4_overlays	update/x64/dlcpacks/mpheist4/dlc.rpf/common/data/effects/peds/mpheist4_overlays.xml	ZONE_TORSO	TYPE_BADGE	GENDER_FEMALE	0.720000	0.657000	0.160000	0.135000	0.000000	MP_Heist4_Tee_001	MP_Heist4_Tee_001
MP_Heist4_Tee_002_M	mpHeist4_overlays	update/x64/dlcpacks/mpheist4/dlc.rpf/common/data/effects/peds/mpheist4_overlays.xml	ZONE_TORSO	TYPE_BADGE	GENDER_MALE	0.737000	0.680000	0.150000	0.125000	0.000000	MP_Heist4_Tee_002	MP_Heist4_Tee_002
MP_Heist4_Tee_002_F	mpHeist4_overlays	update/x64/dlcpacks/mpheist4/dlc.rpf/common/data/effects/peds/mpheist4_overlays.xml	ZONE_TORSO	TYPE_BADGE	GENDER_FEMALE	0.720000	0.657000	0.150000	0.125000	0.000000	MP_Heist4_Tee_002	MP_Heist4_Tee_002
MP_Heist4_Tee_003_M	mpHeist4_overlays	update/x64/dlcpacks/mpheist4/dlc.rpf/common/data/effects/peds/mpheist4_overlays.xml	ZONE_TORSO	TYPE_BADGE	GENDER_MALE	0.737000	0.700000	0.160000	0.135000	0.000000	MP_Heist4_Tee_003	MP_Heist4_Tee_003
MP_Heist4_Tee_003_F	mpHeist4_overlays	update/x64/dlcpacks/mpheist4/dlc.rpf/common/data/effects/peds/mpheist4_overlays.xml	ZONE_TORSO	TYPE_BADGE	GENDER_FEMALE	0.720000	0.657000	0.160000	0.135000	0.000000	MP_Heist4_Tee_003	MP_Heist4_Tee_003
MP_Heist4_Tee_004_M	mpHeist4_overlays	update/x64/dlcpacks/mpheist4/dlc.rpf/common/data/effects/peds/mpheist4_overlays.xml	ZONE_TORSO	TYPE_BADGE	GENDER_MALE	0.737000	0.690000	0.160000	0.135000	0.000000	MP_Heist4_Tee_004	MP_Heist4_Tee_004
MP_Heist4_Tee_004_F	mpHeist4_overlays	update/x64/dlcpacks/mpheist4/dlc.rpf/common/data/effects/peds/mpheist4_overlays.xml	ZONE_TORSO	TYPE_BADGE	GENDER_FEMALE	0.720000	0.657000	0.160000	0.135000	0.000000	MP_Heist4_Tee_004	MP_Heist4_Tee_004
MP_Heist4_Tee_005_M	mpHeist4_overlays	update/x64/dlcpacks/mpheist4/dlc.rpf/common/data/effects/peds/mpheist4_overlays.xml	ZONE_TORSO	TYPE_BADGE	GENDER_MALE	0.737000	0.690000	0.160000	0.135000	0.000000	MP_Heist4_Tee_005	MP_Heist4_Tee_005
MP_Heist4_Tee_005_F	mpHeist4_overlays	update/x64/dlcpacks/mpheist4/dlc.rpf/common/data/effects/peds/mpheist4_overlays.xml	ZONE_TORSO	TYPE_BADGE	GENDER_FEMALE	0.710000	0.657000	0.160000	0.135000	0.000000	MP_Heist4_Tee_005	MP_Heist4_Tee_005
MP_Heist4_Tee_006_M	mpHeist4_overlays	update/x64/dlcpacks/mpheist4/dlc.rpf/common/data/effects/peds/mpheist4_overlays.xml	ZONE_TORSO	TYPE_BADGE	GENDER_MALE	0.737000	0.690000	0.160000	0.135000	0.000000	MP_Heist4_Tee_006	MP_Heist4_Tee_006
MP_Heist4_Tee_006_F	mpHeist4_overlays	update/x64/dlcpacks/mpheist4/dlc.rpf/common/data/effects/peds/mpheist4_overlays.xml	ZONE_TORSO	TYPE_BADGE	GENDER_FEMALE	0.720000	0.657000	0.160000	0.135000	0.000000	MP_Heist4_Tee_006	MP_Heist4_Tee_006
MP_Heist4_Tee_007_M	mpHeist4_overlays	update/x64/dlcpacks/mpheist4/dlc.rpf/common/data/effects/peds/mpheist4_overlays.xml	ZONE_TORSO	TYPE_BADGE	GENDER_MALE	0.737000	0.640000	0.150000	0.125000	0.000000	MP_Heist4_Tee_007	MP_Heist4_Tee_007
MP_Heist4_Tee_007_F	mpHeist4_overlays	update/x64/dlcpacks/mpheist4/dlc.rpf/common/data/effects/peds/mpheist4_overlays.xml	ZONE_TORSO	TYPE_BADGE	GENDER_FEMALE	0.720000	0.627000	0.150000	0.125000	0.000000	MP_Heist4_Tee_007	MP_Heist4_Tee_007
MP_Heist4_Tee_008_M	mpHeist4_overlays	update/x64/dlcpacks/mpheist4/dlc.rpf/common/data/effects/peds/mpheist4_overlays.xml	ZONE_TORSO	TYPE_BADGE	GENDER_MALE	0.737000	0.670000	0.140000	0.115000	0.000000	MP_Heist4_Tee_008	MP_Heist4_Tee_008
MP_Heist4_Tee_008_F	mpHeist4_overlays	update/x64/dlcpacks/mpheist4/dlc.rpf/common/data/effects/peds/mpheist4_overlays.xml	ZONE_TORSO	TYPE_BADGE	GENDER_FEMALE	0.720000	0.637000	0.140000	0.115000	0.000000	MP_Heist4_Tee_008	MP_Heist4_Tee_008
MP_Heist4_Tee_009_M	mpHeist4_overlays	update/x64/dlcpacks/mpheist4/dlc.rpf/common/data/effects/peds/mpheist4_overlays.xml	ZONE_TORSO	TYPE_BADGE	GENDER_MALE	0.737000	0.670000	0.160000	0.135000	0.000000	MP_Heist4_Tee_009	MP_Heist4_Tee_009
MP_Heist4_Tee_009_F	mpHeist4_overlays	update/x64/dlcpacks/mpheist4/dlc.rpf/common/data/effects/peds/mpheist4_overlays.xml	ZONE_TORSO	TYPE_BADGE	GENDER_FEMALE	0.720000	0.637000	0.160000	0.135000	0.000000	MP_Heist4_Tee_009	MP_Heist4_Tee_009
MP_Heist4_Tee_010_M	mpHeist4_overlays	update/x64/dlcpacks/mpheist4/dlc.rpf/common/data/effects/peds/mpheist4_overlays.xml	ZONE_TORSO	TYPE_BADGE	GENDER_MALE	0.737000	0.700000	0.160000	0.135000	0.000000	MP_Heist4_Tee_010	MP_Heist4_Tee_010
MP_Heist4_Tee_010_F	mpHeist4_overlays	update/x64/dlcpacks/mpheist4/dlc.rpf/common/data/effects/peds/mpheist4_overlays.xml	ZONE_TORSO	TYPE_BADGE	GENDER_FEMALE	0.720000	0.667000	0.160000	0.135000	0.000000	MP_Heist4_Tee_010	MP_Heist4_Tee_010
MP_Heist4_Tee_011_M	mpHeist4_overlays	update/x64/dlcpacks/mpheist4/dlc.rpf/common/data/effects/peds/mpheist4_overlays.xml	ZONE_TORSO	TYPE_BADGE	GENDER_MALE	0.737000	0.650000	0.120000	0.095000	0.000000	MP_Heist4_Tee_011	MP_Heist4_Tee_011
MP_Heist4_Tee_011_F	mpHeist4_overlays	update/x64/dlcpacks/mpheist4/dlc.rpf/common/data/effects/peds/mpheist4_overlays.xml	ZONE_TORSO	TYPE_BADGE	GENDER_FEMALE	0.720000	0.627000	0.120000	0.095000	0.000000	MP_Heist4_Tee_011	MP_Heist4_Tee_011
MP_Heist4_Tee_012_M	mpHeist4_overlays	update/x64/dlcpacks/mpheist4/dlc.rpf/common/data/effects/peds/mpheist4_overlays.xml	ZONE_TORSO	TYPE_BADGE	GENDER_MALE	0.737000	0.620000	0.140000	0.115000	0.000000	MP_Heist4_Tee_012	MP_Heist4_Tee_012
MP_Heist4_Tee_012_F	mpHeist4_overlays	update/x64/dlcpacks/mpheist4/dlc.rpf/common/data/effects/peds/mpheist4_overlays.xml	ZONE_TORSO	TYPE_BADGE	GENDER_FEMALE	0.720000	0.607000	0.140000	0.115000	0.000000	MP_Heist4_Tee_012	MP_Heist4_Tee_012
MP_Heist4_Tee_013_M	mpHeist4_overlays	update/x64/dlcpacks/mpheist4/dlc.rpf/common/data/effects/peds/mpheist4_overlays.xml	ZONE_TORSO	TYPE_BADGE	GENDER_MALE	0.737000	0.680000	0.160000	0.135000	0.000000	MP_Heist4_Tee_013	MP_Heist4_Tee_013
MP_Heist4_Tee_013_F	mpHeist4_overlays	update/x64/dlcpacks/mpheist4/dlc.rpf/common/data/effects/peds/mpheist4_overlays.xml	ZONE_TORSO	TYPE_BADGE	GENDER_FEMALE	0.720000	0.647000	0.160000	0.135000	0.000000	MP_Heist4_Tee_013	MP_Heist4_Tee_013
MP_Heist4_Tee_014_M	mpHeist4_overlays	update/x64/dlcpacks/mpheist4/dlc.rpf/common/data/effects/peds/mpheist4_overlays.xml	ZONE_TORSO	TYPE_BADGE	GENDER_MALE	0.737000	0.680000	0.160000	0.135000	0.000000	MP_Heist4_Tee_014	MP_Heist4_Tee_014
MP_Heist4_Tee_014_F	mpHeist4_overlays	update/x64/dlcpacks/mpheist4/dlc.rpf/common/data/effects/peds/mpheist4_overlays.xml	ZONE_TORSO	TYPE_BADGE	GENDER_FEMALE	0.720000	0.647000	0.160000	0.135000	0.000000	MP_Heist4_Tee_014	MP_Heist4_Tee_014
MP_Heist4_Tee_015_M	mpHeist4_overlays	update/x64/dlcpacks/mpheist4/dlc.rpf/common/data/effects/peds/mpheist4_overlays.xml	ZONE_TORSO	TYPE_BADGE	GENDER_MALE	0.737000	0.660000	0.140000	0.115000	0.000000	MP_Heist4_Tee_015	MP_Heist4_Tee_015
MP_Heist4_Tee_015_F	mpHeist4_overlays	update/x64/dlcpacks/mpheist4/dlc.rpf/common/data/effects/peds/mpheist4_overlays.xml	ZONE_TORSO	TYPE_BADGE	GENDER_FEMALE	0.720000	0.627000	0.140000	0.115000	0.000000	MP_Heist4_Tee_015	MP_Heist4_Tee_015
MP_Heist4_Tee_016_M	mpHeist4_overlays	update/x64/dlcpacks/mpheist4/dlc.rpf/common/data/effects/peds/mpheist4_overlays.xml	ZONE_TORSO	TYPE_BADGE	GENDER_MALE	0.737000	0.650000	0.160000	0.125000	0.000000	MP_Heist4_Tee_016	MP_Heist4_Tee_016
MP_Heist4_Tee_016_F	mpHeist4_overlays	update/x64/dlcpacks/mpheist4/dlc.rpf/common/data/effects/peds/mpheist4_overlays.xml	ZONE_TORSO	TYPE_BADGE	GENDER_FEMALE	0.720000	0.627000	0.160000	0.125000	0.000000	MP_Heist4_Tee_016	MP_Heist4_Tee_016
MP_Heist4_Tee_017_M	mpHeist4_overlays	update/x64/dlcpacks/mpheist4/dlc.rpf/common/data/effects/peds/mpheist4_overlays.xml	ZONE_TORSO	TYPE_BADGE	GENDER_MALE	0.737000	0.660000	0.140000	0.115000	0.000000	MP_Heist4_Tee_017	MP_Heist4_Tee_017
MP_Heist4_Tee_017_F	mpHeist4_overlays	update/x64/dlcpacks/mpheist4/dlc.rpf/common/data/effects/peds/mpheist4_overlays.xml	ZONE_TORSO	TYPE_BADGE	GENDER_FEMALE	0.720000	0.617000	0.140000	0.115000	0.000000	MP_Heist4_Tee_017	MP_Heist4_Tee_017
MP_Heist4_Tee_018_M	mpHeist4_overlays	update/x64/dlcpacks/mpheist4/dlc.rpf/common/data/effects/peds/mpheist4_overlays.xml	ZONE_TORSO	TYPE_BADGE	GENDER_MALE	0.737000	0.700000	0.160000	0.135000	0.000000	MP_Heist4_Tee_018	MP_Heist4_Tee_018
MP_Heist4_Tee_018_F	mpHeist4_overlays	update/x64/dlcpacks/mpheist4/dlc.rpf/common/data/effects/peds/mpheist4_overlays.xml	ZONE_TORSO	TYPE_BADGE	GENDER_FEMALE	0.720000	0.667000	0.160000	0.135000	0.000000	MP_Heist4_Tee_018	MP_Heist4_Tee_018
MP_Heist4_Tee_019_M	mpHeist4_overlays	update/x64/dlcpacks/mpheist4/dlc.rpf/common/data/effects/peds/mpheist4_overlays.xml	ZONE_TORSO	TYPE_BADGE	GENDER_MALE	0.737000	0.690000	0.160000	0.135000	0.000000	MP_Heist4_Tee_019	MP_Heist4_Tee_019
MP_Heist4_Tee_019_F	mpHeist4_overlays	update/x64/dlcpacks/mpheist4/dlc.rpf/common/data/effects/peds/mpheist4_overlays.xml	ZONE_TORSO	TYPE_BADGE	GENDER_FEMALE	0.720000	0.667000	0.160000	0.135000	0.000000	MP_Heist4_Tee_019	MP_Heist4_Tee_019
MP_Heist4_Tee_020_M	mpHeist4_overlays	update/x64/dlcpacks/mpheist4/dlc.rpf/common/data/effects/peds/mpheist4_overlays.xml	ZONE_TORSO	TYPE_BADGE	GENDER_MALE	0.737000	0.690000	0.160000	0.135000	0.000000	MP_Heist4_Tee_020	MP_Heist4_Tee_020
MP_Heist4_Tee_020_F	mpHeist4_overlays	update/x64/dlcpacks/mpheist4/dlc.rpf/common/data/effects/peds/mpheist4_overlays.xml	ZONE_TORSO	TYPE_BADGE	GENDER_FEMALE	0.720000	0.667000	0.160000	0.135000	0.000000	MP_Heist4_Tee_020	MP_Heist4_Tee_020
MP_Heist4_Tee_021_M	mpHeist4_overlays	update/x64/dlcpacks/mpheist4/dlc.rpf/common/data/effects/peds/mpheist4_overlays.xml	ZONE_TORSO	TYPE_BADGE	GENDER_MALE	0.737000	0.700000	0.160000	0.135000	0.000000	MP_Heist4_Tee_021	MP_Heist4_Tee_021
MP_Heist4_Tee_021_F	mpHeist4_overlays	update/x64/dlcpacks/mpheist4/dlc.rpf/common/data/effects/peds/mpheist4_overlays.xml	ZONE_TORSO	TYPE_BADGE	GENDER_FEMALE	0.720000	0.667000	0.160000	0.135000	0.000000	MP_Heist4_Tee_021	MP_Heist4_Tee_021
MP_Heist4_Tee_022_M	mpHeist4_overlays	update/x64/dlcpacks/mpheist4/dlc.rpf/common/data/effects/peds/mpheist4_overlays.xml	ZONE_TORSO	TYPE_BADGE	GENDER_MALE	0.737000	0.660000	0.160000	0.135000	0.000000	MP_Heist4_Tee_022	MP_Heist4_Tee_022
MP_Heist4_Tee_022_F	mpHeist4_overlays	update/x64/dlcpacks/mpheist4/dlc.rpf/common/data/effects/peds/mpheist4_overlays.xml	ZONE_TORSO	TYPE_BADGE	GENDER_FEMALE	0.720000	0.627000	0.160000	0.135000	0.000000	MP_Heist4_Tee_022	MP_Heist4_Tee_022
MP_Heist4_Tee_023_M	mpHeist4_overlays	update/x64/dlcpacks/mpheist4/dlc.rpf/common/data/effects/peds/mpheist4_overlays.xml	ZONE_TORSO	TYPE_BADGE	GENDER_MALE	0.737000	0.710000	0.160000	0.135000	0.000000	MP_Heist4_Tee_023	MP_Heist4_Tee_023
MP_Heist4_Tee_023_F	mpHeist4_overlays	update/x64/dlcpacks/mpheist4/dlc.rpf/common/data/effects/peds/mpheist4_overlays.xml	ZONE_TORSO	TYPE_BADGE	GENDER_FEMALE	0.720000	0.657000	0.160000	0.135000	0.000000	MP_Heist4_Tee_023	MP_Heist4_Tee_023
MP_Heist4_Tee_024_M	mpHeist4_overlays	update/x64/dlcpacks/mpheist4/dlc.rpf/common/data/effects/peds/mpheist4_overlays.xml	ZONE_TORSO	TYPE_BADGE	GENDER_MALE	0.737000	0.68000	0.130000	0.105000	0.000000	MP_Heist4_Tee_024	MP_Heist4_Tee_024
MP_Heist4_Tee_024_F	mpHeist4_overlays	update/x64/dlcpacks/mpheist4/dlc.rpf/common/data/effects/peds/mpheist4_overlays.xml	ZONE_TORSO	TYPE_BADGE	GENDER_FEMALE	0.720000	0.637000	0.130000	0.105000	0.000000	MP_Heist4_Tee_024	MP_Heist4_Tee_024
MP_Heist4_Tee_025_M	mpHeist4_overlays	update/x64/dlcpacks/mpheist4/dlc.rpf/common/data/effects/peds/mpheist4_overlays.xml	ZONE_TORSO	TYPE_BADGE	GENDER_MALE	0.737000	0.680000	0.160000	0.135000	0.000000	MP_Heist4_Tee_025	MP_Heist4_Tee_025
MP_Heist4_Tee_025_F	mpHeist4_overlays	update/x64/dlcpacks/mpheist4/dlc.rpf/common/data/effects/peds/mpheist4_overlays.xml	ZONE_TORSO	TYPE_BADGE	GENDER_FEMALE	0.720000	0.657000	0.160000	0.135000	0.000000	MP_Heist4_Tee_025	MP_Heist4_Tee_025
MP_Heist4_Tee_026_M	mpHeist4_overlays	update/x64/dlcpacks/mpheist4/dlc.rpf/common/data/effects/peds/mpheist4_overlays.xml	ZONE_TORSO	TYPE_BADGE	GENDER_MALE	0.737000	0.680000	0.140000	0.115000	0.000000	MP_Heist4_Tee_026	MP_Heist4_Tee_026
MP_Heist4_Tee_026_F	mpHeist4_overlays	update/x64/dlcpacks/mpheist4/dlc.rpf/common/data/effects/peds/mpheist4_overlays.xml	ZONE_TORSO	TYPE_BADGE	GENDER_FEMALE	0.720000	0.657000	0.140000	0.115000	0.000000	MP_Heist4_Tee_026	MP_Heist4_Tee_026
MP_Heist4_Tee_027_M	mpHeist4_overlays	update/x64/dlcpacks/mpheist4/dlc.rpf/common/data/effects/peds/mpheist4_overlays.xml	ZONE_TORSO	TYPE_BADGE	GENDER_MALE	0.737000	0.690000	0.160000	0.135000	0.000000	MP_Heist4_Tee_027	MP_Heist4_Tee_027
MP_Heist4_Tee_027_F	mpHeist4_overlays	update/x64/dlcpacks/mpheist4/dlc.rpf/common/data/effects/peds/mpheist4_overlays.xml	ZONE_TORSO	TYPE_BADGE	GENDER_FEMALE	0.720000	0.667000	0.160000	0.135000	0.000000	MP_Heist4_Tee_027	MP_Heist4_Tee_027
MP_Heist4_Tee_028_M	mpHeist4_overlays	update/x64/dlcpacks/mpheist4/dlc.rpf/common/data/effects/peds/mpheist4_overlays.xml	ZONE_TORSO	TYPE_BADGE	GENDER_MALE	0.737000	0.710000	0.160000	0.135000	0.000000	MP_Heist4_Tee_028	MP_Heist4_Tee_028
MP_Heist4_Tee_028_F	mpHeist4_overlays	update/x64/dlcpacks/mpheist4/dlc.rpf/common/data/effects/peds/mpheist4_overlays.xml	ZONE_TORSO	TYPE_BADGE	GENDER_FEMALE	0.720000	0.667000	0.160000	0.135000	0.000000	MP_Heist4_Tee_028	MP_Heist4_Tee_028
MP_Heist4_Tee_029_M	mpHeist4_overlays	update/x64/dlcpacks/mpheist4/dlc.rpf/common/data/effects/peds/mpheist4_overlays.xml	ZONE_TORSO	TYPE_BADGE	GENDER_MALE	0.737000	0.680000	0.160000	0.135000	0.000000	MP_Heist4_Tee_029	MP_Heist4_Tee_029
MP_Heist4_Tee_029_F	mpHeist4_overlays	update/x64/dlcpacks/mpheist4/dlc.rpf/common/data/effects/peds/mpheist4_overlays.xml	ZONE_TORSO	TYPE_BADGE	GENDER_FEMALE	0.720000	0.657000	0.160000	0.135000	0.000000	MP_Heist4_Tee_029	MP_Heist4_Tee_029
MP_Heist4_Tee_030_M	mpHeist4_overlays	update/x64/dlcpacks/mpheist4/dlc.rpf/common/data/effects/peds/mpheist4_overlays.xml	ZONE_TORSO	TYPE_BADGE	GENDER_MALE	0.737000	0.690000	0.180000	0.155000	0.000000	MP_Heist4_Tee_030	MP_Heist4_Tee_030
MP_Heist4_Tee_030_F	mpHeist4_overlays	update/x64/dlcpacks/mpheist4/dlc.rpf/common/data/effects/peds/mpheist4_overlays.xml	ZONE_TORSO	TYPE_BADGE	GENDER_FEMALE	0.720000	0.667000	0.180000	0.155000	0.000000	MP_Heist4_Tee_030	MP_Heist4_Tee_030
MP_Heist4_Tee_031_M	mpHeist4_overlays	update/x64/dlcpacks/mpheist4/dlc.rpf/common/data/effects/peds/mpheist4_overlays.xml	ZONE_TORSO	TYPE_BADGE	GENDER_MALE	0.737000	0.690000	0.160000	0.135000	0.000000	MP_Heist4_Tee_031	MP_Heist4_Tee_031
MP_Heist4_Tee_031_F	mpHeist4_overlays	update/x64/dlcpacks/mpheist4/dlc.rpf/common/data/effects/peds/mpheist4_overlays.xml	ZONE_TORSO	TYPE_BADGE	GENDER_FEMALE	0.720000	0.657000	0.160000	0.135000	0.000000	MP_Heist4_Tee_031	MP_Heist4_Tee_031
MP_Heist4_Tee_032_M	mpHeist4_overlays	update/x64/dlcpacks/mpheist4/dlc.rpf/common/data/effects/peds/mpheist4_overlays.xml	ZONE_TORSO	TYPE_BADGE	GENDER_MALE	0.737000	0.670000	0.160000	0.135000	0.000000	MP_Heist4_Tee_032	MP_Heist4_Tee_032
MP_Heist4_Tee_032_F	mpHeist4_overlays	update/x64/dlcpacks/mpheist4/dlc.rpf/common/data/effects/peds/mpheist4_overlays.xml	ZONE_TORSO	TYPE_BADGE	GENDER_FEMALE	0.720000	0.647000	0.160000	0.135000	0.000000	MP_Heist4_Tee_032	MP_Heist4_Tee_032
MP_Heist4_Tee_033_M	mpHeist4_overlays	update/x64/dlcpacks/mpheist4/dlc.rpf/common/data/effects/peds/mpheist4_overlays.xml	ZONE_TORSO	TYPE_BADGE	GENDER_MALE	0.737000	0.670000	0.160000	0.135000	0.000000	MP_Heist4_Tee_033	MP_Heist4_Tee_033
MP_Heist4_Tee_033_F	mpHeist4_overlays	update/x64/dlcpacks/mpheist4/dlc.rpf/common/data/effects/peds/mpheist4_overlays.xml	ZONE_TORSO	TYPE_BADGE	GENDER_FEMALE	0.720000	0.627000	0.160000	0.135000	0.000000	MP_Heist4_Tee_033	MP_Heist4_Tee_033
MP_Heist4_Tee_034_M	mpHeist4_overlays	update/x64/dlcpacks/mpheist4/dlc.rpf/common/data/effects/peds/mpheist4_overlays.xml	ZONE_TORSO	TYPE_BADGE	GENDER_MALE	0.737000	0.700000	0.150000	0.125000	0.000000	MP_Heist4_Tee_034	MP_Heist4_Tee_034
MP_Heist4_Tee_034_F	mpHeist4_overlays	update/x64/dlcpacks/mpheist4/dlc.rpf/common/data/effects/peds/mpheist4_overlays.xml	ZONE_TORSO	TYPE_BADGE	GENDER_FEMALE	0.720000	0.687000	0.150000	0.125000	0.000000	MP_Heist4_Tee_034	MP_Heist4_Tee_034
MP_Heist4_Tee_035_M	mpHeist4_overlays	update/x64/dlcpacks/mpheist4/dlc.rpf/common/data/effects/peds/mpheist4_overlays.xml	ZONE_TORSO	TYPE_BADGE	GENDER_MALE	0.737000	0.700000	0.150000	0.125000	0.000000	MP_Heist4_Tee_035	MP_Heist4_Tee_035
MP_Heist4_Tee_035_F	mpHeist4_overlays	update/x64/dlcpacks/mpheist4/dlc.rpf/common/data/effects/peds/mpheist4_overlays.xml	ZONE_TORSO	TYPE_BADGE	GENDER_FEMALE	0.720000	0.687000	0.150000	0.125000	0.000000	MP_Heist4_Tee_035	MP_Heist4_Tee_035
MP_Heist4_Tee_036_M	mpHeist4_overlays	update/x64/dlcpacks/mpheist4/dlc.rpf/common/data/effects/peds/mpheist4_overlays.xml	ZONE_TORSO	TYPE_BADGE	GENDER_MALE	0.737000	0.700000	0.150000	0.125000	0.000000	MP_Heist4_Tee_036	MP_Heist4_Tee_036
MP_Heist4_Tee_036_F	mpHeist4_overlays	update/x64/dlcpacks/mpheist4/dlc.rpf/common/data/effects/peds/mpheist4_overlays.xml	ZONE_TORSO	TYPE_BADGE	GENDER_FEMALE	0.720000	0.687000	0.150000	0.125000	0.000000	MP_Heist4_Tee_036	MP_Heist4_Tee_036
MP_Heist4_Tee_037_M	mpHeist4_overlays	update/x64/dlcpacks/mpheist4/dlc.rpf/common/data/effects/peds/mpheist4_overlays.xml	ZONE_TORSO	TYPE_BADGE	GENDER_MALE	0.737000	0.700000	0.150000	0.125000	0.000000	MP_Heist4_Tee_037	MP_Heist4_Tee_037
MP_Heist4_Tee_037_F	mpHeist4_overlays	update/x64/dlcpacks/mpheist4/dlc.rpf/common/data/effects/peds/mpheist4_overlays.xml	ZONE_TORSO	TYPE_BADGE	GENDER_FEMALE	0.720000	0.687000	0.150000	0.125000	0.000000	MP_Heist4_Tee_037	MP_Heist4_Tee_037
MP_Heist4_Tee_038_M	mpHeist4_overlays	update/x64/dlcpacks/mpheist4/dlc.rpf/common/data/effects/peds/mpheist4_overlays.xml	ZONE_TORSO	TYPE_BADGE	GENDER_MALE	0.737000	0.700000	0.150000	0.125000	0.000000	MP_Heist4_Tee_038	MP_Heist4_Tee_038
MP_Heist4_Tee_038_F	mpHeist4_overlays	update/x64/dlcpacks/mpheist4/dlc.rpf/common/data/effects/peds/mpheist4_overlays.xml	ZONE_TORSO	TYPE_BADGE	GENDER_FEMALE	0.720000	0.687000	0.150000	0.125000	0.000000	MP_Heist4_Tee_038	MP_Heist4_Tee_038
MP_Heist4_Tee_039_M	mpHeist4_overlays	update/x64/dlcpacks/mpheist4/dlc.rpf/common/data/effects/peds/mpheist4_overlays.xml	ZONE_TORSO	TYPE_BADGE	GENDER_MALE	0.737000	0.670000	0.180000	0.155000	0.000000	MP_Heist4_Tee_039	MP_Heist4_Tee_039
MP_Heist4_Tee_039_F	mpHeist4_overlays	update/x64/dlcpacks/mpheist4/dlc.rpf/common/data/effects/peds/mpheist4_overlays.xml	ZONE_TORSO	TYPE_BADGE	GENDER_FEMALE	0.720000	0.667000	0.170000	0.155000	0.000000	MP_Heist4_Tee_039	MP_Heist4_Tee_039
MP_Heist4_Tee_040_M	mpHeist4_overlays	update/x64/dlcpacks/mpheist4/dlc.rpf/common/data/effects/peds/mpheist4_overlays.xml	ZONE_TORSO	TYPE_BADGE	GENDER_MALE	0.237000	0.670000	0.180000	0.155000	0.000000	MP_Heist4_Tee_040	MP_Heist4_Tee_040
MP_Heist4_Tee_040_F	mpHeist4_overlays	update/x64/dlcpacks/mpheist4/dlc.rpf/common/data/effects/peds/mpheist4_overlays.xml	ZONE_TORSO	TYPE_BADGE	GENDER_FEMALE	0.240000	0.667000	0.180000	0.155000	0.000000	MP_Heist4_Tee_040	MP_Heist4_Tee_040
MP_Heist4_Tee_041_M	mpHeist4_overlays	update/x64/dlcpacks/mpheist4/dlc.rpf/common/data/effects/peds/mpheist4_overlays.xml	ZONE_TORSO	TYPE_BADGE	GENDER_MALE	0.737000	0.670000	0.180000	0.155000	0.000000	MP_Heist4_Tee_041	MP_Heist4_Tee_041
MP_Heist4_Tee_041_F	mpHeist4_overlays	update/x64/dlcpacks/mpheist4/dlc.rpf/common/data/effects/peds/mpheist4_overlays.xml	ZONE_TORSO	TYPE_BADGE	GENDER_FEMALE	0.720000	0.667000	0.170000	0.155000	0.000000	MP_Heist4_Tee_041	MP_Heist4_Tee_041
MP_Heist4_Tee_042_M	mpHeist4_overlays	update/x64/dlcpacks/mpheist4/dlc.rpf/common/data/effects/peds/mpheist4_overlays.xml	ZONE_TORSO	TYPE_BADGE	GENDER_MALE	0.237000	0.670000	0.180000	0.155000	0.000000	MP_Heist4_Tee_042	MP_Heist4_Tee_042
MP_Heist4_Tee_042_F	mpHeist4_overlays	update/x64/dlcpacks/mpheist4/dlc.rpf/common/data/effects/peds/mpheist4_overlays.xml	ZONE_TORSO	TYPE_BADGE	GENDER_FEMALE	0.240000	0.667000	0.180000	0.155000	0.000000	MP_Heist4_Tee_042	MP_Heist4_Tee_042
MP_Heist4_Tee_043_M	mpHeist4_overlays	update/x64/dlcpacks/mpheist4/dlc.rpf/common/data/effects/peds/mpheist4_overlays.xml	ZONE_TORSO	TYPE_BADGE	GENDER_MALE	0.737000	0.670000	0.180000	0.155000	0.000000	MP_Heist4_Tee_043	MP_Heist4_Tee_043
MP_Heist4_Tee_043_F	mpHeist4_overlays	update/x64/dlcpacks/mpheist4/dlc.rpf/common/data/effects/peds/mpheist4_overlays.xml	ZONE_TORSO	TYPE_BADGE	GENDER_FEMALE	0.720000	0.667000	0.170000	0.155000	0.000000	MP_Heist4_Tee_043	MP_Heist4_Tee_043
MP_Heist4_Tee_044_M	mpHeist4_overlays	update/x64/dlcpacks/mpheist4/dlc.rpf/common/data/effects/peds/mpheist4_overlays.xml	ZONE_TORSO	TYPE_BADGE	GENDER_MALE	0.237000	0.670000	0.180000	0.155000	0.000000	MP_Heist4_Tee_044	MP_Heist4_Tee_044
MP_Heist4_Tee_044_F	mpHeist4_overlays	update/x64/dlcpacks/mpheist4/dlc.rpf/common/data/effects/peds/mpheist4_overlays.xml	ZONE_TORSO	TYPE_BADGE	GENDER_FEMALE	0.240000	0.667000	0.180000	0.155000	0.000000	MP_Heist4_Tee_044	MP_Heist4_Tee_044
MP_Heist4_Tee_045_M	mpHeist4_overlays	update/x64/dlcpacks/mpheist4/dlc.rpf/common/data/effects/peds/mpheist4_overlays.xml	ZONE_TORSO	TYPE_BADGE	GENDER_MALE	0.737000	0.695000	0.120000	0.120000	0.000000	MP_Heist4_Tee_045	MP_Heist4_Tee_045
MP_Heist4_Tee_045_F	mpHeist4_overlays	update/x64/dlcpacks/mpheist4/dlc.rpf/common/data/effects/peds/mpheist4_overlays.xml	ZONE_TORSO	TYPE_BADGE	GENDER_FEMALE	0.735000	0.670000	0.115000	0.115000	0.000000	MP_Heist4_Tee_045	MP_Heist4_Tee_045
MP_Heist4_Tee_046_M	mpHeist4_overlays	update/x64/dlcpacks/mpheist4/dlc.rpf/common/data/effects/peds/mpheist4_overlays.xml	ZONE_TORSO	TYPE_BADGE	GENDER_MALE	0.737000	0.670000	0.150000	0.150000	0.000000	MP_Heist4_Tee_046	MP_Heist4_Tee_046
MP_Heist4_Tee_046_F	mpHeist4_overlays	update/x64/dlcpacks/mpheist4/dlc.rpf/common/data/effects/peds/mpheist4_overlays.xml	ZONE_TORSO	TYPE_BADGE	GENDER_FEMALE	0.725000	0.660000	0.140000	0.135000	0.000000	MP_Heist4_Tee_046	MP_Heist4_Tee_046
MP_Heist4_Tee_047_M	mpHeist4_overlays	update/x64/dlcpacks/mpheist4/dlc.rpf/common/data/effects/peds/mpheist4_overlays.xml	ZONE_TORSO	TYPE_BADGE	GENDER_MALE	0.737000	0.680000	0.140000	0.130000	0.000000	MP_Heist4_Tee_047	MP_Heist4_Tee_047
MP_Heist4_Tee_047_F	mpHeist4_overlays	update/x64/dlcpacks/mpheist4/dlc.rpf/common/data/effects/peds/mpheist4_overlays.xml	ZONE_TORSO	TYPE_BADGE	GENDER_FEMALE	0.725000	0.660000	0.140000	0.115000	0.000000	MP_Heist4_Tee_047	MP_Heist4_Tee_047
MP_Heist4_Tee_048_M	mpHeist4_overlays	update/x64/dlcpacks/mpheist4/dlc.rpf/common/data/effects/peds/mpheist4_overlays.xml	ZONE_TORSO	TYPE_BADGE	GENDER_MALE	0.737000	0.630000	0.200000	0.200000	0.000000	MP_Heist4_Tee_048	MP_Heist4_Tee_048
MP_Heist4_Tee_048_F	mpHeist4_overlays	update/x64/dlcpacks/mpheist4/dlc.rpf/common/data/effects/peds/mpheist4_overlays.xml	ZONE_TORSO	TYPE_BADGE	GENDER_FEMALE	0.725000	0.630000	0.210000	0.170000	0.000000	MP_Heist4_Tee_048	MP_Heist4_Tee_048
MP_Heist4_Tee_049_M	mpHeist4_overlays	update/x64/dlcpacks/mpheist4/dlc.rpf/common/data/effects/peds/mpheist4_overlays.xml	ZONE_TORSO	TYPE_BADGE	GENDER_MALE	0.830000	0.685000	0.040000	0.040000	0.000000	MP_Heist4_Tee_049	MP_Heist4_Tee_049
MP_Heist4_Tee_049_F	mpHeist4_overlays	update/x64/dlcpacks/mpheist4/dlc.rpf/common/data/effects/peds/mpheist4_overlays.xml	ZONE_TORSO	TYPE_BADGE	GENDER_FEMALE	0.820000	0.670000	0.040000	0.040000	0.000000	MP_Heist4_Tee_049	MP_Heist4_Tee_049
MP_Heist4_Tee_050_M	mpHeist4_overlays	update/x64/dlcpacks/mpheist4/dlc.rpf/common/data/effects/peds/mpheist4_overlays.xml	ZONE_TORSO	TYPE_BADGE	GENDER_MALE	0.250000	0.730000	0.230000	0.240000	0.000000	MP_Heist4_Tee_050	MP_Heist4_Tee_050
MP_Heist4_Tee_050_F	mpHeist4_overlays	update/x64/dlcpacks/mpheist4/dlc.rpf/common/data/effects/peds/mpheist4_overlays.xml	ZONE_TORSO	TYPE_BADGE	GENDER_FEMALE	0.240000	0.750000	0.230000	0.210000	0.000000	MP_Heist4_Tee_050	MP_Heist4_Tee_050
MP_Heist4_Tee_051_M	mpHeist4_overlays	update/x64/dlcpacks/mpheist4/dlc.rpf/common/data/effects/peds/mpheist4_overlays.xml	ZONE_TORSO	TYPE_BADGE	GENDER_MALE	0.830000	0.685000	0.040000	0.040000	0.000000	MP_Heist4_Tee_051	MP_Heist4_Tee_051
MP_Heist4_Tee_051_F	mpHeist4_overlays	update/x64/dlcpacks/mpheist4/dlc.rpf/common/data/effects/peds/mpheist4_overlays.xml	ZONE_TORSO	TYPE_BADGE	GENDER_FEMALE	0.820000	0.670000	0.040000	0.040000	0.000000	MP_Heist4_Tee_051	MP_Heist4_Tee_051
MP_Heist4_Tee_052_M	mpHeist4_overlays	update/x64/dlcpacks/mpheist4/dlc.rpf/common/data/effects/peds/mpheist4_overlays.xml	ZONE_TORSO	TYPE_BADGE	GENDER_MALE	0.250000	0.730000	0.230000	0.240000	0.000000	MP_Heist4_Tee_052	MP_Heist4_Tee_052
MP_Heist4_Tee_052_F	mpHeist4_overlays	update/x64/dlcpacks/mpheist4/dlc.rpf/common/data/effects/peds/mpheist4_overlays.xml	ZONE_TORSO	TYPE_BADGE	GENDER_FEMALE	0.240000	0.750000	0.230000	0.210000	0.000000	MP_Heist4_Tee_052	MP_Heist4_Tee_052
MP_Heist4_Tee_053_M	mpHeist4_overlays	update/x64/dlcpacks/mpheist4/dlc.rpf/common/data/effects/peds/mpheist4_overlays.xml	ZONE_TORSO	TYPE_BADGE	GENDER_MALE	0.737000	0.625000	0.170000	0.160000	0.000000	MP_Heist4_Tee_053	MP_Heist4_Tee_053
MP_Heist4_Tee_053_F	mpHeist4_overlays	update/x64/dlcpacks/mpheist4/dlc.rpf/common/data/effects/peds/mpheist4_overlays.xml	ZONE_TORSO	TYPE_BADGE	GENDER_FEMALE	0.725000	0.625000	0.180000	0.135000	0.000000	MP_Heist4_Tee_053	MP_Heist4_Tee_053
MP_Heist4_Tee_054_M	mpHeist4_overlays	update/x64/dlcpacks/mpheist4/dlc.rpf/common/data/effects/peds/mpheist4_overlays.xml	ZONE_TORSO	TYPE_BADGE	GENDER_MALE	0.737000	0.590000	0.190000	0.190000	0.000000	MP_Heist4_Tee_054	MP_Heist4_Tee_054
MP_Heist4_Tee_054_F	mpHeist4_overlays	update/x64/dlcpacks/mpheist4/dlc.rpf/common/data/effects/peds/mpheist4_overlays.xml	ZONE_TORSO	TYPE_BADGE	GENDER_FEMALE	0.725000	0.590000	0.210000	0.170000	0.000000	MP_Heist4_Tee_054	MP_Heist4_Tee_054
MP_Heist4_Tee_055_M	mpHeist4_overlays	update/x64/dlcpacks/mpheist4/dlc.rpf/common/data/effects/peds/mpheist4_overlays.xml	ZONE_TORSO	TYPE_BADGE	GENDER_MALE	0.737000	0.670000	0.135000	0.125000	0.000000	MP_Heist4_Tee_055	MP_Heist4_Tee_055
MP_Heist4_Tee_055_F	mpHeist4_overlays	update/x64/dlcpacks/mpheist4/dlc.rpf/common/data/effects/peds/mpheist4_overlays.xml	ZONE_TORSO	TYPE_BADGE	GENDER_FEMALE	0.720000	0.660000	0.125000	0.115000	0.000000	MP_Heist4_Tee_055	MP_Heist4_Tee_055
MP_Heist4_Tee_056_M	mpHeist4_overlays	update/x64/dlcpacks/mpheist4/dlc.rpf/common/data/effects/peds/mpheist4_overlays.xml	ZONE_TORSO	TYPE_BADGE	GENDER_MALE	0.237000	0.695000	0.180000	0.170000	0.000000	MP_Heist4_Tee_056	MP_Heist4_Tee_056
MP_Heist4_Tee_056_F	mpHeist4_overlays	update/x64/dlcpacks/mpheist4/dlc.rpf/common/data/effects/peds/mpheist4_overlays.xml	ZONE_TORSO	TYPE_BADGE	GENDER_FEMALE	0.225000	0.695000	0.180000	0.160000	0.000000	MP_Heist4_Tee_056	MP_Heist4_Tee_056
MP_Heist4_Tee_057_M	mpHeist4_overlays	update/x64/dlcpacks/mpheist4/dlc.rpf/common/data/effects/peds/mpheist4_overlays.xml	ZONE_TORSO	TYPE_BADGE	GENDER_MALE	0.737000	0.670000	0.135000	0.125000	0.000000	MP_Heist4_Tee_057	MP_Heist4_Tee_057
MP_Heist4_Tee_057_F	mpHeist4_overlays	update/x64/dlcpacks/mpheist4/dlc.rpf/common/data/effects/peds/mpheist4_overlays.xml	ZONE_TORSO	TYPE_BADGE	GENDER_FEMALE	0.720000	0.660000	0.125000	0.115000	0.000000	MP_Heist4_Tee_057	MP_Heist4_Tee_057
MP_Heist4_Tee_058_M	mpHeist4_overlays	update/x64/dlcpacks/mpheist4/dlc.rpf/common/data/effects/peds/mpheist4_overlays.xml	ZONE_TORSO	TYPE_BADGE	GENDER_MALE	0.237000	0.690000	0.160000	0.170000	0.000000	MP_Heist4_Tee_058	MP_Heist4_Tee_058
MP_Heist4_Tee_058_F	mpHeist4_overlays	update/x64/dlcpacks/mpheist4/dlc.rpf/common/data/effects/peds/mpheist4_overlays.xml	ZONE_TORSO	TYPE_BADGE	GENDER_FEMALE	0.225000	0.690000	0.170000	0.170000	0.000000	MP_Heist4_Tee_058	MP_Heist4_Tee_058
MP_Heist4_Tee_059_M	mpHeist4_overlays	update/x64/dlcpacks/mpheist4/dlc.rpf/common/data/effects/peds/mpheist4_overlays.xml	ZONE_TORSO	TYPE_BADGE	GENDER_MALE	0.737000	0.655000	0.185000	0.165000	0.000000	MP_Heist4_Tee_059	MP_Heist4_Tee_059
MP_Heist4_Tee_059_F	mpHeist4_overlays	update/x64/dlcpacks/mpheist4/dlc.rpf/common/data/effects/peds/mpheist4_overlays.xml	ZONE_TORSO	TYPE_BADGE	GENDER_FEMALE	0.725000	0.645000	0.175000	0.145000	0.000000	MP_Heist4_Tee_059	MP_Heist4_Tee_059
MP_Heist4_Tee_060_M	mpHeist4_overlays	update/x64/dlcpacks/mpheist4/dlc.rpf/common/data/effects/peds/mpheist4_overlays.xml	ZONE_TORSO	TYPE_BADGE	GENDER_MALE	0.230000	0.880000	0.070000	0.040000	0.000000	MP_Heist4_Tee_060	MP_Heist4_Tee_060
MP_Heist4_Tee_060_F	mpHeist4_overlays	update/x64/dlcpacks/mpheist4/dlc.rpf/common/data/effects/peds/mpheist4_overlays.xml	ZONE_TORSO	TYPE_BADGE	GENDER_FEMALE	0.220000	0.880000	0.045000	0.040000	0.000000	MP_Heist4_Tee_060	MP_Heist4_Tee_060
MP_Heist4_Tee_061_M	mpHeist4_overlays	update/x64/dlcpacks/mpheist4/dlc.rpf/common/data/effects/peds/mpheist4_overlays.xml	ZONE_TORSO	TYPE_BADGE	GENDER_MALE	0.737000	0.655000	0.145000	0.135000	0.000000	MP_Heist4_Tee_061	MP_Heist4_Tee_061
MP_Heist4_Tee_061_F	mpHeist4_overlays	update/x64/dlcpacks/mpheist4/dlc.rpf/common/data/effects/peds/mpheist4_overlays.xml	ZONE_TORSO	TYPE_BADGE	GENDER_FEMALE	0.720000	0.650000	0.145000	0.125000	0.000000	MP_Heist4_Tee_061	MP_Heist4_Tee_061
MP_Heist4_Tee_062_M	mpHeist4_overlays	update/x64/dlcpacks/mpheist4/dlc.rpf/common/data/effects/peds/mpheist4_overlays.xml	ZONE_TORSO	TYPE_BADGE	GENDER_MALE	0.230000	0.880000	0.070000	0.040000	0.000000	MP_Heist4_Tee_062	MP_Heist4_Tee_062
MP_Heist4_Tee_062_F	mpHeist4_overlays	update/x64/dlcpacks/mpheist4/dlc.rpf/common/data/effects/peds/mpheist4_overlays.xml	ZONE_TORSO	TYPE_BADGE	GENDER_FEMALE	0.220000	0.880000	0.045000	0.040000	0.000000	MP_Heist4_Tee_062	MP_Heist4_Tee_062
MP_Heist4_Tee_063_M	mpHeist4_overlays	update/x64/dlcpacks/mpheist4/dlc.rpf/common/data/effects/peds/mpheist4_overlays.xml	ZONE_TORSO	TYPE_BADGE	GENDER_MALE	0.820000	0.695000	0.050000	0.050000	0.000000	MP_Heist4_Tee_063	MP_Heist4_Tee_063
MP_Heist4_Tee_063_F	mpHeist4_overlays	update/x64/dlcpacks/mpheist4/dlc.rpf/common/data/effects/peds/mpheist4_overlays.xml	ZONE_TORSO	TYPE_BADGE	GENDER_FEMALE	0.820000	0.695000	0.055000	0.050000	0.000000	MP_Heist4_Tee_063	MP_Heist4_Tee_063
MP_Heist4_Tee_064_M	mpHeist4_overlays	update/x64/dlcpacks/mpheist4/dlc.rpf/common/data/effects/peds/mpheist4_overlays.xml	ZONE_TORSO	TYPE_BADGE	GENDER_MALE	0.24500	0.685000	0.275000	0.260000	0.000000	MP_Heist4_Tee_064	MP_Heist4_Tee_064
MP_Heist4_Tee_064_F	mpHeist4_overlays	update/x64/dlcpacks/mpheist4/dlc.rpf/common/data/effects/peds/mpheist4_overlays.xml	ZONE_TORSO	TYPE_BADGE	GENDER_FEMALE	0.235000	0.695000	0.250000	0.230000	0.000000	MP_Heist4_Tee_064	MP_Heist4_Tee_064
MP_Heist4_Tee_065_M	mpHeist4_overlays	update/x64/dlcpacks/mpheist4/dlc.rpf/common/data/effects/peds/mpheist4_overlays.xml	ZONE_TORSO	TYPE_BADGE	GENDER_MALE	0.737000	0.615000	0.205000	0.190000	0.000000	MP_Heist4_Tee_065	MP_Heist4_Tee_065
MP_Heist4_Tee_065_F	mpHeist4_overlays	update/x64/dlcpacks/mpheist4/dlc.rpf/common/data/effects/peds/mpheist4_overlays.xml	ZONE_TORSO	TYPE_BADGE	GENDER_FEMALE	0.725000	0.615000	0.215000	0.160000	0.000000	MP_Heist4_Tee_065	MP_Heist4_Tee_065
MP_Heist4_Tee_066_M	mpHeist4_overlays	update/x64/dlcpacks/mpheist4/dlc.rpf/common/data/effects/peds/mpheist4_overlays.xml	ZONE_TORSO	TYPE_BADGE	GENDER_MALE	0.230000	0.880000	0.070000	0.040000	0.000000	MP_Heist4_Tee_066	MP_Heist4_Tee_066
MP_Heist4_Tee_066_F	mpHeist4_overlays	update/x64/dlcpacks/mpheist4/dlc.rpf/common/data/effects/peds/mpheist4_overlays.xml	ZONE_TORSO	TYPE_BADGE	GENDER_FEMALE	0.220000	0.880000	0.045000	0.040000	0.000000	MP_Heist4_Tee_066	MP_Heist4_Tee_066
MP_Award_M_Tshirt_004	mpHeist_overlays	update/x64/dlcpacks/mpheist/dlc.rpf/common/data/effects/peds/mpheist_overlays.xml	ZONE_TORSO	TYPE_BADGE	GENDER_MALE	0.735000	0.600000	0.170000	0.160000	0.000000	MP_Award_Tshirt_004	MP_Award_Tshirt_004
MP_Award_M_Tshirt_005	mpHeist_overlays	update/x64/dlcpacks/mpheist/dlc.rpf/common/data/effects/peds/mpheist_overlays.xml	ZONE_TORSO	TYPE_BADGE	GENDER_MALE	0.740000	0.680000	0.170000	0.160000	0.000000	MP_Award_Tshirt_005	MP_Award_Tshirt_005
MP_Award_M_Tshirt_006	mpHeist_overlays	update/x64/dlcpacks/mpheist/dlc.rpf/common/data/effects/peds/mpheist_overlays.xml	ZONE_TORSO	TYPE_BADGE	GENDER_MALE	0.735000	0.600000	0.170000	0.160000	0.000000	MP_Award_Tshirt_006	MP_Award_Tshirt_006
MP_Award_M_Tshirt_007	mpHeist_overlays	update/x64/dlcpacks/mpheist/dlc.rpf/common/data/effects/peds/mpheist_overlays.xml	ZONE_TORSO	TYPE_BADGE	GENDER_MALE	0.735000	0.600000	0.170000	0.160000	0.000000	MP_Award_Tshirt_007	MP_Award_Tshirt_007
MP_Award_M_Tshirt_008	mpHeist_overlays	update/x64/dlcpacks/mpheist/dlc.rpf/common/data/effects/peds/mpheist_overlays.xml	ZONE_TORSO	TYPE_BADGE	GENDER_MALE	0.735000	0.600000	0.160000	0.150000	0.000000	MP_Award_Tshirt_008	MP_Award_Tshirt_008
MP_Award_M_Tshirt_009	mpHeist_overlays	update/x64/dlcpacks/mpheist/dlc.rpf/common/data/effects/peds/mpheist_overlays.xml	ZONE_TORSO	TYPE_BADGE	GENDER_MALE	0.740000	0.680000	0.160000	0.150000	0.000000	MP_Award_Tshirt_009	MP_Award_Tshirt_009
MP_Award_M_Tshirt_010	mpHeist_overlays	update/x64/dlcpacks/mpheist/dlc.rpf/common/data/effects/peds/mpheist_overlays.xml	ZONE_TORSO	TYPE_BADGE	GENDER_MALE	0.735000	0.600000	0.160000	0.150000	0.000000	MP_Award_Tshirt_010	MP_Award_Tshirt_010
MP_Award_M_Tshirt_011	mpHeist_overlays	update/x64/dlcpacks/mpheist/dlc.rpf/common/data/effects/peds/mpheist_overlays.xml	ZONE_TORSO	TYPE_BADGE	GENDER_MALE	0.735000	0.600000	0.260000	0.250000	0.000000	MP_Award_Tshirt_011	MP_Award_Tshirt_011
MP_Award_M_Tshirt_012	mpHeist_overlays	update/x64/dlcpacks/mpheist/dlc.rpf/common/data/effects/peds/mpheist_overlays.xml	ZONE_TORSO	TYPE_BADGE	GENDER_MALE	0.735000	0.650000	0.160000	0.150000	0.000000	MP_Award_Tshirt_012	MP_Award_Tshirt_012
MP_Award_M_Tshirt_013	mpHeist_overlays	update/x64/dlcpacks/mpheist/dlc.rpf/common/data/effects/peds/mpheist_overlays.xml	ZONE_TORSO	TYPE_BADGE	GENDER_MALE	0.735000	0.550000	0.200000	0.200000	0.000000	MP_Award_Tshirt_013	MP_Award_Tshirt_013
MP_Fli_M_Tshirt_000	mpHeist_overlays	update/x64/dlcpacks/mpheist/dlc.rpf/common/data/effects/peds/mpheist_overlays.xml	ZONE_TORSO	TYPE_BADGE	GENDER_MALE	0.737000	0.650000	0.170000	0.160000	0.000000	MP_Fli_Tshirt_000	MP_Fli_Tshirt_000
MP_Award_F_Tshirt_004	mpHeist_overlays	update/x64/dlcpacks/mpheist/dlc.rpf/common/data/effects/peds/mpheist_overlays.xml	ZONE_TORSO	TYPE_BADGE	GENDER_FEMALE	0.720000	0.620000	0.160000	0.165000	0.000000	MP_Award_Tshirt_004	MP_Award_Tshirt_004
MP_Award_F_Tshirt_005	mpHeist_overlays	update/x64/dlcpacks/mpheist/dlc.rpf/common/data/effects/peds/mpheist_overlays.xml	ZONE_TORSO	TYPE_BADGE	GENDER_FEMALE	0.720000	0.680000	0.160000	0.165000	0.000000	MP_Award_Tshirt_005	MP_Award_Tshirt_005
MP_Award_F_Tshirt_006	mpHeist_overlays	update/x64/dlcpacks/mpheist/dlc.rpf/common/data/effects/peds/mpheist_overlays.xml	ZONE_TORSO	TYPE_BADGE	GENDER_FEMALE	0.720000	0.620000	0.160000	0.165000	0.000000	MP_Award_Tshirt_006	MP_Award_Tshirt_006
MP_Award_F_Tshirt_007	mpHeist_overlays	update/x64/dlcpacks/mpheist/dlc.rpf/common/data/effects/peds/mpheist_overlays.xml	ZONE_TORSO	TYPE_BADGE	GENDER_FEMALE	0.720000	0.620000	0.160000	0.165000	0.000000	MP_Award_Tshirt_007	MP_Award_Tshirt_007
MP_Award_F_Tshirt_008	mpHeist_overlays	update/x64/dlcpacks/mpheist/dlc.rpf/common/data/effects/peds/mpheist_overlays.xml	ZONE_TORSO	TYPE_BADGE	GENDER_FEMALE	0.720000	0.620000	0.140000	0.145000	0.000000	MP_Award_Tshirt_008	MP_Award_Tshirt_008
MP_Award_F_Tshirt_009	mpHeist_overlays	update/x64/dlcpacks/mpheist/dlc.rpf/common/data/effects/peds/mpheist_overlays.xml	ZONE_TORSO	TYPE_BADGE	GENDER_FEMALE	0.720000	0.680000	0.160000	0.165000	0.000000	MP_Award_Tshirt_009	MP_Award_Tshirt_009
MP_Award_F_Tshirt_010	mpHeist_overlays	update/x64/dlcpacks/mpheist/dlc.rpf/common/data/effects/peds/mpheist_overlays.xml	ZONE_TORSO	TYPE_BADGE	GENDER_FEMALE	0.720000	0.640000	0.140000	0.140000	0.000000	MP_Award_Tshirt_010	MP_Award_Tshirt_010
MP_Award_F_Tshirt_011	mpHeist_overlays	update/x64/dlcpacks/mpheist/dlc.rpf/common/data/effects/peds/mpheist_overlays.xml	ZONE_TORSO	TYPE_BADGE	GENDER_FEMALE	0.720000	0.620000	0.240000	0.240000	0.000000	MP_Award_Tshirt_011	MP_Award_Tshirt_011
MP_Award_F_Tshirt_012	mpHeist_overlays	update/x64/dlcpacks/mpheist/dlc.rpf/common/data/effects/peds/mpheist_overlays.xml	ZONE_TORSO	TYPE_BADGE	GENDER_FEMALE	0.700000	0.650000	0.180000	0.180000	0.000000	MP_Award_Tshirt_012	MP_Award_Tshirt_012
MP_Award_F_Tshirt_013	mpHeist_overlays	update/x64/dlcpacks/mpheist/dlc.rpf/common/data/effects/peds/mpheist_overlays.xml	ZONE_TORSO	TYPE_BADGE	GENDER_FEMALE	0.720000	0.550000	0.200000	0.200000	0.000000	MP_Award_Tshirt_013	MP_Award_Tshirt_013
MP_Fli_F_Tshirt_000	mpHeist_overlays	update/x64/dlcpacks/mpheist/dlc.rpf/common/data/effects/peds/mpheist_overlays.xml	ZONE_TORSO	TYPE_BADGE	GENDER_FEMALE	0.720000	0.650000	0.150000	0.150000	0.000000	MP_Fli_Tshirt_000	MP_Fli_Tshirt_000
MP_Bugstar_A	mpHeist_overlays	update/x64/dlcpacks/mpheist/dlc.rpf/common/data/effects/peds/mpheist_overlays.xml	ZONE_TORSO	TYPE_BADGE	GENDER_DONTCARE	1.225000	0.800000	0.150000	0.150000	0.000000	MP_boiler_logo_000	MP_boiler_logo_000
MP_Bugstar_B	mpHeist_overlays	update/x64/dlcpacks/mpheist/dlc.rpf/common/data/effects/peds/mpheist_overlays.xml	ZONE_TORSO	TYPE_BADGE	GENDER_DONTCARE	0.850000	0.750000	0.050000	0.050000	0.000000	MP_boiler_logo_000	MP_boiler_logo_000
MP_Bugstar_C	mpHeist_overlays	update/x64/dlcpacks/mpheist/dlc.rpf/common/data/effects/peds/mpheist_overlays.xml	ZONE_LEFT_ARM	TYPE_BADGE	GENDER_DONTCARE	0.450000	0.750000	0.040000	0.050000	0.000000	MP_boiler_logo_001	MP_boiler_logo_001
MP_Rogers_A	mpHeist_overlays	update/x64/dlcpacks/mpheist/dlc.rpf/common/data/effects/peds/mpheist_overlays.xml	ZONE_TORSO	TYPE_BADGE	GENDER_DONTCARE	1.235000	0.750000	0.150000	0.150000	0.000000	MP_boiler_logo_002	MP_boiler_logo_002
MP_Rogers_B	mpHeist_overlays	update/x64/dlcpacks/mpheist/dlc.rpf/common/data/effects/peds/mpheist_overlays.xml	ZONE_TORSO	TYPE_BADGE	GENDER_DONTCARE	0.850000	0.750000	0.050000	0.050000	0.000000	MP_boiler_logo_002	MP_boiler_logo_002
MP_Power_A	mpHeist_overlays	update/x64/dlcpacks/mpheist/dlc.rpf/common/data/effects/peds/mpheist_overlays.xml	ZONE_TORSO	TYPE_BADGE	GENDER_DONTCARE	1.235000	0.750000	0.150000	0.150000	0.000000	MP_boiler_logo_006	MP_boiler_logo_006
MP_Power_B	mpHeist_overlays	update/x64/dlcpacks/mpheist/dlc.rpf/common/data/effects/peds/mpheist_overlays.xml	ZONE_TORSO	TYPE_BADGE	GENDER_DONTCARE	0.870000	0.750000	0.050000	0.050000	0.000000	MP_boiler_logo_006	MP_boiler_logo_006
MP_Als_A	mpHeist_overlays	update/x64/dlcpacks/mpheist/dlc.rpf/common/data/effects/peds/mpheist_overlays.xml	ZONE_TORSO	TYPE_BADGE	GENDER_DONTCARE	1.235000	0.750000	0.150000	0.150000	0.000000	MP_boiler_logo_005	MP_boiler_logo_005
MP_Als_B	mpHeist_overlays	update/x64/dlcpacks/mpheist/dlc.rpf/common/data/effects/peds/mpheist_overlays.xml	ZONE_TORSO	TYPE_BADGE	GENDER_DONTCARE	0.860000	0.750000	0.050000	0.050000	0.000000	MP_boiler_logo_005	MP_boiler_logo_005
MP_Elite_M_Tshirt	mpHeist_overlays	update/x64/dlcpacks/mpheist/dlc.rpf/common/data/effects/peds/mpheist_overlays.xml	ZONE_TORSO	TYPE_BADGE	GENDER_MALE	0.750000	0.600000	0.170000	0.160000	0.000000	MP_Elite_Tshirt_000	MP_Elite_Tshirt_000
MP_Elite_M_Tshirt_1	mpHeist_overlays	update/x64/dlcpacks/mpheist/dlc.rpf/common/data/effects/peds/mpheist_overlays.xml	ZONE_TORSO	TYPE_BADGE	GENDER_MALE	0.750000	0.600000	0.170000	0.160000	0.000000	MP_Elite_Tshirt_001	MP_Elite_Tshirt_001
MP_Elite_M_Tshirt_2	mpHeist_overlays	update/x64/dlcpacks/mpheist/dlc.rpf/common/data/effects/peds/mpheist_overlays.xml	ZONE_TORSO	TYPE_BADGE	GENDER_MALE	0.235000	0.700000	0.170000	0.160000	0.000000	MP_Elite_Tshirt_002	MP_Elite_Tshirt_002
MP_Elite_F_Tshirt	mpHeist_overlays	update/x64/dlcpacks/mpheist/dlc.rpf/common/data/effects/peds/mpheist_overlays.xml	ZONE_TORSO	TYPE_BADGE	GENDER_FEMALE	0.750000	0.660000	0.140000	0.140000	0.000000	MP_Elite_Tshirt_000	MP_Elite_Tshirt_000
MP_Elite_F_Tshirt_1	mpHeist_overlays	update/x64/dlcpacks/mpheist/dlc.rpf/common/data/effects/peds/mpheist_overlays.xml	ZONE_TORSO	TYPE_BADGE	GENDER_FEMALE	0.750000	0.670000	0.140000	0.140000	0.000000	MP_Elite_Tshirt_001	MP_Elite_Tshirt_001
MP_Elite_F_Tshirt_2	mpHeist_overlays	update/x64/dlcpacks/mpheist/dlc.rpf/common/data/effects/peds/mpheist_overlays.xml	ZONE_TORSO	TYPE_BADGE	GENDER_FEMALE	0.230000	0.770000	0.170000	0.170000	0.000000	MP_Elite_Tshirt_002	MP_Elite_Tshirt_002
MP_MP_ImportExport_Tat_000_M	mpImportExport_overlays	update/x64/dlcpacks/mpimportexport/dlc.rpf/common/data/effects/peds/mpimportexport_overlays.xml	ZONE_TORSO	TYPE_TATTOO	GENDER_MALE	0.210000	0.640000	0.220000	0.210000	0.000000	MP_ImportExport_Tat_000	MP_ImportExport_Tat_000
MP_MP_ImportExport_Tat_000_F	mpImportExport_overlays	update/x64/dlcpacks/mpimportexport/dlc.rpf/common/data/effects/peds/mpimportexport_overlays.xml	ZONE_TORSO	TYPE_TATTOO	GENDER_FEMALE	0.230000	0.680000	0.210000	0.190000	0.000000	MP_ImportExport_Tat_000	MP_ImportExport_Tat_000
MP_MP_ImportExport_Tat_001_M	mpImportExport_overlays	update/x64/dlcpacks/mpimportexport/dlc.rpf/common/data/effects/peds/mpimportexport_overlays.xml	ZONE_TORSO	TYPE_TATTOO	GENDER_MALE	0.220000	0.600000	0.200000	0.200000	0.000000	MP_ImportExport_Tat_001	MP_ImportExport_Tat_001
MP_MP_ImportExport_Tat_001_F	mpImportExport_overlays	update/x64/dlcpacks/mpimportexport/dlc.rpf/common/data/effects/peds/mpimportexport_overlays.xml	ZONE_TORSO	TYPE_TATTOO	GENDER_FEMALE	0.230000	0.650000	0.200000	0.170000	0.000000	MP_ImportExport_Tat_001	MP_ImportExport_Tat_001
MP_MP_ImportExport_Tat_002_M	mpImportExport_overlays	update/x64/dlcpacks/mpimportexport/dlc.rpf/common/data/effects/peds/mpimportexport_overlays.xml	ZONE_TORSO	TYPE_TATTOO	GENDER_MALE	0.220000	0.600000	0.250000	0.250000	0.000000	MP_ImportExport_Tat_002	MP_ImportExport_Tat_002
MP_MP_ImportExport_Tat_002_F	mpImportExport_overlays	update/x64/dlcpacks/mpimportexport/dlc.rpf/common/data/effects/peds/mpimportexport_overlays.xml	ZONE_TORSO	TYPE_TATTOO	GENDER_FEMALE	0.225000	0.670000	0.250000	0.190000	0.000000	MP_ImportExport_Tat_002	MP_ImportExport_Tat_002
MP_MP_ImportExport_Tat_003_M	mpImportExport_overlays	update/x64/dlcpacks/mpimportexport/dlc.rpf/common/data/effects/peds/mpimportexport_overlays.xml	ZONE_RIGHT_ARM	TYPE_TATTOO	GENDER_MALE	0.540000	0.640000	-0.350000	0.320000	0.000000	MP_ImportExport_Tat_003	MP_ImportExport_Tat_003
MP_MP_ImportExport_Tat_003_F	mpImportExport_overlays	update/x64/dlcpacks/mpimportexport/dlc.rpf/common/data/effects/peds/mpimportexport_overlays.xml	ZONE_RIGHT_ARM	TYPE_TATTOO	GENDER_FEMALE	0.540000	0.640000	-0.350000	0.340000	0.000000	MP_ImportExport_Tat_003	MP_ImportExport_Tat_003
MP_MP_ImportExport_Tat_004_M	mpImportExport_overlays	update/x64/dlcpacks/mpimportexport/dlc.rpf/common/data/effects/peds/mpimportexport_overlays.xml	ZONE_LEFT_ARM	TYPE_TATTOO	GENDER_MALE	0.460000	0.600000	0.550000	0.290000	0.000000	MP_ImportExport_Tat_004	MP_ImportExport_Tat_004
MP_MP_ImportExport_Tat_004_F	mpImportExport_overlays	update/x64/dlcpacks/mpimportexport/dlc.rpf/common/data/effects/peds/mpimportexport_overlays.xml	ZONE_LEFT_ARM	TYPE_TATTOO	GENDER_FEMALE	0.460000	0.600000	0.550000	0.310000	0.000000	MP_ImportExport_Tat_004	MP_ImportExport_Tat_004
MP_MP_ImportExport_Tat_005_M	mpImportExport_overlays	update/x64/dlcpacks/mpimportexport/dlc.rpf/common/data/effects/peds/mpimportexport_overlays.xml	ZONE_RIGHT_ARM	TYPE_TATTOO	GENDER_MALE	0.600000	0.600000	0.400000	0.290000	0.000000	MP_ImportExport_Tat_005	MP_ImportExport_Tat_005
MP_MP_ImportExport_Tat_005_F	mpImportExport_overlays	update/x64/dlcpacks/mpimportexport/dlc.rpf/common/data/effects/peds/mpimportexport_overlays.xml	ZONE_RIGHT_ARM	TYPE_TATTOO	GENDER_FEMALE	0.600000	0.600000	0.400000	0.310000	0.000000	MP_ImportExport_Tat_005	MP_ImportExport_Tat_005
MP_MP_ImportExport_Tat_006_M	mpImportExport_overlays	update/x64/dlcpacks/mpimportexport/dlc.rpf/common/data/effects/peds/mpimportexport_overlays.xml	ZONE_RIGHT_ARM	TYPE_TATTOO	GENDER_MALE	0.600000	0.600000	0.400000	0.290000	0.000000	MP_ImportExport_Tat_006	MP_ImportExport_Tat_006
MP_MP_ImportExport_Tat_006_F	mpImportExport_overlays	update/x64/dlcpacks/mpimportexport/dlc.rpf/common/data/effects/peds/mpimportexport_overlays.xml	ZONE_RIGHT_ARM	TYPE_TATTOO	GENDER_FEMALE	0.560000	0.580000	0.400000	0.330000	0.000000	MP_ImportExport_Tat_006	MP_ImportExport_Tat_006
MP_MP_ImportExport_Tat_007_M	mpImportExport_overlays	update/x64/dlcpacks/mpimportexport/dlc.rpf/common/data/effects/peds/mpimportexport_overlays.xml	ZONE_RIGHT_ARM	TYPE_TATTOO	GENDER_MALE	0.680000	0.600000	0.370000	0.270000	0.000000	MP_ImportExport_Tat_007	MP_ImportExport_Tat_007
MP_MP_ImportExport_Tat_007_F	mpImportExport_overlays	update/x64/dlcpacks/mpimportexport/dlc.rpf/common/data/effects/peds/mpimportexport_overlays.xml	ZONE_RIGHT_ARM	TYPE_TATTOO	GENDER_FEMALE	0.640000	0.590000	0.360000	0.300000	0.000000	MP_ImportExport_Tat_007	MP_ImportExport_Tat_007
MP_MP_ImportExport_Tat_008_M	mpImportExport_overlays	update/x64/dlcpacks/mpimportexport/dlc.rpf/common/data/effects/peds/mpimportexport_overlays.xml	ZONE_LEFT_ARM	TYPE_TATTOO	GENDER_MALE	0.460000	0.600000	0.214000	0.270000	0.000000	MP_ImportExport_Tat_008	MP_ImportExport_Tat_008
MP_MP_ImportExport_Tat_008_F	mpImportExport_overlays	update/x64/dlcpacks/mpimportexport/dlc.rpf/common/data/effects/peds/mpimportexport_overlays.xml	ZONE_LEFT_ARM	TYPE_TATTOO	GENDER_FEMALE	0.490000	0.600000	0.203000	0.310000	0.000000	MP_ImportExport_Tat_008	MP_ImportExport_Tat_008
MP_MP_ImportExport_Tat_009_M	mpImportExport_overlays	update/x64/dlcpacks/mpimportexport/dlc.rpf/common/data/effects/peds/mpimportexport_overlays.xml	ZONE_TORSO	TYPE_TATTOO	GENDER_MALE	0.230000	0.610000	0.190000	0.190000	0.000000	MP_ImportExport_Tat_009	MP_ImportExport_Tat_009
MP_MP_ImportExport_Tat_009_F	mpImportExport_overlays	update/x64/dlcpacks/mpimportexport/dlc.rpf/common/data/effects/peds/mpimportexport_overlays.xml	ZONE_TORSO	TYPE_TATTOO	GENDER_FEMALE	0.230000	0.660000	0.190000	0.170000	0.000000	MP_ImportExport_Tat_009	MP_ImportExport_Tat_009
MP_MP_ImportExport_Tat_010_M	mpImportExport_overlays	update/x64/dlcpacks/mpimportexport/dlc.rpf/common/data/effects/peds/mpimportexport_overlays.xml	ZONE_TORSO	TYPE_TATTOO	GENDER_MALE	0.230000	0.580000	0.190000	0.220000	0.000000	MP_ImportExport_Tat_010	MP_ImportExport_Tat_010
MP_MP_ImportExport_Tat_010_F	mpImportExport_overlays	update/x64/dlcpacks/mpimportexport/dlc.rpf/common/data/effects/peds/mpimportexport_overlays.xml	ZONE_TORSO	TYPE_TATTOO	GENDER_FEMALE	0.230000	0.660000	0.180000	0.170000	0.000000	MP_ImportExport_Tat_010	MP_ImportExport_Tat_010
MP_MP_ImportExport_Tat_011_M	mpImportExport_overlays	update/x64/dlcpacks/mpimportexport/dlc.rpf/common/data/effects/peds/mpimportexport_overlays.xml	ZONE_TORSO	TYPE_TATTOO	GENDER_MALE	0.230000	0.580000	0.220000	0.220000	0.000000	MP_ImportExport_Tat_011	MP_ImportExport_Tat_011
MP_MP_ImportExport_Tat_011_F	mpImportExport_overlays	update/x64/dlcpacks/mpimportexport/dlc.rpf/common/data/effects/peds/mpimportexport_overlays.xml	ZONE_TORSO	TYPE_TATTOO	GENDER_FEMALE	0.230000	0.650000	0.220000	0.180000	0.000000	MP_ImportExport_Tat_011	MP_ImportExport_Tat_011
MP_LR_Tat_000_M	mpLowrider2_overlays	update/x64/dlcpacks/mplowrider2/dlc.rpf/common/data/effects/peds/mplowrider2_overlays.xml	ZONE_TORSO	TYPE_TATTOO	GENDER_MALE	0.250000	0.400000	0.300000	0.400000	0.000000	MP_LR_Tat_000	MP_LR_Tat_000
MP_LR_Tat_003_M	mpLowrider2_overlays	update/x64/dlcpacks/mplowrider2/dlc.rpf/common/data/effects/peds/mplowrider2_overlays.xml	ZONE_RIGHT_ARM	TYPE_TATTOO	GENDER_MALE	0.100000	0.450000	0.200000	0.150000	0.000000	MP_LR_Tat_003	MP_LR_Tat_003
MP_LR_Tat_006_M	mpLowrider2_overlays	update/x64/dlcpacks/mplowrider2/dlc.rpf/common/data/effects/peds/mplowrider2_overlays.xml	ZONE_LEFT_ARM	TYPE_TATTOO	GENDER_MALE	0.500000	0.800000	0.150000	0.150000	0.000000	MP_LR_Tat_006	MP_LR_Tat_006
MP_LR_Tat_008_M	mpLowrider2_overlays	update/x64/dlcpacks/mplowrider2/dlc.rpf/common/data/effects/peds/mplowrider2_overlays.xml	ZONE_TORSO	TYPE_TATTOO	GENDER_MALE	0.225000	0.480000	0.240000	0.350000	0.000000	MP_LR_Tat_008	MP_LR_Tat_008
MP_LR_Tat_011_M	mpLowrider2_overlays	update/x64/dlcpacks/mplowrider2/dlc.rpf/common/data/effects/peds/mplowrider2_overlays.xml	ZONE_TORSO	TYPE_TATTOO	GENDER_MALE	0.480000	0.295000	0.160000	0.150000	15.000000	MP_LR_Tat_011	MP_LR_Tat_011
MP_LR_Tat_012_M	mpLowrider2_overlays	update/x64/dlcpacks/mplowrider2/dlc.rpf/common/data/effects/peds/mplowrider2_overlays.xml	ZONE_TORSO	TYPE_TATTOO	GENDER_MALE	0.640000	0.600000	0.150000	0.150000	0.000000	MP_LR_Tat_012	MP_LR_Tat_012
MP_LR_Tat_016_M	mpLowrider2_overlays	update/x64/dlcpacks/mplowrider2/dlc.rpf/common/data/effects/peds/mplowrider2_overlays.xml	ZONE_TORSO	TYPE_TATTOO	GENDER_MALE	0.715000	0.320000	0.220000	0.170000	0.000000	MP_LR_Tat_016	MP_LR_Tat_016
MP_LR_Tat_018_M	mpLowrider2_overlays	update/x64/dlcpacks/mplowrider2/dlc.rpf/common/data/effects/peds/mplowrider2_overlays.xml	ZONE_LEFT_ARM	TYPE_TATTOO	GENDER_MALE	0.540000	0.600000	0.240000	0.335000	-14.040000	MP_LR_Tat_018	MP_LR_Tat_018
MP_LR_Tat_019_M	mpLowrider2_overlays	update/x64/dlcpacks/mplowrider2/dlc.rpf/common/data/effects/peds/mplowrider2_overlays.xml	ZONE_TORSO	TYPE_TATTOO	GENDER_MALE	0.825000	0.595000	0.130000	0.130000	-21.240000	MP_LR_Tat_019	MP_LR_Tat_019
MP_LR_Tat_022_M	mpLowrider2_overlays	update/x64/dlcpacks/mplowrider2/dlc.rpf/common/data/effects/peds/mplowrider2_overlays.xml	ZONE_LEFT_ARM	TYPE_TATTOO	GENDER_MALE	0.625000	0.470000	0.225000	0.170000	-17.640000	MP_LR_Tat_022	MP_LR_Tat_022
MP_LR_Tat_028_M	mpLowrider2_overlays	update/x64/dlcpacks/mplowrider2/dlc.rpf/common/data/effects/peds/mplowrider2_overlays.xml	ZONE_RIGHT_ARM	TYPE_TATTOO	GENDER_MALE	0.500000	0.770000	0.155000	0.170000	20.880000	MP_LR_Tat_028	MP_LR_Tat_028
MP_LR_Tat_029_M	mpLowrider2_overlays	update/x64/dlcpacks/mplowrider2/dlc.rpf/common/data/effects/peds/mplowrider2_overlays.xml	ZONE_LEFT_LEG	TYPE_TATTOO	GENDER_MALE	0.200000	0.330000	0.200000	0.170000	0.000000	MP_LR_Tat_029	MP_LR_Tat_029
MP_LR_Tat_030_M	mpLowrider2_overlays	update/x64/dlcpacks/mplowrider2/dlc.rpf/common/data/effects/peds/mplowrider2_overlays.xml	ZONE_RIGHT_LEG	TYPE_TATTOO	GENDER_MALE	0.800000	0.330000	0.170000	0.170000	0.000000	MP_LR_Tat_030	MP_LR_Tat_030
MP_LR_Tat_031_M	mpLowrider2_overlays	update/x64/dlcpacks/mplowrider2/dlc.rpf/common/data/effects/peds/mplowrider2_overlays.xml	ZONE_TORSO	TYPE_TATTOO	GENDER_MALE	0.225000	0.450000	0.270000	0.270000	0.000000	MP_LR_Tat_031	MP_LR_Tat_031
MP_LR_Tat_032_M	mpLowrider2_overlays	update/x64/dlcpacks/mplowrider2/dlc.rpf/common/data/effects/peds/mplowrider2_overlays.xml	ZONE_TORSO	TYPE_TATTOO	GENDER_MALE	0.225000	0.450000	0.300000	0.300000	0.000000	MP_LR_Tat_032	MP_LR_Tat_032
MP_LR_Tat_035_M	mpLowrider2_overlays	update/x64/dlcpacks/mplowrider2/dlc.rpf/common/data/effects/peds/mplowrider2_overlays.xml	ZONE_RIGHT_ARM	TYPE_TATTOO	GENDER_MALE	0.325000	0.460000	0.160000	0.130000	17.280000	MP_LR_Tat_035	MP_LR_Tat_035
MP_LR_Tat_000_F	mpLowrider2_overlays	update/x64/dlcpacks/mplowrider2/dlc.rpf/common/data/effects/peds/mplowrider2_overlays.xml	ZONE_TORSO	TYPE_TATTOO	GENDER_FEMALE	0.240000	0.570000	0.250000	0.280000	-15.000000	MP_LR_Tat_000	MP_LR_Tat_000
MP_LR_Tat_003_F	mpLowrider2_overlays	update/x64/dlcpacks/mplowrider2/dlc.rpf/common/data/effects/peds/mplowrider2_overlays.xml	ZONE_RIGHT_ARM	TYPE_TATTOO	GENDER_FEMALE	0.200000	0.400000	0.200000	0.180000	0.000000	MP_LR_Tat_003	MP_LR_Tat_003
MP_LR_Tat_006_F	mpLowrider2_overlays	update/x64/dlcpacks/mplowrider2/dlc.rpf/common/data/effects/peds/mplowrider2_overlays.xml	ZONE_LEFT_ARM	TYPE_TATTOO	GENDER_FEMALE	0.500000	0.790000	0.150000	0.200000	0.000000	MP_LR_Tat_006	MP_LR_Tat_006
MP_LR_Tat_008_F	mpLowrider2_overlays	update/x64/dlcpacks/mplowrider2/dlc.rpf/common/data/effects/peds/mplowrider2_overlays.xml	ZONE_TORSO	TYPE_TATTOO	GENDER_FEMALE	0.215000	0.550000	0.240000	0.300000	0.000000	MP_LR_Tat_008	MP_LR_Tat_008
MP_LR_Tat_011_F	mpLowrider2_overlays	update/x64/dlcpacks/mplowrider2/dlc.rpf/common/data/effects/peds/mplowrider2_overlays.xml	ZONE_TORSO	TYPE_TATTOO	GENDER_FEMALE	0.480000	0.390000	0.160000	0.110000	20.000000	MP_LR_Tat_011	MP_LR_Tat_011
MP_LR_Tat_012_F	mpLowrider2_overlays	update/x64/dlcpacks/mplowrider2/dlc.rpf/common/data/effects/peds/mplowrider2_overlays.xml	ZONE_TORSO	TYPE_TATTOO	GENDER_FEMALE	0.640000	0.600000	0.150000	0.130000	0.000000	MP_LR_Tat_012	MP_LR_Tat_012
MP_LR_Tat_016_F	mpLowrider2_overlays	update/x64/dlcpacks/mplowrider2/dlc.rpf/common/data/effects/peds/mplowrider2_overlays.xml	ZONE_TORSO	TYPE_TATTOO	GENDER_FEMALE	0.715000	0.355000	0.220000	0.145000	0.000000	MP_LR_Tat_016	MP_LR_Tat_016
MP_LR_Tat_018_F	mpLowrider2_overlays	update/x64/dlcpacks/mplowrider2/dlc.rpf/common/data/effects/peds/mplowrider2_overlays.xml	ZONE_LEFT_ARM	TYPE_TATTOO	GENDER_FEMALE	0.540000	0.590000	0.240000	0.370000	-12.240000	MP_LR_Tat_018	MP_LR_Tat_018
MP_LR_Tat_019_F	mpLowrider2_overlays	update/x64/dlcpacks/mplowrider2/dlc.rpf/common/data/effects/peds/mplowrider2_overlays.xml	ZONE_TORSO	TYPE_TATTOO	GENDER_FEMALE	0.835000	0.620000	0.140000	0.130000	-12.240000	MP_LR_Tat_019	MP_LR_Tat_019
MP_LR_Tat_022_F	mpLowrider2_overlays	update/x64/dlcpacks/mplowrider2/dlc.rpf/common/data/effects/peds/mplowrider2_overlays.xml	ZONE_LEFT_ARM	TYPE_TATTOO	GENDER_FEMALE	0.525000	0.430000	0.200000	0.180000	0.000000	MP_LR_Tat_022	MP_LR_Tat_022
MP_LR_Tat_028_F	mpLowrider2_overlays	update/x64/dlcpacks/mplowrider2/dlc.rpf/common/data/effects/peds/mplowrider2_overlays.xml	ZONE_RIGHT_ARM	TYPE_TATTOO	GENDER_FEMALE	0.500000	0.790000	0.155000	0.170000	20.880000	MP_LR_Tat_028	MP_LR_Tat_028
MP_LR_Tat_029_F	mpLowrider2_overlays	update/x64/dlcpacks/mplowrider2/dlc.rpf/common/data/effects/peds/mplowrider2_overlays.xml	ZONE_LEFT_LEG	TYPE_TATTOO	GENDER_FEMALE	0.200000	0.330000	0.200000	0.170000	0.000000	MP_LR_Tat_029	MP_LR_Tat_029
MP_LR_Tat_030_F	mpLowrider2_overlays	update/x64/dlcpacks/mplowrider2/dlc.rpf/common/data/effects/peds/mplowrider2_overlays.xml	ZONE_RIGHT_LEG	TYPE_TATTOO	GENDER_FEMALE	0.800000	0.330000	0.170000	0.170000	0.000000	MP_LR_Tat_030	MP_LR_Tat_030
MP_LR_Tat_031_F	mpLowrider2_overlays	update/x64/dlcpacks/mplowrider2/dlc.rpf/common/data/effects/peds/mplowrider2_overlays.xml	ZONE_TORSO	TYPE_TATTOO	GENDER_FEMALE	0.225000	0.540000	0.270000	0.250000	0.000000	MP_LR_Tat_031	MP_LR_Tat_031
MP_LR_Tat_032_F	mpLowrider2_overlays	update/x64/dlcpacks/mplowrider2/dlc.rpf/common/data/effects/peds/mplowrider2_overlays.xml	ZONE_TORSO	TYPE_TATTOO	GENDER_FEMALE	0.225000	0.550000	0.300000	0.300000	0.000000	MP_LR_Tat_032	MP_LR_Tat_032
MP_LR_Tat_035_F	mpLowrider2_overlays	update/x64/dlcpacks/mplowrider2/dlc.rpf/common/data/effects/peds/mplowrider2_overlays.xml	ZONE_RIGHT_ARM	TYPE_TATTOO	GENDER_FEMALE	0.325000	0.420000	0.180000	0.150000	17.280000	MP_LR_Tat_035	MP_LR_Tat_035
MP_Chianski_000_F	mpLowrider2_overlays	update/x64/dlcpacks/mplowrider2/dlc.rpf/common/data/effects/peds/mplowrider2_overlays.xml	ZONE_TORSO	TYPE_BADGE	GENDER_FEMALE	0.740000	0.700000	0.12000	0.120000	0.000000	MP_Chianski_000	MP_Chianski_000
MP_Chianski_000_M	mpLowrider2_overlays	update/x64/dlcpacks/mplowrider2/dlc.rpf/common/data/effects/peds/mplowrider2_overlays.xml	ZONE_TORSO	TYPE_BADGE	GENDER_MALE	0.740000	0.680000	0.12000	0.120000	0.000000	MP_Chianski_000	MP_Chianski_000
MP_Chianski_001_F	mpLowrider2_overlays	update/x64/dlcpacks/mplowrider2/dlc.rpf/common/data/effects/peds/mplowrider2_overlays.xml	ZONE_TORSO	TYPE_BADGE	GENDER_FEMALE	0.740000	0.670000	0.12000	0.200000	0.000000	MP_Chianski_001	MP_Chianski_001
MP_Chianski_001_M	mpLowrider2_overlays	update/x64/dlcpacks/mplowrider2/dlc.rpf/common/data/effects/peds/mplowrider2_overlays.xml	ZONE_TORSO	TYPE_BADGE	GENDER_MALE	0.740000	0.690000	0.16000	0.200000	0.000000	MP_Chianski_001	MP_Chianski_001
MP_Chianski_002_F	mpLowrider2_overlays	update/x64/dlcpacks/mplowrider2/dlc.rpf/common/data/effects/peds/mplowrider2_overlays.xml	ZONE_TORSO	TYPE_BADGE	GENDER_FEMALE	0.740000	0.670000	0.12000	0.180000	0.000000	MP_Chianski_002	MP_Chianski_002
MP_Chianski_002_M	mpLowrider2_overlays	update/x64/dlcpacks/mplowrider2/dlc.rpf/common/data/effects/peds/mplowrider2_overlays.xml	ZONE_TORSO	TYPE_BADGE	GENDER_MALE	0.740000	0.650000	0.15000	0.180000	0.000000	MP_Chianski_002	MP_Chianski_002
MP_Chianski_003_F	mpLowrider2_overlays	update/x64/dlcpacks/mplowrider2/dlc.rpf/common/data/effects/peds/mplowrider2_overlays.xml	ZONE_TORSO	TYPE_BADGE	GENDER_FEMALE	0.740000	0.670000	0.12000	0.200000	0.000000	MP_Chianski_003	MP_Chianski_003
MP_Chianski_003_M	mpLowrider2_overlays	update/x64/dlcpacks/mplowrider2/dlc.rpf/common/data/effects/peds/mplowrider2_overlays.xml	ZONE_TORSO	TYPE_BADGE	GENDER_MALE	0.740000	0.650000	0.15000	0.200000	0.000000	MP_Chianski_003	MP_Chianski_003
MP_Chianski_004_F	mpLowrider2_overlays	update/x64/dlcpacks/mplowrider2/dlc.rpf/common/data/effects/peds/mplowrider2_overlays.xml	ZONE_TORSO	TYPE_BADGE	GENDER_FEMALE	0.740000	0.680000	0.12000	0.200000	0.000000	MP_Chianski_004	MP_Chianski_004
MP_Chianski_004_M	mpLowrider2_overlays	update/x64/dlcpacks/mplowrider2/dlc.rpf/common/data/effects/peds/mplowrider2_overlays.xml	ZONE_TORSO	TYPE_BADGE	GENDER_MALE	0.740000	0.680000	0.15000	0.200000	0.000000	MP_Chianski_004	MP_Chianski_004
MP_Chianski_005_F	mpLowrider2_overlays	update/x64/dlcpacks/mplowrider2/dlc.rpf/common/data/effects/peds/mplowrider2_overlays.xml	ZONE_TORSO	TYPE_BADGE	GENDER_FEMALE	0.740000	0.680000	0.12000	0.200000	0.000000	MP_Chianski_005	MP_Chianski_005
MP_Chianski_005_M	mpLowrider2_overlays	update/x64/dlcpacks/mplowrider2/dlc.rpf/common/data/effects/peds/mplowrider2_overlays.xml	ZONE_TORSO	TYPE_BADGE	GENDER_MALE	0.740000	0.650000	0.15000	0.200000	0.000000	MP_Chianski_005	MP_Chianski_005
MP_Chianski_006_F	mpLowrider2_overlays	update/x64/dlcpacks/mplowrider2/dlc.rpf/common/data/effects/peds/mplowrider2_overlays.xml	ZONE_TORSO	TYPE_BADGE	GENDER_FEMALE	0.740000	0.720000	0.12000	0.200000	0.000000	MP_Chianski_006	MP_Chianski_006
MP_Chianski_006_M	mpLowrider2_overlays	update/x64/dlcpacks/mplowrider2/dlc.rpf/common/data/effects/peds/mplowrider2_overlays.xml	ZONE_TORSO	TYPE_BADGE	GENDER_MALE	0.740000	0.720000	0.14000	0.140000	0.000000	MP_Chianski_006	MP_Chianski_006
MP_Hntr_000_F	mpLowrider2_overlays	update/x64/dlcpacks/mplowrider2/dlc.rpf/common/data/effects/peds/mplowrider2_overlays.xml	ZONE_TORSO	TYPE_BADGE	GENDER_FEMALE	0.725000	0.650000	0.15000	0.180000	0.000000	MP_Hntr_000	MP_Hntr_000
MP_Hntr_000_M	mpLowrider2_overlays	update/x64/dlcpacks/mplowrider2/dlc.rpf/common/data/effects/peds/mplowrider2_overlays.xml	ZONE_TORSO	TYPE_BADGE	GENDER_MALE	0.725000	0.670000	0.15000	0.150000	0.000000	MP_Hntr_000	MP_Hntr_000
MP_Hntr_001_F	mpLowrider2_overlays	update/x64/dlcpacks/mplowrider2/dlc.rpf/common/data/effects/peds/mplowrider2_overlays.xml	ZONE_TORSO	TYPE_BADGE	GENDER_FEMALE	0.725000	0.650000	0.15000	0.180000	0.000000	MP_Hntr_001	MP_Hntr_001
MP_Hntr_001_M	mpLowrider2_overlays	update/x64/dlcpacks/mplowrider2/dlc.rpf/common/data/effects/peds/mplowrider2_overlays.xml	ZONE_TORSO	TYPE_BADGE	GENDER_MALE	0.725000	0.680000	0.15000	0.150000	0.000000	MP_Hntr_001	MP_Hntr_001
MP_Hntr_002_F	mpLowrider2_overlays	update/x64/dlcpacks/mplowrider2/dlc.rpf/common/data/effects/peds/mplowrider2_overlays.xml	ZONE_TORSO	TYPE_BADGE	GENDER_FEMALE	0.725000	0.650000	0.15000	0.180000	0.000000	MP_Hntr_002	MP_Hntr_002
MP_Hntr_002_M	mpLowrider2_overlays	update/x64/dlcpacks/mplowrider2/dlc.rpf/common/data/effects/peds/mplowrider2_overlays.xml	ZONE_TORSO	TYPE_BADGE	GENDER_MALE	0.735000	0.670000	0.15000	0.150000	0.000000	MP_Hntr_002	MP_Hntr_002
MP_Hntr_003_F	mpLowrider2_overlays	update/x64/dlcpacks/mplowrider2/dlc.rpf/common/data/effects/peds/mplowrider2_overlays.xml	ZONE_TORSO	TYPE_BADGE	GENDER_FEMALE	0.725000	0.650000	0.15000	0.180000	0.000000	MP_Hntr_003	MP_Hntr_003
MP_Hntr_003_M	mpLowrider2_overlays	update/x64/dlcpacks/mplowrider2/dlc.rpf/common/data/effects/peds/mplowrider2_overlays.xml	ZONE_TORSO	TYPE_BADGE	GENDER_MALE	0.735000	0.670000	0.15000	0.150000	0.000000	MP_Hntr_003	MP_Hntr_003
MP_Hntr_004_F	mpLowrider2_overlays	update/x64/dlcpacks/mplowrider2/dlc.rpf/common/data/effects/peds/mplowrider2_overlays.xml	ZONE_TORSO	TYPE_BADGE	GENDER_FEMALE	0.725000	0.650000	0.15000	0.180000	0.000000	MP_Hntr_004	MP_Hntr_004
MP_Hntr_004_M	mpLowrider2_overlays	update/x64/dlcpacks/mplowrider2/dlc.rpf/common/data/effects/peds/mplowrider2_overlays.xml	ZONE_TORSO	TYPE_BADGE	GENDER_MALE	0.735000	0.650000	0.15000	0.150000	0.000000	MP_Hntr_004	MP_Hntr_004
MP_Hntr_005_F	mpLowrider2_overlays	update/x64/dlcpacks/mplowrider2/dlc.rpf/common/data/effects/peds/mplowrider2_overlays.xml	ZONE_TORSO	TYPE_BADGE	GENDER_FEMALE	0.725000	0.650000	0.15000	0.180000	0.000000	MP_Hntr_005	MP_Hntr_005
MP_Hntr_005_M	mpLowrider2_overlays	update/x64/dlcpacks/mplowrider2/dlc.rpf/common/data/effects/peds/mplowrider2_overlays.xml	ZONE_TORSO	TYPE_BADGE	GENDER_MALE	0.735000	0.670000	0.15000	0.150000	0.000000	MP_Hntr_005	MP_Hntr_005
MP_Hntr_006_F	mpLowrider2_overlays	update/x64/dlcpacks/mplowrider2/dlc.rpf/common/data/effects/peds/mplowrider2_overlays.xml	ZONE_TORSO	TYPE_BADGE	GENDER_FEMALE	0.725000	0.650000	0.15000	0.180000	0.000000	MP_Hntr_006	MP_Hntr_006
MP_Hntr_006_M	mpLowrider2_overlays	update/x64/dlcpacks/mplowrider2/dlc.rpf/common/data/effects/peds/mplowrider2_overlays.xml	ZONE_TORSO	TYPE_BADGE	GENDER_MALE	0.735000	0.670000	0.15000	0.150000	0.000000	MP_Hntr_006	MP_Hntr_006
MP_Hntr_007_F	mpLowrider2_overlays	update/x64/dlcpacks/mplowrider2/dlc.rpf/common/data/effects/peds/mplowrider2_overlays.xml	ZONE_TORSO	TYPE_BADGE	GENDER_FEMALE	0.725000	0.650000	0.15000	0.180000	0.000000	MP_Hntr_007	MP_Hntr_007
MP_Hntr_007_M	mpLowrider2_overlays	update/x64/dlcpacks/mplowrider2/dlc.rpf/common/data/effects/peds/mplowrider2_overlays.xml	ZONE_TORSO	TYPE_BADGE	GENDER_MALE	0.735000	0.650000	0.15000	0.150000	0.000000	MP_Hntr_007	MP_Hntr_007
MP_Hntr_008_F	mpLowrider2_overlays	update/x64/dlcpacks/mplowrider2/dlc.rpf/common/data/effects/peds/mplowrider2_overlays.xml	ZONE_TORSO	TYPE_BADGE	GENDER_FEMALE	0.725000	0.650000	0.15000	0.180000	0.000000	MP_Hntr_008	MP_Hntr_008
MP_Hntr_008_M	mpLowrider2_overlays	update/x64/dlcpacks/mplowrider2/dlc.rpf/common/data/effects/peds/mplowrider2_overlays.xml	ZONE_TORSO	TYPE_BADGE	GENDER_MALE	0.735000	0.670000	0.15000	0.150000	0.000000	MP_Hntr_008	MP_Hntr_008
MP_Hntr_009_F	mpLowrider2_overlays	update/x64/dlcpacks/mplowrider2/dlc.rpf/common/data/effects/peds/mplowrider2_overlays.xml	ZONE_TORSO	TYPE_BADGE	GENDER_FEMALE	0.725000	0.650000	0.15000	0.180000	0.000000	MP_Hntr_009	MP_Hntr_009
MP_Hntr_009_M	mpLowrider2_overlays	update/x64/dlcpacks/mplowrider2/dlc.rpf/common/data/effects/peds/mplowrider2_overlays.xml	ZONE_TORSO	TYPE_BADGE	GENDER_MALE	0.735000	0.670000	0.15000	0.150000	0.000000	MP_Hntr_009	MP_Hntr_009
MP_Hntr_010_F	mpLowrider2_overlays	update/x64/dlcpacks/mplowrider2/dlc.rpf/common/data/effects/peds/mplowrider2_overlays.xml	ZONE_TORSO	TYPE_BADGE	GENDER_FEMALE	0.725000	0.650000	0.15000	0.180000	0.000000	MP_Hntr_010	MP_Hntr_010
MP_Hntr_010_M	mpLowrider2_overlays	update/x64/dlcpacks/mplowrider2/dlc.rpf/common/data/effects/peds/mplowrider2_overlays.xml	ZONE_TORSO	TYPE_BADGE	GENDER_MALE	0.735000	0.650000	0.15000	0.150000	0.000000	MP_Hntr_010	MP_Hntr_010
MP_Hntr_011_F	mpLowrider2_overlays	update/x64/dlcpacks/mplowrider2/dlc.rpf/common/data/effects/peds/mplowrider2_overlays.xml	ZONE_TORSO	TYPE_BADGE	GENDER_FEMALE	0.725000	0.640000	0.15000	0.180000	0.000000	MP_Hntr_011	MP_Hntr_011
MP_Hntr_011_M	mpLowrider2_overlays	update/x64/dlcpacks/mplowrider2/dlc.rpf/common/data/effects/peds/mplowrider2_overlays.xml	ZONE_TORSO	TYPE_BADGE	GENDER_MALE	0.735000	0.690000	0.15000	0.150000	0.000000	MP_Hntr_011	MP_Hntr_011
MP_Hntr_012_F	mpLowrider2_overlays	update/x64/dlcpacks/mplowrider2/dlc.rpf/common/data/effects/peds/mplowrider2_overlays.xml	ZONE_TORSO	TYPE_BADGE	GENDER_FEMALE	0.725000	0.640000	0.15000	0.180000	0.000000	MP_Hntr_012	MP_Hntr_012
MP_Hntr_012_M	mpLowrider2_overlays	update/x64/dlcpacks/mplowrider2/dlc.rpf/common/data/effects/peds/mplowrider2_overlays.xml	ZONE_TORSO	TYPE_BADGE	GENDER_MALE	0.735000	0.680000	0.15000	0.150000	0.000000	MP_Hntr_012	MP_Hntr_012
MP_Dense_000_F	mpLowrider2_overlays	update/x64/dlcpacks/mplowrider2/dlc.rpf/common/data/effects/peds/mplowrider2_overlays.xml	ZONE_TORSO	TYPE_BADGE	GENDER_FEMALE	0.740000	0.710000	0.13000	0.130000	0.000000	MP_Dense_000	MP_Dense_000
MP_Dense_000_M	mpLowrider2_overlays	update/x64/dlcpacks/mplowrider2/dlc.rpf/common/data/effects/peds/mplowrider2_overlays.xml	ZONE_TORSO	TYPE_BADGE	GENDER_MALE	0.740000	0.690000	0.15000	0.150000	0.000000	MP_Dense_000	MP_Dense_000
MP_Dense_001_F	mpLowrider2_overlays	update/x64/dlcpacks/mplowrider2/dlc.rpf/common/data/effects/peds/mplowrider2_overlays.xml	ZONE_TORSO	TYPE_BADGE	GENDER_FEMALE	0.740000	0.710000	0.13000	0.130000	0.000000	MP_Dense_001	MP_Dense_001
MP_Dense_001_M	mpLowrider2_overlays	update/x64/dlcpacks/mplowrider2/dlc.rpf/common/data/effects/peds/mplowrider2_overlays.xml	ZONE_TORSO	TYPE_BADGE	GENDER_MALE	0.740000	0.640000	0.15000	0.150000	0.000000	MP_Dense_001	MP_Dense_001
MP_Dense_002_F	mpLowrider2_overlays	update/x64/dlcpacks/mplowrider2/dlc.rpf/common/data/effects/peds/mplowrider2_overlays.xml	ZONE_TORSO	TYPE_BADGE	GENDER_FEMALE	0.740000	0.710000	0.13000	0.130000	0.000000	MP_Dense_002	MP_Dense_002
MP_Dense_002_M	mpLowrider2_overlays	update/x64/dlcpacks/mplowrider2/dlc.rpf/common/data/effects/peds/mplowrider2_overlays.xml	ZONE_TORSO	TYPE_BADGE	GENDER_MALE	0.740000	0.670000	0.15000	0.150000	0.000000	MP_Dense_002	MP_Dense_002
MP_Dense_003_F	mpLowrider2_overlays	update/x64/dlcpacks/mplowrider2/dlc.rpf/common/data/effects/peds/mplowrider2_overlays.xml	ZONE_TORSO	TYPE_BADGE	GENDER_FEMALE	0.740000	0.710000	0.13000	0.130000	0.000000	MP_Dense_003	MP_Dense_003
MP_Dense_003_M	mpLowrider2_overlays	update/x64/dlcpacks/mplowrider2/dlc.rpf/common/data/effects/peds/mplowrider2_overlays.xml	ZONE_TORSO	TYPE_BADGE	GENDER_MALE	0.740000	0.670000	0.15000	0.150000	0.000000	MP_Dense_003	MP_Dense_003
MP_Dense_004_F	mpLowrider2_overlays	update/x64/dlcpacks/mplowrider2/dlc.rpf/common/data/effects/peds/mplowrider2_overlays.xml	ZONE_TORSO	TYPE_BADGE	GENDER_FEMALE	0.740000	0.710000	0.13000	0.130000	0.000000	MP_Dense_004	MP_Dense_004
MP_Dense_004_M	mpLowrider2_overlays	update/x64/dlcpacks/mplowrider2/dlc.rpf/common/data/effects/peds/mplowrider2_overlays.xml	ZONE_TORSO	TYPE_BADGE	GENDER_MALE	0.740000	0.670000	0.15000	0.150000	0.000000	MP_Dense_004	MP_Dense_004
MP_Dense_005_F	mpLowrider2_overlays	update/x64/dlcpacks/mplowrider2/dlc.rpf/common/data/effects/peds/mplowrider2_overlays.xml	ZONE_TORSO	TYPE_BADGE	GENDER_FEMALE	0.740000	0.710000	0.13000	0.130000	0.000000	MP_Dense_005	MP_Dense_005
MP_Dense_005_M	mpLowrider2_overlays	update/x64/dlcpacks/mplowrider2/dlc.rpf/common/data/effects/peds/mplowrider2_overlays.xml	ZONE_TORSO	TYPE_BADGE	GENDER_MALE	0.740000	0.670000	0.15000	0.150000	0.000000	MP_Dense_005	MP_Dense_005
MP_Dense_006_F	mpLowrider2_overlays	update/x64/dlcpacks/mplowrider2/dlc.rpf/common/data/effects/peds/mplowrider2_overlays.xml	ZONE_TORSO	TYPE_BADGE	GENDER_FEMALE	0.740000	0.710000	0.13000	0.130000	0.000000	MP_Dense_006	MP_Dense_006
MP_Dense_006_M	mpLowrider2_overlays	update/x64/dlcpacks/mplowrider2/dlc.rpf/common/data/effects/peds/mplowrider2_overlays.xml	ZONE_TORSO	TYPE_BADGE	GENDER_MALE	0.740000	0.670000	0.15000	0.150000	0.000000	MP_Dense_006	MP_Dense_006
MP_Dense_007_F	mpLowrider2_overlays	update/x64/dlcpacks/mplowrider2/dlc.rpf/common/data/effects/peds/mplowrider2_overlays.xml	ZONE_TORSO	TYPE_BADGE	GENDER_FEMALE	0.740000	0.710000	0.13000	0.130000	0.000000	MP_Dense_007	MP_Dense_007
MP_Dense_007_M	mpLowrider2_overlays	update/x64/dlcpacks/mplowrider2/dlc.rpf/common/data/effects/peds/mplowrider2_overlays.xml	ZONE_TORSO	TYPE_BADGE	GENDER_MALE	0.740000	0.670000	0.15000	0.150000	0.000000	MP_Dense_007	MP_Dense_007
LR_F_Hair_003	mpLowrider2_overlays	update/x64/dlcpacks/mplowrider2/dlc.rpf/common/data/effects/peds/mplowrider2_overlays.xml	ZONE_HEAD	TYPE_TATTOO	GENDER_FEMALE	0.500000	0.500000	0.600000	0.500000	0.000000	MP_LR_F_Hair_003	MP_LR_F_Hair_003
LR_F_Hair_004	mpLowrider2_overlays	update/x64/dlcpacks/mplowrider2/dlc.rpf/common/data/effects/peds/mplowrider2_overlays.xml	ZONE_HEAD	TYPE_TATTOO	GENDER_FEMALE	0.500000	0.500000	0.600000	0.500000	0.000000	MP_LR_F_Hair_004	MP_LR_F_Hair_004
LR_F_Hair_006	mpLowrider2_overlays	update/x64/dlcpacks/mplowrider2/dlc.rpf/common/data/effects/peds/mplowrider2_overlays.xml	ZONE_HEAD	TYPE_TATTOO	GENDER_FEMALE	0.500000	0.500000	0.600000	0.500000	0.000000	MP_LR_F_Hair_006	MP_LR_F_Hair_006
LR_M_Hair_004	mpLowrider2_overlays	update/x64/dlcpacks/mplowrider2/dlc.rpf/common/data/effects/peds/mplowrider2_overlays.xml	ZONE_HEAD	TYPE_TATTOO	GENDER_MALE	0.500000	0.500000	0.600000	0.500000	0.000000	MP_LR_M_Hair_004	MP_LR_M_Hair_004
LR_M_Hair_005	mpLowrider2_overlays	update/x64/dlcpacks/mplowrider2/dlc.rpf/common/data/effects/peds/mplowrider2_overlays.xml	ZONE_HEAD	TYPE_TATTOO	GENDER_MALE	0.500000	0.500000	0.600000	0.500000	0.000000	MP_LR_M_Hair_005	MP_LR_M_Hair_005
LR_M_Hair_006	mpLowrider2_overlays	update/x64/dlcpacks/mplowrider2/dlc.rpf/common/data/effects/peds/mplowrider2_overlays.xml	ZONE_HEAD	TYPE_TATTOO	GENDER_MALE	0.500000	0.500000	0.600000	0.500000	0.000000	MP_LR_M_Hair_006	MP_LR_M_Hair_006
MP_LR_Tat_001_M	mpLowrider_overlays	update/x64/dlcpacks/mplowrider/dlc.rpf/common/data/effects/peds/mplowrider_overlays.xml	ZONE_TORSO	TYPE_TATTOO	GENDER_MALE	0.650000	0.600000	0.100000	0.100000	23.000000	MP_LR_Tat_001	MP_LR_Tat_001
MP_LR_Tat_002_M	mpLowrider_overlays	update/x64/dlcpacks/mplowrider/dlc.rpf/common/data/effects/peds/mplowrider_overlays.xml	ZONE_TORSO	TYPE_TATTOO	GENDER_MALE	0.725000	0.550000	0.200000	0.200000	0.000000	MP_LR_Tat_002	MP_LR_Tat_002
MP_LR_Tat_004_M	mpLowrider_overlays	update/x64/dlcpacks/mplowrider/dlc.rpf/common/data/effects/peds/mplowrider_overlays.xml	ZONE_TORSO	TYPE_TATTOO	GENDER_MALE	0.470000	0.380000	0.150000	0.150000	-146.880000	MP_LR_Tat_004	MP_LR_Tat_004
MP_LR_Tat_005_M	mpLowrider_overlays	update/x64/dlcpacks/mplowrider/dlc.rpf/common/data/effects/peds/mplowrider_overlays.xml	ZONE_LEFT_ARM	TYPE_TATTOO	GENDER_MALE	0.700000	0.450000	0.150000	0.150000	0.000000	MP_LR_Tat_005	MP_LR_Tat_005
MP_LR_Tat_007_M	mpLowrider_overlays	update/x64/dlcpacks/mplowrider/dlc.rpf/common/data/effects/peds/mplowrider_overlays.xml	ZONE_LEFT_LEG	TYPE_TATTOO	GENDER_MALE	0.250000	0.325000	0.150000	0.150000	0.000000	MP_LR_Tat_007	MP_LR_Tat_007
MP_LR_Tat_009_M	mpLowrider_overlays	update/x64/dlcpacks/mplowrider/dlc.rpf/common/data/effects/peds/mplowrider_overlays.xml	ZONE_TORSO	TYPE_TATTOO	GENDER_MALE	0.310000	0.620000	0.150000	0.190000	0.000000	MP_LR_Tat_009	MP_LR_Tat_009
MP_LR_Tat_010_M	mpLowrider_overlays	update/x64/dlcpacks/mplowrider/dlc.rpf/common/data/effects/peds/mplowrider_overlays.xml	ZONE_TORSO	TYPE_TATTOO	GENDER_MALE	0.225000	0.500000	0.300000	0.300000	0.000000	MP_LR_Tat_010	MP_LR_Tat_010
MP_LR_Tat_013_M	mpLowrider_overlays	update/x64/dlcpacks/mplowrider/dlc.rpf/common/data/effects/peds/mplowrider_overlays.xml	ZONE_TORSO	TYPE_TATTOO	GENDER_MALE	0.820000	0.600000	0.150000	0.150000	0.000000	MP_LR_Tat_013	MP_LR_Tat_013
MP_LR_Tat_014_M	mpLowrider_overlays	update/x64/dlcpacks/mplowrider/dlc.rpf/common/data/effects/peds/mplowrider_overlays.xml	ZONE_TORSO	TYPE_TATTOO	GENDER_MALE	0.225000	0.500000	0.250000	0.250000	0.000000	MP_LR_Tat_014	MP_LR_Tat_014
MP_LR_Tat_015_M	mpLowrider_overlays	update/x64/dlcpacks/mplowrider/dlc.rpf/common/data/effects/peds/mplowrider_overlays.xml	ZONE_RIGHT_ARM	TYPE_TATTOO	GENDER_MALE	0.210000	0.470000	0.200000	0.200000	0.000000	MP_LR_Tat_015	MP_LR_Tat_015
MP_LR_Tat_017_M	mpLowrider_overlays	update/x64/dlcpacks/mplowrider/dlc.rpf/common/data/effects/peds/mplowrider_overlays.xml	ZONE_RIGHT_LEG	TYPE_TATTOO	GENDER_MALE	0.810000	0.320000	0.200000	0.200000	0.000000	MP_LR_Tat_017	MP_LR_Tat_017
MP_LR_Tat_020_M	mpLowrider_overlays	update/x64/dlcpacks/mplowrider/dlc.rpf/common/data/effects/peds/mplowrider_overlays.xml	ZONE_LEFT_LEG	TYPE_TATTOO	GENDER_MALE	0.720000	0.320000	0.200000	0.150000	3.600000	MP_LR_Tat_020	MP_LR_Tat_020
MP_LR_Tat_021_M	mpLowrider_overlays	update/x64/dlcpacks/mplowrider/dlc.rpf/common/data/effects/peds/mplowrider_overlays.xml	ZONE_TORSO	TYPE_TATTOO	GENDER_MALE	0.225000	0.480000	0.250000	0.300000	0.000000	MP_LR_Tat_021	MP_LR_Tat_021
MP_LR_Tat_023_M	mpLowrider_overlays	update/x64/dlcpacks/mplowrider/dlc.rpf/common/data/effects/peds/mplowrider_overlays.xml	ZONE_RIGHT_LEG	TYPE_TATTOO	GENDER_MALE	0.760000	0.320000	0.150000	0.160000	0.000000	MP_LR_Tat_023	MP_LR_Tat_023
MP_LR_Tat_026_M	mpLowrider_overlays	update/x64/dlcpacks/mplowrider/dlc.rpf/common/data/effects/peds/mplowrider_overlays.xml	ZONE_TORSO	TYPE_TATTOO	GENDER_MALE	0.825000	0.610000	0.140000	0.150000	-10.000000	MP_LR_Tat_026	MP_LR_Tat_026
MP_LR_Tat_027_M	mpLowrider_overlays	update/x64/dlcpacks/mplowrider/dlc.rpf/common/data/effects/peds/mplowrider_overlays.xml	ZONE_LEFT_ARM	TYPE_TATTOO	GENDER_MALE	0.530000	0.780000	0.160000	0.170000	20.880000	MP_LR_Tat_027	MP_LR_Tat_027
MP_LR_Tat_033_M	mpLowrider_overlays	update/x64/dlcpacks/mplowrider/dlc.rpf/common/data/effects/peds/mplowrider_overlays.xml	ZONE_LEFT_ARM	TYPE_TATTOO	GENDER_MALE	0.650000	0.630000	0.250000	0.300000	18.360000	MP_LR_Tat_033	MP_LR_Tat_033
MP_LR_Tat_001_F	mpLowrider_overlays	update/x64/dlcpacks/mplowrider/dlc.rpf/common/data/effects/peds/mplowrider_overlays.xml	ZONE_TORSO	TYPE_TATTOO	GENDER_FEMALE	0.650000	0.620000	0.100000	0.100000	23.000000	MP_LR_Tat_001	MP_LR_Tat_001
MP_LR_Tat_002_F	mpLowrider_overlays	update/x64/dlcpacks/mplowrider/dlc.rpf/common/data/effects/peds/mplowrider_overlays.xml	ZONE_TORSO	TYPE_TATTOO	GENDER_FEMALE	0.740000	0.570000	0.200000	0.190000	-2.000000	MP_LR_Tat_002	MP_LR_Tat_002
MP_LR_Tat_004_F	mpLowrider_overlays	update/x64/dlcpacks/mplowrider/dlc.rpf/common/data/effects/peds/mplowrider_overlays.xml	ZONE_TORSO	TYPE_TATTOO	GENDER_FEMALE	0.500000	0.450000	0.140000	0.090000	-159.120000	MP_LR_Tat_004	MP_LR_Tat_004
MP_LR_Tat_005_F	mpLowrider_overlays	update/x64/dlcpacks/mplowrider/dlc.rpf/common/data/effects/peds/mplowrider_overlays.xml	ZONE_LEFT_ARM	TYPE_TATTOO	GENDER_FEMALE	0.470000	0.430000	0.200000	0.160000	0.000000	MP_LR_Tat_005	MP_LR_Tat_005
MP_LR_Tat_007_F	mpLowrider_overlays	update/x64/dlcpacks/mplowrider/dlc.rpf/common/data/effects/peds/mplowrider_overlays.xml	ZONE_LEFT_LEG	TYPE_TATTOO	GENDER_FEMALE	0.250000	0.325000	0.150000	0.150000	0.000000	MP_LR_Tat_007	MP_LR_Tat_007
MP_LR_Tat_009_F	mpLowrider_overlays	update/x64/dlcpacks/mplowrider/dlc.rpf/common/data/effects/peds/mplowrider_overlays.xml	ZONE_TORSO	TYPE_TATTOO	GENDER_FEMALE	0.330000	0.680000	0.150000	0.150000	0.000000	MP_LR_Tat_009	MP_LR_Tat_009
MP_LR_Tat_010_F	mpLowrider_overlays	update/x64/dlcpacks/mplowrider/dlc.rpf/common/data/effects/peds/mplowrider_overlays.xml	ZONE_TORSO	TYPE_TATTOO	GENDER_FEMALE	0.225000	0.550000	0.300000	0.250000	0.000000	MP_LR_Tat_010	MP_LR_Tat_010
MP_LR_Tat_013_F	mpLowrider_overlays	update/x64/dlcpacks/mplowrider/dlc.rpf/common/data/effects/peds/mplowrider_overlays.xml	ZONE_TORSO	TYPE_TATTOO	GENDER_FEMALE	0.820000	0.600000	0.150000	0.130000	0.000000	MP_LR_Tat_013	MP_LR_Tat_013
MP_LR_Tat_014_F	mpLowrider_overlays	update/x64/dlcpacks/mplowrider/dlc.rpf/common/data/effects/peds/mplowrider_overlays.xml	ZONE_TORSO	TYPE_TATTOO	GENDER_FEMALE	0.230000	0.550000	0.250000	0.250000	0.000000	MP_LR_Tat_014	MP_LR_Tat_014
MP_LR_Tat_015_F	mpLowrider_overlays	update/x64/dlcpacks/mplowrider/dlc.rpf/common/data/effects/peds/mplowrider_overlays.xml	ZONE_RIGHT_ARM	TYPE_TATTOO	GENDER_FEMALE	0.210000	0.415000	0.200000	0.200000	0.000000	MP_LR_Tat_015	MP_LR_Tat_015
MP_LR_Tat_017_F	mpLowrider_overlays	update/x64/dlcpacks/mplowrider/dlc.rpf/common/data/effects/peds/mplowrider_overlays.xml	ZONE_RIGHT_LEG	TYPE_TATTOO	GENDER_FEMALE	0.810000	0.320000	0.200000	0.200000	0.000000	MP_LR_Tat_017	MP_LR_Tat_017
MP_LR_Tat_020_F	mpLowrider_overlays	update/x64/dlcpacks/mplowrider/dlc.rpf/common/data/effects/peds/mplowrider_overlays.xml	ZONE_LEFT_LEG	TYPE_TATTOO	GENDER_FEMALE	0.720000	0.320000	0.200000	0.160000	0.000000	MP_LR_Tat_020	MP_LR_Tat_020
MP_LR_Tat_021_F	mpLowrider_overlays	update/x64/dlcpacks/mplowrider/dlc.rpf/common/data/effects/peds/mplowrider_overlays.xml	ZONE_TORSO	TYPE_TATTOO	GENDER_FEMALE	0.225000	0.550000	0.290000	0.250000	0.000000	MP_LR_Tat_021	MP_LR_Tat_021
MP_LR_Tat_023_F	mpLowrider_overlays	update/x64/dlcpacks/mplowrider/dlc.rpf/common/data/effects/peds/mplowrider_overlays.xml	ZONE_RIGHT_LEG	TYPE_TATTOO	GENDER_FEMALE	0.760000	0.330000	0.150000	0.160000	0.000000	MP_LR_Tat_023	MP_LR_Tat_023
MP_LR_Tat_026_F	mpLowrider_overlays	update/x64/dlcpacks/mplowrider/dlc.rpf/common/data/effects/peds/mplowrider_overlays.xml	ZONE_TORSO	TYPE_TATTOO	GENDER_FEMALE	0.830000	0.600000	0.150000	0.150000	0.000000	MP_LR_Tat_026	MP_LR_Tat_026
MP_LR_Tat_027_F	mpLowrider_overlays	update/x64/dlcpacks/mplowrider/dlc.rpf/common/data/effects/peds/mplowrider_overlays.xml	ZONE_LEFT_ARM	TYPE_TATTOO	GENDER_FEMALE	0.530000	0.770000	0.190000	0.190000	20.880000	MP_LR_Tat_027	MP_LR_Tat_027
MP_LR_Tat_033_F	mpLowrider_overlays	update/x64/dlcpacks/mplowrider/dlc.rpf/common/data/effects/peds/mplowrider_overlays.xml	ZONE_LEFT_ARM	TYPE_TATTOO	GENDER_FEMALE	0.650000	0.610000	0.250000	0.350000	10.440000	MP_LR_Tat_033	MP_LR_Tat_033
MP_Broker_000_F	mpLowrider_overlays	update/x64/dlcpacks/mplowrider/dlc.rpf/common/data/effects/peds/mplowrider_overlays.xml	ZONE_TORSO	TYPE_BADGE	GENDER_FEMALE	0.740000	0.710000	0.12000	0.200000	0.000000	MP_Broker_000	MP_Broker_000
MP_Broker_000_M	mpLowrider_overlays	update/x64/dlcpacks/mplowrider/dlc.rpf/common/data/effects/peds/mplowrider_overlays.xml	ZONE_TORSO	TYPE_BADGE	GENDER_MALE	0.740000	0.690000	0.14000	0.150000	0.000000	MP_Broker_000	MP_Broker_000
MP_Broker_001_F	mpLowrider_overlays	update/x64/dlcpacks/mplowrider/dlc.rpf/common/data/effects/peds/mplowrider_overlays.xml	ZONE_TORSO	TYPE_BADGE	GENDER_FEMALE	0.820000	0.760000	0.08000	0.080000	-7.000000	MP_Broker_001	MP_Broker_001
MP_Broker_001_M	mpLowrider_overlays	update/x64/dlcpacks/mplowrider/dlc.rpf/common/data/effects/peds/mplowrider_overlays.xml	ZONE_TORSO	TYPE_BADGE	GENDER_MALE	0.840000	0.730000	0.08000	0.080000	-3.000000	MP_Broker_001	MP_Broker_001
MP_Broker_002_F	mpLowrider_overlays	update/x64/dlcpacks/mplowrider/dlc.rpf/common/data/effects/peds/mplowrider_overlays.xml	ZONE_TORSO	TYPE_BADGE	GENDER_FEMALE	0.740000	0.710000	0.12000	0.200000	0.000000	MP_Broker_002	MP_Broker_002
MP_Broker_002_M	mpLowrider_overlays	update/x64/dlcpacks/mplowrider/dlc.rpf/common/data/effects/peds/mplowrider_overlays.xml	ZONE_TORSO	TYPE_BADGE	GENDER_MALE	0.740000	0.700000	0.15000	0.150000	0.000000	MP_Broker_002	MP_Broker_002
MP_Broker_003_F	mpLowrider_overlays	update/x64/dlcpacks/mplowrider/dlc.rpf/common/data/effects/peds/mplowrider_overlays.xml	ZONE_TORSO	TYPE_BADGE	GENDER_FEMALE	0.740000	0.710000	0.12000	0.200000	0.000000	MP_Broker_003	MP_Broker_003
MP_Broker_003_M	mpLowrider_overlays	update/x64/dlcpacks/mplowrider/dlc.rpf/common/data/effects/peds/mplowrider_overlays.xml	ZONE_TORSO	TYPE_BADGE	GENDER_MALE	0.740000	0.710000	0.15000	0.150000	0.000000	MP_Broker_003	MP_Broker_003
MP_Broker_004_F	mpLowrider_overlays	update/x64/dlcpacks/mplowrider/dlc.rpf/common/data/effects/peds/mplowrider_overlays.xml	ZONE_TORSO	TYPE_BADGE	GENDER_FEMALE	0.740000	0.710000	0.12000	0.200000	0.000000	MP_Broker_004	MP_Broker_004
MP_Broker_004_M	mpLowrider_overlays	update/x64/dlcpacks/mplowrider/dlc.rpf/common/data/effects/peds/mplowrider_overlays.xml	ZONE_TORSO	TYPE_BADGE	GENDER_MALE	0.740000	0.710000	0.15000	0.150000	0.000000	MP_Broker_004	MP_Broker_004
MP_Broker_005_F	mpLowrider_overlays	update/x64/dlcpacks/mplowrider/dlc.rpf/common/data/effects/peds/mplowrider_overlays.xml	ZONE_TORSO	TYPE_BADGE	GENDER_FEMALE	0.740000	0.650000	0.12000	0.200000	0.000000	MP_Broker_005	MP_Broker_005
MP_Broker_005_M	mpLowrider_overlays	update/x64/dlcpacks/mplowrider/dlc.rpf/common/data/effects/peds/mplowrider_overlays.xml	ZONE_TORSO	TYPE_BADGE	GENDER_MALE	0.740000	0.630000	0.15000	0.150000	0.000000	MP_Broker_005	MP_Broker_005
MP_Magnetics_000_F	mpLowrider_overlays	update/x64/dlcpacks/mplowrider/dlc.rpf/common/data/effects/peds/mplowrider_overlays.xml	ZONE_TORSO	TYPE_BADGE	GENDER_FEMALE	0.740000	0.680000	0.12000	0.180000	0.000000	Magnetics_000	Magnetics_000
MP_Magnetics_000_M	mpLowrider_overlays	update/x64/dlcpacks/mplowrider/dlc.rpf/common/data/effects/peds/mplowrider_overlays.xml	ZONE_TORSO	TYPE_BADGE	GENDER_MALE	0.740000	0.700000	0.15000	0.150000	0.000000	Magnetics_000	Magnetics_000
MP_Magnetics_001_F	mpLowrider_overlays	update/x64/dlcpacks/mplowrider/dlc.rpf/common/data/effects/peds/mplowrider_overlays.xml	ZONE_TORSO	TYPE_BADGE	GENDER_FEMALE	0.740000	0.680000	0.12000	0.180000	0.000000	Magnetics_001	Magnetics_001
MP_Magnetics_001_M	mpLowrider_overlays	update/x64/dlcpacks/mplowrider/dlc.rpf/common/data/effects/peds/mplowrider_overlays.xml	ZONE_TORSO	TYPE_BADGE	GENDER_MALE	0.740000	0.700000	0.15000	0.150000	0.000000	Magnetics_001	Magnetics_001
MP_Magnetics_002_F	mpLowrider_overlays	update/x64/dlcpacks/mplowrider/dlc.rpf/common/data/effects/peds/mplowrider_overlays.xml	ZONE_TORSO	TYPE_BADGE	GENDER_FEMALE	0.740000	0.680000	0.12000	0.180000	0.000000	Magnetics_002	Magnetics_002
MP_Magnetics_002_M	mpLowrider_overlays	update/x64/dlcpacks/mplowrider/dlc.rpf/common/data/effects/peds/mplowrider_overlays.xml	ZONE_TORSO	TYPE_BADGE	GENDER_MALE	0.740000	0.650000	0.15000	0.150000	0.000000	Magnetics_002	Magnetics_002
MP_Magnetics_003_F	mpLowrider_overlays	update/x64/dlcpacks/mplowrider/dlc.rpf/common/data/effects/peds/mplowrider_overlays.xml	ZONE_TORSO	TYPE_BADGE	GENDER_FEMALE	0.740000	0.670000	0.10000	0.120000	0.000000	Magnetics_003	Magnetics_003
MP_Magnetics_003_M	mpLowrider_overlays	update/x64/dlcpacks/mplowrider/dlc.rpf/common/data/effects/peds/mplowrider_overlays.xml	ZONE_TORSO	TYPE_BADGE	GENDER_MALE	0.740000	0.670000	0.13000	0.130000	0.000000	Magnetics_003	Magnetics_003
MP_Magnetics_004_F	mpLowrider_overlays	update/x64/dlcpacks/mplowrider/dlc.rpf/common/data/effects/peds/mplowrider_overlays.xml	ZONE_TORSO	TYPE_BADGE	GENDER_FEMALE	0.740000	0.700000	0.12000	0.170000	0.000000	Magnetics_004	Magnetics_004
MP_Magnetics_004_M	mpLowrider_overlays	update/x64/dlcpacks/mplowrider/dlc.rpf/common/data/effects/peds/mplowrider_overlays.xml	ZONE_TORSO	TYPE_BADGE	GENDER_MALE	0.740000	0.700000	0.15000	0.150000	0.000000	Magnetics_004	Magnetics_004
MP_Magnetics_005_F	mpLowrider_overlays	update/x64/dlcpacks/mplowrider/dlc.rpf/common/data/effects/peds/mplowrider_overlays.xml	ZONE_TORSO	TYPE_BADGE	GENDER_FEMALE	0.740000	0.680000	0.12000	0.180000	0.000000	Magnetics_005	Magnetics_005
MP_Magnetics_005_M	mpLowrider_overlays	update/x64/dlcpacks/mplowrider/dlc.rpf/common/data/effects/peds/mplowrider_overlays.xml	ZONE_TORSO	TYPE_BADGE	GENDER_MALE	0.740000	0.680000	0.15000	0.180000	0.000000	Magnetics_005	Magnetics_005
MP_Trickster_000_F	mpLowrider_overlays	update/x64/dlcpacks/mplowrider/dlc.rpf/common/data/effects/peds/mplowrider_overlays.xml	ZONE_TORSO	TYPE_BADGE	GENDER_FEMALE	0.725000	0.680000	0.12000	0.180000	0.000000	MP_Trickster_000	MP_Trickster_000
MP_Trickster_000_M	mpLowrider_overlays	update/x64/dlcpacks/mplowrider/dlc.rpf/common/data/effects/peds/mplowrider_overlays.xml	ZONE_TORSO	TYPE_BADGE	GENDER_MALE	0.740000	0.680000	0.15000	0.150000	0.000000	MP_Trickster_000	MP_Trickster_000
MP_Trickster_001_F	mpLowrider_overlays	update/x64/dlcpacks/mplowrider/dlc.rpf/common/data/effects/peds/mplowrider_overlays.xml	ZONE_TORSO	TYPE_BADGE	GENDER_FEMALE	0.725000	0.680000	0.12000	0.180000	0.000000	MP_Trickster_001	MP_Trickster_001
MP_Trickster_001_M	mpLowrider_overlays	update/x64/dlcpacks/mplowrider/dlc.rpf/common/data/effects/peds/mplowrider_overlays.xml	ZONE_TORSO	TYPE_BADGE	GENDER_MALE	0.740000	0.680000	0.15000	0.150000	0.000000	MP_Trickster_001	MP_Trickster_001
MP_Trickster_002_F	mpLowrider_overlays	update/x64/dlcpacks/mplowrider/dlc.rpf/common/data/effects/peds/mplowrider_overlays.xml	ZONE_TORSO	TYPE_BADGE	GENDER_FEMALE	0.725000	0.700000	0.12000	0.180000	0.000000	MP_Trickster_002	MP_Trickster_002
MP_Trickster_002_M	mpLowrider_overlays	update/x64/dlcpacks/mplowrider/dlc.rpf/common/data/effects/peds/mplowrider_overlays.xml	ZONE_TORSO	TYPE_BADGE	GENDER_MALE	0.740000	0.700000	0.15000	0.150000	0.000000	MP_Trickster_002	MP_Trickster_002
MP_Trickster_003_F	mpLowrider_overlays	update/x64/dlcpacks/mplowrider/dlc.rpf/common/data/effects/peds/mplowrider_overlays.xml	ZONE_TORSO	TYPE_BADGE	GENDER_FEMALE	0.725000	0.700000	0.12000	0.180000	0.000000	MP_Trickster_003	MP_Trickster_003
MP_Trickster_003_M	mpLowrider_overlays	update/x64/dlcpacks/mplowrider/dlc.rpf/common/data/effects/peds/mplowrider_overlays.xml	ZONE_TORSO	TYPE_BADGE	GENDER_MALE	0.740000	0.700000	0.15000	0.150000	0.000000	MP_Trickster_003	MP_Trickster_003
MP_Trickster_004_F	mpLowrider_overlays	update/x64/dlcpacks/mplowrider/dlc.rpf/common/data/effects/peds/mplowrider_overlays.xml	ZONE_TORSO	TYPE_BADGE	GENDER_FEMALE	0.725000	0.690000	0.14000	0.180000	0.000000	MP_Trickster_004	MP_Trickster_004
MP_Trickster_004_M	mpLowrider_overlays	update/x64/dlcpacks/mplowrider/dlc.rpf/common/data/effects/peds/mplowrider_overlays.xml	ZONE_TORSO	TYPE_BADGE	GENDER_MALE	0.725000	0.700000	0.15000	0.150000	0.000000	MP_Trickster_004	MP_Trickster_004
MP_Trickster_005_F	mpLowrider_overlays	update/x64/dlcpacks/mplowrider/dlc.rpf/common/data/effects/peds/mplowrider_overlays.xml	ZONE_TORSO	TYPE_BADGE	GENDER_FEMALE	0.725000	0.690000	0.14000	0.180000	0.000000	MP_Trickster_005	MP_Trickster_005
MP_Trickster_005_M	mpLowrider_overlays	update/x64/dlcpacks/mplowrider/dlc.rpf/common/data/effects/peds/mplowrider_overlays.xml	ZONE_TORSO	TYPE_BADGE	GENDER_MALE	0.725000	0.700000	0.15000	0.150000	0.000000	MP_Trickster_005	MP_Trickster_005
MP_Trickster_006_F	mpLowrider_overlays	update/x64/dlcpacks/mplowrider/dlc.rpf/common/data/effects/peds/mplowrider_overlays.xml	ZONE_TORSO	TYPE_BADGE	GENDER_FEMALE	0.725000	0.650000	0.14000	0.180000	0.000000	MP_Trickster_006	MP_Trickster_006
MP_Trickster_006_M	mpLowrider_overlays	update/x64/dlcpacks/mplowrider/dlc.rpf/common/data/effects/peds/mplowrider_overlays.xml	ZONE_TORSO	TYPE_BADGE	GENDER_MALE	0.740000	0.640000	0.15000	0.150000	0.000000	MP_Trickster_006	MP_Trickster_006
MP_Trickster_007_F	mpLowrider_overlays	update/x64/dlcpacks/mplowrider/dlc.rpf/common/data/effects/peds/mplowrider_overlays.xml	ZONE_TORSO	TYPE_BADGE	GENDER_FEMALE	0.725000	0.650000	0.14000	0.180000	0.000000	MP_Trickster_007	MP_Trickster_007
MP_Trickster_007_M	mpLowrider_overlays	update/x64/dlcpacks/mplowrider/dlc.rpf/common/data/effects/peds/mplowrider_overlays.xml	ZONE_TORSO	TYPE_BADGE	GENDER_MALE	0.740000	0.640000	0.15000	0.150000	0.000000	MP_Trickster_007	MP_Trickster_007
MP_Trickster_008_M	mpLowrider_overlays	update/x64/dlcpacks/mplowrider/dlc.rpf/common/data/effects/peds/mplowrider_overlays.xml	ZONE_TORSO	TYPE_BADGE	GENDER_MALE	0.740000	0.620000	0.14000	0.180000	0.000000	MP_Trickster_008	MP_Trickster_008
MP_Trickster_009_M	mpLowrider_overlays	update/x64/dlcpacks/mplowrider/dlc.rpf/common/data/effects/peds/mplowrider_overlays.xml	ZONE_TORSO	TYPE_BADGE	GENDER_MALE	0.740000	0.620000	0.14000	0.180000	0.000000	MP_Trickster_009	MP_Trickster_009
MP_Trickster_010_F	mpLowrider_overlays	update/x64/dlcpacks/mplowrider/dlc.rpf/common/data/effects/peds/mplowrider_overlays.xml	ZONE_TORSO	TYPE_BADGE	GENDER_FEMALE	0.725000	0.620000	0.14000	0.180000	0.000000	MP_Trickster_010	MP_Trickster_010
MP_Trickster_010_M	mpLowrider_overlays	update/x64/dlcpacks/mplowrider/dlc.rpf/common/data/effects/peds/mplowrider_overlays.xml	ZONE_TORSO	TYPE_BADGE	GENDER_MALE	0.725000	0.640000	0.15000	0.150000	0.000000	MP_Trickster_010	MP_Trickster_010
LR_F_Hair_000	mpLowrider_overlays	update/x64/dlcpacks/mplowrider/dlc.rpf/common/data/effects/peds/mplowrider_overlays.xml	ZONE_HEAD	TYPE_TATTOO	GENDER_FEMALE	0.500000	0.500000	0.600000	0.500000	0.000000	MP_LR_F_Hair_000	MP_LR_F_Hair_000
LR_F_Hair_001	mpLowrider_overlays	update/x64/dlcpacks/mplowrider/dlc.rpf/common/data/effects/peds/mplowrider_overlays.xml	ZONE_HEAD	TYPE_TATTOO	GENDER_FEMALE	0.500000	0.500000	0.600000	0.500000	0.000000	MP_LR_F_Hair_001	MP_LR_F_Hair_001
LR_F_Hair_002	mpLowrider_overlays	update/x64/dlcpacks/mplowrider/dlc.rpf/common/data/effects/peds/mplowrider_overlays.xml	ZONE_HEAD	TYPE_TATTOO	GENDER_FEMALE	0.500000	0.500000	0.600000	0.500000	0.000000	MP_LR_F_Hair_002	MP_LR_F_Hair_002
LR_M_Hair_000	mpLowrider_overlays	update/x64/dlcpacks/mplowrider/dlc.rpf/common/data/effects/peds/mplowrider_overlays.xml	ZONE_HEAD	TYPE_TATTOO	GENDER_MALE	0.500000	0.500000	0.600000	0.500000	0.000000	MP_LR_M_Hair_000	MP_LR_M_Hair_000
LR_M_Hair_001	mpLowrider_overlays	update/x64/dlcpacks/mplowrider/dlc.rpf/common/data/effects/peds/mplowrider_overlays.xml	ZONE_HEAD	TYPE_TATTOO	GENDER_MALE	0.500000	0.500000	0.600000	0.500000	0.000000	MP_LR_M_Hair_001	MP_LR_M_Hair_001
LR_M_Hair_002	mpLowrider_overlays	update/x64/dlcpacks/mplowrider/dlc.rpf/common/data/effects/peds/mplowrider_overlays.xml	ZONE_HEAD	TYPE_TATTOO	GENDER_MALE	0.500000	0.500000	0.600000	0.500000	0.000000	MP_LR_M_Hair_002	MP_LR_M_Hair_002
LR_M_Hair_003	mpLowrider_overlays	update/x64/dlcpacks/mplowrider/dlc.rpf/common/data/effects/peds/mplowrider_overlays.xml	ZONE_HEAD	TYPE_TATTOO	GENDER_MALE	0.500000	0.500000	0.600000	0.500000	0.000000	MP_LR_M_Hair_003	MP_LR_M_Hair_003
MP_Bennys_000_M	mpLowrider_overlays	update/x64/dlcpacks/mplowrider/dlc.rpf/common/data/effects/peds/mplowrider_overlays.xml	ZONE_TORSO	TYPE_BADGE	GENDER_MALE	0.740000	0.640000	0.14000	0.150000	0.000000	Bennys_000	Bennys_000
MP_Bennys_001_M	mpLowrider_overlays	update/x64/dlcpacks/mplowrider/dlc.rpf/common/data/effects/peds/mplowrider_overlays.xml	ZONE_TORSO	TYPE_BADGE	GENDER_MALE	0.740000	0.640000	0.14000	0.150000	0.000000	Bennys_001	Bennys_001
MP_Bennys_000_F	mpLowrider_overlays	update/x64/dlcpacks/mplowrider/dlc.rpf/common/data/effects/peds/mplowrider_overlays.xml	ZONE_TORSO	TYPE_BADGE	GENDER_FEMALE	0.730000	0.680000	0.14000	0.140000	0.000000	Bennys_000	Bennys_000
MP_Bennys_001_F	mpLowrider_overlays	update/x64/dlcpacks/mplowrider/dlc.rpf/common/data/effects/peds/mplowrider_overlays.xml	ZONE_TORSO	TYPE_BADGE	GENDER_FEMALE	0.730000	0.680000	0.14000	0.140000	0.000000	Bennys_001	Bennys_001
MP_LUXE_LC_000_M	mpLuxe2_overlays	update/x64/dlcpacks/mpluxe2/dlc.rpf/common/data/effects/peds/mpluxe2_overlays.xml	ZONE_TORSO	TYPE_BADGE	GENDER_MALE	0.735000	0.570000	0.200000	0.200000	0.000000	MP_LeChien_000	MP_LeChien_000
MP_LUXE_LC_001_M	mpLuxe2_overlays	update/x64/dlcpacks/mpluxe2/dlc.rpf/common/data/effects/peds/mpluxe2_overlays.xml	ZONE_TORSO	TYPE_BADGE	GENDER_MALE	0.735000	0.570000	0.200000	0.200000	0.000000	MP_LeChien_001	MP_LeChien_001
MP_LUXE_LC_002_M	mpLuxe2_overlays	update/x64/dlcpacks/mpluxe2/dlc.rpf/common/data/effects/peds/mpluxe2_overlays.xml	ZONE_TORSO	TYPE_BADGE	GENDER_MALE	0.735000	0.570000	0.250000	0.250000	0.000000	MP_LeChien_002	MP_LeChien_002
MP_LUXE_LC_003_M	mpLuxe2_overlays	update/x64/dlcpacks/mpluxe2/dlc.rpf/common/data/effects/peds/mpluxe2_overlays.xml	ZONE_TORSO	TYPE_BADGE	GENDER_MALE	0.735000	0.570000	0.250000	0.250000	0.000000	MP_LeChien_003	MP_LeChien_003
MP_LUXE_LC_006_M	mpLuxe2_overlays	update/x64/dlcpacks/mpluxe2/dlc.rpf/common/data/effects/peds/mpluxe2_overlays.xml	ZONE_TORSO	TYPE_BADGE	GENDER_MALE	0.735000	0.630000	0.200000	0.200000	0.000000	MP_LeChien_006	MP_LeChien_006
MP_LUXE_LC_007_M	mpLuxe2_overlays	update/x64/dlcpacks/mpluxe2/dlc.rpf/common/data/effects/peds/mpluxe2_overlays.xml	ZONE_TORSO	TYPE_BADGE	GENDER_MALE	0.735000	0.630000	0.200000	0.200000	0.000000	MP_LeChien_007	MP_LeChien_007
MP_LUXE_LC_008_M	mpLuxe2_overlays	update/x64/dlcpacks/mpluxe2/dlc.rpf/common/data/effects/peds/mpluxe2_overlays.xml	ZONE_TORSO	TYPE_BADGE	GENDER_MALE	0.735000	0.580000	0.200000	0.200000	0.000000	MP_LeChien_008	MP_LeChien_008
MP_LUXE_LC_009_M	mpLuxe2_overlays	update/x64/dlcpacks/mpluxe2/dlc.rpf/common/data/effects/peds/mpluxe2_overlays.xml	ZONE_TORSO	TYPE_BADGE	GENDER_MALE	0.735000	0.580000	0.200000	0.200000	0.000000	MP_LeChien_009	MP_LeChien_009
MP_LUXE_LC_012_M	mpLuxe2_overlays	update/x64/dlcpacks/mpluxe2/dlc.rpf/common/data/effects/peds/mpluxe2_overlays.xml	ZONE_TORSO	TYPE_BADGE	GENDER_MALE	0.735000	0.520000	0.300000	0.260000	0.000000	MP_LeChien_012	MP_LeChien_012
MP_LUXE_LC_013_M	mpLuxe2_overlays	update/x64/dlcpacks/mpluxe2/dlc.rpf/common/data/effects/peds/mpluxe2_overlays.xml	ZONE_TORSO	TYPE_BADGE	GENDER_MALE	0.735000	0.520000	0.300000	0.260000	0.000000	MP_LeChien_013	MP_LeChien_013
MP_LUXE_LC_014_M	mpLuxe2_overlays	update/x64/dlcpacks/mpluxe2/dlc.rpf/common/data/effects/peds/mpluxe2_overlays.xml	ZONE_TORSO	TYPE_BADGE	GENDER_MALE	0.735000	0.560000	0.220000	0.220000	0.000000	MP_LeChien_014	MP_LeChien_014
MP_LUXE_LC_015_M	mpLuxe2_overlays	update/x64/dlcpacks/mpluxe2/dlc.rpf/common/data/effects/peds/mpluxe2_overlays.xml	ZONE_TORSO	TYPE_BADGE	GENDER_MALE	0.735000	0.560000	0.220000	0.220000	0.000000	MP_LeChien_015	MP_LeChien_015
MP_LUXE_VDG_000_M	mpLuxe2_overlays	update/x64/dlcpacks/mpluxe2/dlc.rpf/common/data/effects/peds/mpluxe2_overlays.xml	ZONE_TORSO	TYPE_BADGE	GENDER_MALE	0.735000	0.620000	0.150000	0.150000	0.000000	MP_VDG_000	MP_VDG_000
MP_LUXE_VDG_001_M	mpLuxe2_overlays	update/x64/dlcpacks/mpluxe2/dlc.rpf/common/data/effects/peds/mpluxe2_overlays.xml	ZONE_TORSO	TYPE_BADGE	GENDER_MALE	0.735000	0.620000	0.150000	0.150000	0.000000	MP_VDG_001	MP_VDG_001
MP_LUXE_VDG_002_M	mpLuxe2_overlays	update/x64/dlcpacks/mpluxe2/dlc.rpf/common/data/effects/peds/mpluxe2_overlays.xml	ZONE_TORSO	TYPE_BADGE	GENDER_MALE	0.735000	0.520000	0.300000	0.280000	0.000000	MP_VDG_003	MP_VDG_003
MP_LUXE_VDG_004_M	mpLuxe2_overlays	update/x64/dlcpacks/mpluxe2/dlc.rpf/common/data/effects/peds/mpluxe2_overlays.xml	ZONE_TORSO	TYPE_BADGE	GENDER_MALE	0.735000	0.620000	0.350000	0.350000	0.000000	MP_VDG_004	MP_VDG_004
MP_LUXE_VDG_005_M	mpLuxe2_overlays	update/x64/dlcpacks/mpluxe2/dlc.rpf/common/data/effects/peds/mpluxe2_overlays.xml	ZONE_TORSO	TYPE_BADGE	GENDER_MALE	0.735000	0.820000	0.200000	0.150000	0.000000	MP_VDG_005	MP_VDG_005
MP_LUXE_VDG_006_M	mpLuxe2_overlays	update/x64/dlcpacks/mpluxe2/dlc.rpf/common/data/effects/peds/mpluxe2_overlays.xml	ZONE_TORSO	TYPE_BADGE	GENDER_MALE	0.735000	0.550000	0.250000	0.250000	0.000000	MP_VDG_006	MP_VDG_006
MP_LUXE_LC_000_F	mpLuxe2_overlays	update/x64/dlcpacks/mpluxe2/dlc.rpf/common/data/effects/peds/mpluxe2_overlays.xml	ZONE_TORSO	TYPE_BADGE	GENDER_FEMALE	0.715000	0.580000	0.200000	0.200000	0.000000	MP_LeChien_000	MP_LeChien_000
MP_LUXE_LC_001_F	mpLuxe2_overlays	update/x64/dlcpacks/mpluxe2/dlc.rpf/common/data/effects/peds/mpluxe2_overlays.xml	ZONE_TORSO	TYPE_BADGE	GENDER_FEMALE	0.715000	0.580000	0.200000	0.200000	0.000000	MP_LeChien_001	MP_LeChien_001
MP_LUXE_LC_002_F	mpLuxe2_overlays	update/x64/dlcpacks/mpluxe2/dlc.rpf/common/data/effects/peds/mpluxe2_overlays.xml	ZONE_TORSO	TYPE_BADGE	GENDER_FEMALE	0.715000	0.580000	0.250000	0.250000	0.000000	MP_LeChien_002	MP_LeChien_002
MP_LUXE_LC_003_F	mpLuxe2_overlays	update/x64/dlcpacks/mpluxe2/dlc.rpf/common/data/effects/peds/mpluxe2_overlays.xml	ZONE_TORSO	TYPE_BADGE	GENDER_FEMALE	0.715000	0.580000	0.250000	0.250000	0.000000	MP_LeChien_003	MP_LeChien_003
MP_LUXE_LC_006_F	mpLuxe2_overlays	update/x64/dlcpacks/mpluxe2/dlc.rpf/common/data/effects/peds/mpluxe2_overlays.xml	ZONE_TORSO	TYPE_BADGE	GENDER_FEMALE	0.715000	0.630000	0.150000	0.150000	0.000000	MP_LeChien_006	MP_LeChien_006
MP_LUXE_LC_007_F	mpLuxe2_overlays	update/x64/dlcpacks/mpluxe2/dlc.rpf/common/data/effects/peds/mpluxe2_overlays.xml	ZONE_TORSO	TYPE_BADGE	GENDER_FEMALE	0.715000	0.630000	0.150000	0.150000	0.000000	MP_LeChien_007	MP_LeChien_007
MP_LUXE_LC_008_F	mpLuxe2_overlays	update/x64/dlcpacks/mpluxe2/dlc.rpf/common/data/effects/peds/mpluxe2_overlays.xml	ZONE_TORSO	TYPE_BADGE	GENDER_FEMALE	0.735000	0.580000	0.200000	0.200000	0.000000	MP_LeChien_008	MP_LeChien_008
MP_LUXE_LC_009_F	mpLuxe2_overlays	update/x64/dlcpacks/mpluxe2/dlc.rpf/common/data/effects/peds/mpluxe2_overlays.xml	ZONE_TORSO	TYPE_BADGE	GENDER_FEMALE	0.735000	0.580000	0.200000	0.200000	0.000000	MP_LeChien_009	MP_LeChien_009
MP_LUXE_LC_012_F	mpLuxe2_overlays	update/x64/dlcpacks/mpluxe2/dlc.rpf/common/data/effects/peds/mpluxe2_overlays.xml	ZONE_TORSO	TYPE_BADGE	GENDER_FEMALE	0.715000	0.570000	0.300000	0.240000	0.000000	MP_LeChien_012	MP_LeChien_012
MP_LUXE_LC_013_F	mpLuxe2_overlays	update/x64/dlcpacks/mpluxe2/dlc.rpf/common/data/effects/peds/mpluxe2_overlays.xml	ZONE_TORSO	TYPE_BADGE	GENDER_FEMALE	0.715000	0.570000	0.300000	0.240000	0.000000	MP_LeChien_013	MP_LeChien_013
MP_LUXE_LC_014_F	mpLuxe2_overlays	update/x64/dlcpacks/mpluxe2/dlc.rpf/common/data/effects/peds/mpluxe2_overlays.xml	ZONE_TORSO	TYPE_BADGE	GENDER_FEMALE	0.715000	0.600000	0.220000	0.220000	0.000000	MP_LeChien_014	MP_LeChien_014
MP_LUXE_LC_015_F	mpLuxe2_overlays	update/x64/dlcpacks/mpluxe2/dlc.rpf/common/data/effects/peds/mpluxe2_overlays.xml	ZONE_TORSO	TYPE_BADGE	GENDER_FEMALE	0.715000	0.600000	0.220000	0.220000	0.000000	MP_LeChien_015	MP_LeChien_015
MP_LUXE_VDG_000_F	mpLuxe2_overlays	update/x64/dlcpacks/mpluxe2/dlc.rpf/common/data/effects/peds/mpluxe2_overlays.xml	ZONE_TORSO	TYPE_BADGE	GENDER_FEMALE	0.715000	0.640000	0.150000	0.150000	0.000000	MP_VDG_000	MP_VDG_000
MP_LUXE_VDG_001_F	mpLuxe2_overlays	update/x64/dlcpacks/mpluxe2/dlc.rpf/common/data/effects/peds/mpluxe2_overlays.xml	ZONE_TORSO	TYPE_BADGE	GENDER_FEMALE	0.715000	0.640000	0.150000	0.150000	0.000000	MP_VDG_001	MP_VDG_001
MP_LUXE_VDG_002_F	mpLuxe2_overlays	update/x64/dlcpacks/mpluxe2/dlc.rpf/common/data/effects/peds/mpluxe2_overlays.xml	ZONE_TORSO	TYPE_BADGE	GENDER_FEMALE	0.715000	0.560000	0.300000	0.280000	0.000000	MP_VDG_003	MP_VDG_003
MP_LUXE_VDG_004_F	mpLuxe2_overlays	update/x64/dlcpacks/mpluxe2/dlc.rpf/common/data/effects/peds/mpluxe2_overlays.xml	ZONE_TORSO	TYPE_BADGE	GENDER_FEMALE	0.715000	0.650000	0.350000	0.315000	0.000000	MP_VDG_004	MP_VDG_004
MP_LUXE_VDG_005_F	mpLuxe2_overlays	update/x64/dlcpacks/mpluxe2/dlc.rpf/common/data/effects/peds/mpluxe2_overlays.xml	ZONE_TORSO	TYPE_BADGE	GENDER_FEMALE	0.735000	0.850000	0.200000	0.150000	0.000000	MP_VDG_005	MP_VDG_005
MP_LUXE_VDG_006_F	mpLuxe2_overlays	update/x64/dlcpacks/mpluxe2/dlc.rpf/common/data/effects/peds/mpluxe2_overlays.xml	ZONE_TORSO	TYPE_BADGE	GENDER_FEMALE	0.735000	0.600000	0.220000	0.220000	0.000000	MP_VDG_006	MP_VDG_006
MP_LUXE_TAT_002_M	mpLuxe2_overlays	update/x64/dlcpacks/mpluxe2/dlc.rpf/common/data/effects/peds/mpluxe2_overlays.xml	ZONE_TORSO	TYPE_TATTOO	GENDER_MALE	0.630000	0.600000	0.120000	0.120000	0.000000	MP_Luxe_Tat_002	MP_Luxe_Tat_002
MP_LUXE_TAT_005_M	mpLuxe2_overlays	update/x64/dlcpacks/mpluxe2/dlc.rpf/common/data/effects/peds/mpluxe2_overlays.xml	ZONE_LEFT_ARM	TYPE_TATTOO	GENDER_MALE	0.270000	0.480000	0.200000	0.150000	0.000000	MP_Luxe_Tat_005	MP_Luxe_Tat_005
MP_LUXE_TAT_010_M	mpLuxe2_overlays	update/x64/dlcpacks/mpluxe2/dlc.rpf/common/data/effects/peds/mpluxe2_overlays.xml	ZONE_RIGHT_ARM	TYPE_TATTOO	GENDER_MALE	-0.278000	0.490000	0.147000	0.180000	0.000000	MP_Luxe_Tat_010	MP_Luxe_Tat_010
MP_LUXE_TAT_011_M	mpLuxe2_overlays	update/x64/dlcpacks/mpluxe2/dlc.rpf/common/data/effects/peds/mpluxe2_overlays.xml	ZONE_LEFT_LEG	TYPE_TATTOO	GENDER_MALE	0.250000	0.340000	0.200000	0.20000	0.000000	MP_Luxe_Tat_011	MP_Luxe_Tat_011
MP_LUXE_TAT_012_M	mpLuxe2_overlays	update/x64/dlcpacks/mpluxe2/dlc.rpf/common/data/effects/peds/mpluxe2_overlays.xml	ZONE_TORSO	TYPE_TATTOO	GENDER_MALE	0.730000	0.380000	0.340000	0.330000	0.000000	MP_Luxe_Tat_012	MP_Luxe_Tat_012
MP_LUXE_TAT_016_M	mpLuxe2_overlays	update/x64/dlcpacks/mpluxe2/dlc.rpf/common/data/effects/peds/mpluxe2_overlays.xml	ZONE_LEFT_ARM	TYPE_TATTOO	GENDER_MALE	0.540000	0.465000	0.160000	0.155000	0.000000	MP_Luxe_Tat_016	MP_Luxe_Tat_016
MP_LUXE_TAT_017_M	mpLuxe2_overlays	update/x64/dlcpacks/mpluxe2/dlc.rpf/common/data/effects/peds/mpluxe2_overlays.xml	ZONE_RIGHT_ARM	TYPE_TATTOO	GENDER_MALE	0.520000	0.780000	0.200000	0.200000	0.000000	MP_Luxe_Tat_017	MP_Luxe_Tat_017
MP_LUXE_TAT_018_M	mpLuxe2_overlays	update/x64/dlcpacks/mpluxe2/dlc.rpf/common/data/effects/peds/mpluxe2_overlays.xml	ZONE_LEFT_ARM	TYPE_TATTOO	GENDER_MALE	0.500000	0.770000	0.150000	0.200000	0.000000	MP_Luxe_Tat_018	MP_Luxe_Tat_018
MP_LUXE_TAT_022_M	mpLuxe2_overlays	update/x64/dlcpacks/mpluxe2/dlc.rpf/common/data/effects/peds/mpluxe2_overlays.xml	ZONE_TORSO	TYPE_TATTOO	GENDER_MALE	0.227000	0.460000	0.300000	0.400000	0.000000	MP_Luxe_Tat_022	MP_Luxe_Tat_022
MP_LUXE_TAT_023_M	mpLuxe2_overlays	update/x64/dlcpacks/mpluxe2/dlc.rpf/common/data/effects/peds/mpluxe2_overlays.xml	ZONE_RIGHT_LEG	TYPE_TATTOO	GENDER_MALE	0.800000	0.340000	0.280000	0.180000	0.000000	MP_Luxe_Tat_023	MP_Luxe_Tat_023
MP_LUXE_TAT_025_M	mpLuxe2_overlays	update/x64/dlcpacks/mpluxe2/dlc.rpf/common/data/effects/peds/mpluxe2_overlays.xml	ZONE_TORSO	TYPE_TATTOO	GENDER_MALE	0.640000	0.620000	0.140000	0.140000	0.000000	MP_Luxe_Tat_025	MP_Luxe_Tat_025
MP_LUXE_TAT_026_M	mpLuxe2_overlays	update/x64/dlcpacks/mpluxe2/dlc.rpf/common/data/effects/peds/mpluxe2_overlays.xml	ZONE_RIGHT_ARM	TYPE_TATTOO	GENDER_MALE	0.500000	0.820000	0.100000	0.140000	0.000000	MP_Luxe_Tat_026	MP_Luxe_Tat_026
MP_LUXE_TAT_027_M	mpLuxe2_overlays	update/x64/dlcpacks/mpluxe2/dlc.rpf/common/data/effects/peds/mpluxe2_overlays.xml	ZONE_TORSO	TYPE_TATTOO	GENDER_MALE	0.820000	0.600000	0.120000	0.120000	0.000000	MP_Luxe_Tat_027	MP_Luxe_Tat_027
MP_LUXE_TAT_028_M	mpLuxe2_overlays	update/x64/dlcpacks/mpluxe2/dlc.rpf/common/data/effects/peds/mpluxe2_overlays.xml	ZONE_LEFT_ARM	TYPE_TATTOO	GENDER_MALE	0.820000	0.470000	0.180000	0.175000	0.000000	MP_Luxe_Tat_028	MP_Luxe_Tat_028
MP_LUXE_TAT_029_M	mpLuxe2_overlays	update/x64/dlcpacks/mpluxe2/dlc.rpf/common/data/effects/peds/mpluxe2_overlays.xml	ZONE_TORSO	TYPE_TATTOO	GENDER_MALE	0.230000	0.460000	0.360000	0.380000	0.000000	MP_Luxe_Tat_029	MP_Luxe_Tat_029
MP_LUXE_TAT_030_M	mpLuxe2_overlays	update/x64/dlcpacks/mpluxe2/dlc.rpf/common/data/effects/peds/mpluxe2_overlays.xml	ZONE_RIGHT_ARM	TYPE_TATTOO	GENDER_MALE	0.720000	0.670000	0.280000	0.350000	0.000000	MP_Luxe_Tat_030	MP_Luxe_Tat_030
MP_LUXE_TAT_031_M	mpLuxe2_overlays	update/x64/dlcpacks/mpluxe2/dlc.rpf/common/data/effects/peds/mpluxe2_overlays.xml	ZONE_LEFT_ARM	TYPE_TATTOO	GENDER_MALE	0.260000	0.660000	0.280000	0.350000	0.000000	MP_Luxe_Tat_031	MP_Luxe_Tat_031
MP_LUXE_TAT_002_F	mpLuxe2_overlays	update/x64/dlcpacks/mpluxe2/dlc.rpf/common/data/effects/peds/mpluxe2_overlays.xml	ZONE_TORSO	TYPE_TATTOO	GENDER_FEMALE	0.650000	0.620000	0.130000	0.130000	0.000000	MP_Luxe_Tat_002	MP_Luxe_Tat_002
MP_LUXE_TAT_005_F	mpLuxe2_overlays	update/x64/dlcpacks/mpluxe2/dlc.rpf/common/data/effects/peds/mpluxe2_overlays.xml	ZONE_LEFT_ARM	TYPE_TATTOO	GENDER_FEMALE	0.220000	0.450000	0.200000	0.150000	0.000000	MP_Luxe_Tat_005	MP_Luxe_Tat_005
MP_LUXE_TAT_010_F	mpLuxe2_overlays	update/x64/dlcpacks/mpluxe2/dlc.rpf/common/data/effects/peds/mpluxe2_overlays.xml	ZONE_RIGHT_ARM	TYPE_TATTOO	GENDER_FEMALE	-0.278000	0.440000	0.147000	0.180000	0.000000	MP_Luxe_Tat_010	MP_Luxe_Tat_010
MP_LUXE_TAT_011_F	mpLuxe2_overlays	update/x64/dlcpacks/mpluxe2/dlc.rpf/common/data/effects/peds/mpluxe2_overlays.xml	ZONE_LEFT_LEG	TYPE_TATTOO	GENDER_FEMALE	0.250000	0.340000	0.200000	0.20000	0.000000	MP_Luxe_Tat_011	MP_Luxe_Tat_011
MP_LUXE_TAT_012_F	mpLuxe2_overlays	update/x64/dlcpacks/mpluxe2/dlc.rpf/common/data/effects/peds/mpluxe2_overlays.xml	ZONE_TORSO	TYPE_TATTOO	GENDER_FEMALE	0.745000	0.390000	0.330000	0.330000	0.000000	MP_Luxe_Tat_012	MP_Luxe_Tat_012
MP_LUXE_TAT_016_F	mpLuxe2_overlays	update/x64/dlcpacks/mpluxe2/dlc.rpf/common/data/effects/peds/mpluxe2_overlays.xml	ZONE_LEFT_ARM	TYPE_TATTOO	GENDER_FEMALE	0.540000	0.420000	0.160000	0.160000	0.000000	MP_Luxe_Tat_016	MP_Luxe_Tat_016
MP_LUXE_TAT_017_F	mpLuxe2_overlays	update/x64/dlcpacks/mpluxe2/dlc.rpf/common/data/effects/peds/mpluxe2_overlays.xml	ZONE_RIGHT_ARM	TYPE_TATTOO	GENDER_FEMALE	0.520000	0.780000	0.200000	0.200000	0.000000	MP_Luxe_Tat_017	MP_Luxe_Tat_017
MP_LUXE_TAT_018_F	mpLuxe2_overlays	update/x64/dlcpacks/mpluxe2/dlc.rpf/common/data/effects/peds/mpluxe2_overlays.xml	ZONE_LEFT_ARM	TYPE_TATTOO	GENDER_FEMALE	0.500000	0.770000	0.150000	0.200000	0.000000	MP_Luxe_Tat_018	MP_Luxe_Tat_018
MP_LUXE_TAT_022_F	mpLuxe2_overlays	update/x64/dlcpacks/mpluxe2/dlc.rpf/common/data/effects/peds/mpluxe2_overlays.xml	ZONE_TORSO	TYPE_TATTOO	GENDER_FEMALE	0.227000	0.560000	0.300000	0.300000	0.000000	MP_Luxe_Tat_022	MP_Luxe_Tat_022
MP_LUXE_TAT_023_F	mpLuxe2_overlays	update/x64/dlcpacks/mpluxe2/dlc.rpf/common/data/effects/peds/mpluxe2_overlays.xml	ZONE_RIGHT_LEG	TYPE_TATTOO	GENDER_FEMALE	0.800000	0.340000	0.280000	0.180000	0.000000	MP_Luxe_Tat_023	MP_Luxe_Tat_023
MP_LUXE_TAT_025_F	mpLuxe2_overlays	update/x64/dlcpacks/mpluxe2/dlc.rpf/common/data/effects/peds/mpluxe2_overlays.xml	ZONE_TORSO	TYPE_TATTOO	GENDER_FEMALE	0.640000	0.620000	0.140000	0.140000	0.000000	MP_Luxe_Tat_025	MP_Luxe_Tat_025
MP_LUXE_TAT_026_F	mpLuxe2_overlays	update/x64/dlcpacks/mpluxe2/dlc.rpf/common/data/effects/peds/mpluxe2_overlays.xml	ZONE_RIGHT_ARM	TYPE_TATTOO	GENDER_FEMALE	0.480000	0.840000	0.110000	0.140000	0.000000	MP_Luxe_Tat_026	MP_Luxe_Tat_026
MP_LUXE_TAT_027_F	mpLuxe2_overlays	update/x64/dlcpacks/mpluxe2/dlc.rpf/common/data/effects/peds/mpluxe2_overlays.xml	ZONE_TORSO	TYPE_TATTOO	GENDER_FEMALE	0.820000	0.620000	0.120000	0.120000	0.000000	MP_Luxe_Tat_027	MP_Luxe_Tat_027
MP_LUXE_TAT_028_F	mpLuxe2_overlays	update/x64/dlcpacks/mpluxe2/dlc.rpf/common/data/effects/peds/mpluxe2_overlays.xml	ZONE_LEFT_ARM	TYPE_TATTOO	GENDER_FEMALE	0.820000	0.430000	0.180000	0.175000	0.000000	MP_Luxe_Tat_028	MP_Luxe_Tat_028
MP_LUXE_TAT_029_F	mpLuxe2_overlays	update/x64/dlcpacks/mpluxe2/dlc.rpf/common/data/effects/peds/mpluxe2_overlays.xml	ZONE_TORSO	TYPE_TATTOO	GENDER_FEMALE	0.235000	0.570000	0.360000	0.290000	0.000000	MP_Luxe_Tat_029	MP_Luxe_Tat_029
MP_LUXE_TAT_030_F	mpLuxe2_overlays	update/x64/dlcpacks/mpluxe2/dlc.rpf/common/data/effects/peds/mpluxe2_overlays.xml	ZONE_RIGHT_ARM	TYPE_TATTOO	GENDER_FEMALE	0.720000	0.670000	0.280000	0.350000	0.000000	MP_Luxe_Tat_030	MP_Luxe_Tat_030
MP_LUXE_TAT_031_F	mpLuxe2_overlays	update/x64/dlcpacks/mpluxe2/dlc.rpf/common/data/effects/peds/mpluxe2_overlays.xml	ZONE_LEFT_ARM	TYPE_TATTOO	GENDER_FEMALE	0.260000	0.660000	0.280000	0.350000	0.000000	MP_Luxe_Tat_031	MP_Luxe_Tat_031
MP_LUXE_LC_004_M	mpLuxe_overlays	update/x64/dlcpacks/mpluxe/dlc.rpf/common/data/effects/peds/mpluxe_overlays.xml	ZONE_TORSO	TYPE_BADGE	GENDER_MALE	0.735000	0.630000	0.200000	0.200000	0.000000	MP_LeChien_004	MP_LeChien_004
MP_LUXE_LC_005_M	mpLuxe_overlays	update/x64/dlcpacks/mpluxe/dlc.rpf/common/data/effects/peds/mpluxe_overlays.xml	ZONE_TORSO	TYPE_BADGE	GENDER_MALE	0.735000	0.630000	0.200000	0.200000	0.000000	MP_LeChien_005	MP_LeChien_005
MP_LUXE_LC_010_M	mpLuxe_overlays	update/x64/dlcpacks/mpluxe/dlc.rpf/common/data/effects/peds/mpluxe_overlays.xml	ZONE_TORSO	TYPE_BADGE	GENDER_MALE	0.735000	0.660000	0.100000	0.100000	0.000000	MP_LeChien_010	MP_LeChien_010
MP_LUXE_LC_011_M	mpLuxe_overlays	update/x64/dlcpacks/mpluxe/dlc.rpf/common/data/effects/peds/mpluxe_overlays.xml	ZONE_TORSO	TYPE_BADGE	GENDER_MALE	0.735000	0.660000	0.100000	0.100000	0.000000	MP_LeChien_011	MP_LeChien_011
MP_LUXE_ENEMA_000_M	mpLuxe_overlays	update/x64/dlcpacks/mpluxe/dlc.rpf/common/data/effects/peds/mpluxe_overlays.xml	ZONE_TORSO	TYPE_BADGE	GENDER_MALE	0.735000	0.630000	0.120000	0.120000	0.000000	MP_Enema_000	MP_Enema_000
MP_LUXE_Per_001_M	mpLuxe_overlays	update/x64/dlcpacks/mpluxe/dlc.rpf/common/data/effects/peds/mpluxe_overlays.xml	ZONE_TORSO	TYPE_BADGE	GENDER_MALE	0.735000	0.620000	0.150000	0.150000	0.000000	MP_Perseus_001	MP_Perseus_001
MP_LUXE_SC_000_M	mpLuxe_overlays	update/x64/dlcpacks/mpluxe/dlc.rpf/common/data/effects/peds/mpluxe_overlays.xml	ZONE_TORSO	TYPE_BADGE	GENDER_MALE	0.735000	0.600000	0.150000	0.150000	0.000000	MP_SantoC_000	MP_SantoC_000
MP_FAKE_LB_000_M	mpLuxe_overlays	update/x64/dlcpacks/mpluxe/dlc.rpf/common/data/effects/peds/mpluxe_overlays.xml	ZONE_TORSO	TYPE_BADGE	GENDER_MALE	0.735000	0.660000	0.100000	0.100000	0.000000	MP_Fake_000	MP_Fake_000
MP_FAKE_LC_000_M	mpLuxe_overlays	update/x64/dlcpacks/mpluxe/dlc.rpf/common/data/effects/peds/mpluxe_overlays.xml	ZONE_TORSO	TYPE_BADGE	GENDER_MALE	0.735000	0.660000	0.100000	0.100000	0.000000	MP_Fake_001	MP_Fake_001
MP_FAKE_ENEMA_000_M	mpLuxe_overlays	update/x64/dlcpacks/mpluxe/dlc.rpf/common/data/effects/peds/mpluxe_overlays.xml	ZONE_TORSO	TYPE_BADGE	GENDER_MALE	0.735000	0.580000	0.150000	0.150000	0.000000	MP_Fake_002	MP_Fake_002
MP_FAKE_Per_000_M	mpLuxe_overlays	update/x64/dlcpacks/mpluxe/dlc.rpf/common/data/effects/peds/mpluxe_overlays.xml	ZONE_TORSO	TYPE_BADGE	GENDER_MALE	0.735000	0.620000	0.150000	0.150000	0.000000	MP_Fake_003	MP_Fake_003
MP_FAKE_SN_000_M	mpLuxe_overlays	update/x64/dlcpacks/mpluxe/dlc.rpf/common/data/effects/peds/mpluxe_overlays.xml	ZONE_TORSO	TYPE_BADGE	GENDER_MALE	0.735000	0.640000	0.100000	0.100000	0.000000	MP_FAKE_004	MP_FAKE_004
MP_FAKE_SC_000_M	mpLuxe_overlays	update/x64/dlcpacks/mpluxe/dlc.rpf/common/data/effects/peds/mpluxe_overlays.xml	ZONE_TORSO	TYPE_BADGE	GENDER_MALE	0.735000	0.620000	0.150000	0.150000	0.000000	MP_Fake_005	MP_Fake_005
MP_FAKE_DS_000_M	mpLuxe_overlays	update/x64/dlcpacks/mpluxe/dlc.rpf/common/data/effects/peds/mpluxe_overlays.xml	ZONE_TORSO	TYPE_BADGE	GENDER_MALE	0.735000	0.620000	0.150000	0.150000	0.000000	MP_Fake_006	MP_Fake_006
MP_FAKE_Vap_000_M	mpLuxe_overlays	update/x64/dlcpacks/mpluxe/dlc.rpf/common/data/effects/peds/mpluxe_overlays.xml	ZONE_TORSO	TYPE_BADGE	GENDER_MALE	0.735000	0.620000	0.150000	0.150000	0.000000	MP_Fake_007	MP_Fake_007
MP_FAKE_DIS_000_M	mpLuxe_overlays	update/x64/dlcpacks/mpluxe/dlc.rpf/common/data/effects/peds/mpluxe_overlays.xml	ZONE_TORSO	TYPE_BADGE	GENDER_MALE	0.735000	0.640000	0.100000	0.100000	0.000000	MP_Fake_008	MP_Fake_008
MP_FAKE_DIS_001_M	mpLuxe_overlays	update/x64/dlcpacks/mpluxe/dlc.rpf/common/data/effects/peds/mpluxe_overlays.xml	ZONE_TORSO	TYPE_BADGE	GENDER_MALE	0.735000	0.640000	0.100000	0.100000	0.000000	MP_Fake_009	MP_Fake_009
MP_LUXE_DIX_000_M	mpLuxe_overlays	update/x64/dlcpacks/mpluxe/dlc.rpf/common/data/effects/peds/mpluxe_overlays.xml	ZONE_TORSO	TYPE_BADGE	GENDER_MALE	0.735000	0.670000	0.150000	0.150000	0.000000	MP_Dix_000	MP_Dix_000
MP_LUXE_DIX_001_M	mpLuxe_overlays	update/x64/dlcpacks/mpluxe/dlc.rpf/common/data/effects/peds/mpluxe_overlays.xml	ZONE_TORSO	TYPE_BADGE	GENDER_MALE	0.735000	0.640000	0.100000	0.100000	0.000000	MP_Dix_001	MP_Dix_001
MP_LUXE_DIX_002_M	mpLuxe_overlays	update/x64/dlcpacks/mpluxe/dlc.rpf/common/data/effects/peds/mpluxe_overlays.xml	ZONE_TORSO	TYPE_BADGE	GENDER_MALE	0.735000	0.640000	0.100000	0.100000	0.000000	MP_Dix_002	MP_Dix_002
MP_LUXE_SN_000_M	mpLuxe_overlays	update/x64/dlcpacks/mpluxe/dlc.rpf/common/data/effects/peds/mpluxe_overlays.xml	ZONE_TORSO	TYPE_BADGE	GENDER_MALE	0.735000	0.640000	0.100000	0.100000	0.000000	MP_SN_000	MP_SN_000
MP_LUXE_SN_001_M	mpLuxe_overlays	update/x64/dlcpacks/mpluxe/dlc.rpf/common/data/effects/peds/mpluxe_overlays.xml	ZONE_TORSO	TYPE_BADGE	GENDER_MALE	0.735000	0.640000	0.100000	0.100000	0.000000	MP_SN_001	MP_SN_001
MP_LUXE_SN_002_M	mpLuxe_overlays	update/x64/dlcpacks/mpluxe/dlc.rpf/common/data/effects/peds/mpluxe_overlays.xml	ZONE_TORSO	TYPE_BADGE	GENDER_MALE	0.735000	0.640000	0.100000	0.100000	0.000000	MP_SN_002	MP_SN_002
MP_LUXE_SN_003_M	mpLuxe_overlays	update/x64/dlcpacks/mpluxe/dlc.rpf/common/data/effects/peds/mpluxe_overlays.xml	ZONE_TORSO	TYPE_BADGE	GENDER_MALE	0.735000	0.620000	0.150000	0.150000	0.000000	MP_SN_003	MP_SN_003
MP_LUXE_SN_004_M	mpLuxe_overlays	update/x64/dlcpacks/mpluxe/dlc.rpf/common/data/effects/peds/mpluxe_overlays.xml	ZONE_TORSO	TYPE_BADGE	GENDER_MALE	0.735000	0.620000	0.250000	0.250000	0.000000	MP_SN_004	MP_SN_004
MP_LUXE_SN_005_M	mpLuxe_overlays	update/x64/dlcpacks/mpluxe/dlc.rpf/common/data/effects/peds/mpluxe_overlays.xml	ZONE_TORSO	TYPE_BADGE	GENDER_MALE	0.635000	0.660000	0.050000	0.050000	0.000000	MP_SN_000	MP_SN_000
MP_LUXE_SN_006_M	mpLuxe_overlays	update/x64/dlcpacks/mpluxe/dlc.rpf/common/data/effects/peds/mpluxe_overlays.xml	ZONE_TORSO	TYPE_BADGE	GENDER_MALE	0.835000	0.660000	0.050000	0.050000	0.000000	MP_SN_000	MP_SN_000
MP_LUXE_SN_007_M	mpLuxe_overlays	update/x64/dlcpacks/mpluxe/dlc.rpf/common/data/effects/peds/mpluxe_overlays.xml	ZONE_TORSO	TYPE_BADGE	GENDER_MALE	0.735000	0.620000	0.150000	0.150000	0.000000	MP_SN_005	MP_SN_005
MP_FILM_000_M	mpLuxe_overlays	update/x64/dlcpacks/mpluxe/dlc.rpf/common/data/effects/peds/mpluxe_overlays.xml	ZONE_TORSO	TYPE_BADGE	GENDER_MALE	0.735000	0.640000	0.150000	0.150000	0.000000	MP_film_000	MP_film_000
MP_FILM_001_M	mpLuxe_overlays	update/x64/dlcpacks/mpluxe/dlc.rpf/common/data/effects/peds/mpluxe_overlays.xml	ZONE_TORSO	TYPE_BADGE	GENDER_MALE	0.735000	0.640000	0.200000	0.200000	0.000000	MP_film_001	MP_film_001
MP_FILM_002_M	mpLuxe_overlays	update/x64/dlcpacks/mpluxe/dlc.rpf/common/data/effects/peds/mpluxe_overlays.xml	ZONE_TORSO	TYPE_BADGE	GENDER_MALE	0.735000	0.640000	0.150000	0.150000	0.000000	MP_film_002	MP_film_002
MP_FILM_003_M	mpLuxe_overlays	update/x64/dlcpacks/mpluxe/dlc.rpf/common/data/effects/peds/mpluxe_overlays.xml	ZONE_TORSO	TYPE_BADGE	GENDER_MALE	0.735000	0.640000	0.180000	0.230000	0.000000	MP_film_003	MP_film_003
MP_FILM_004_M	mpLuxe_overlays	update/x64/dlcpacks/mpluxe/dlc.rpf/common/data/effects/peds/mpluxe_overlays.xml	ZONE_TORSO	TYPE_BADGE	GENDER_MALE	0.735000	0.600000	0.180000	0.180000	0.000000	MP_film_004	MP_film_004
MP_FILM_005_M	mpLuxe_overlays	update/x64/dlcpacks/mpluxe/dlc.rpf/common/data/effects/peds/mpluxe_overlays.xml	ZONE_TORSO	TYPE_BADGE	GENDER_MALE	0.735000	0.630000	0.160000	0.180000	0.000000	MP_film_005	MP_film_005
MP_FILM_006_M	mpLuxe_overlays	update/x64/dlcpacks/mpluxe/dlc.rpf/common/data/effects/peds/mpluxe_overlays.xml	ZONE_TORSO	TYPE_BADGE	GENDER_MALE	0.735000	0.630000	0.200000	0.240000	0.000000	MP_film_006	MP_film_006
MP_FILM_007_M	mpLuxe_overlays	update/x64/dlcpacks/mpluxe/dlc.rpf/common/data/effects/peds/mpluxe_overlays.xml	ZONE_TORSO	TYPE_BADGE	GENDER_MALE	0.735000	0.650000	0.160000	0.180000	0.000000	MP_film_007	MP_film_007
MP_FILM_008_M	mpLuxe_overlays	update/x64/dlcpacks/mpluxe/dlc.rpf/common/data/effects/peds/mpluxe_overlays.xml	ZONE_TORSO	TYPE_BADGE	GENDER_MALE	0.735000	0.640000	0.200000	0.200000	0.000000	MP_film_008	MP_film_008
MP_FILM_009_M	mpLuxe_overlays	update/x64/dlcpacks/mpluxe/dlc.rpf/common/data/effects/peds/mpluxe_overlays.xml	ZONE_TORSO	TYPE_BADGE	GENDER_MALE	0.735000	0.640000	0.160000	0.200000	0.000000	MP_film_009	MP_film_009
MP_LUXE_LC_004_F	mpLuxe_overlays	update/x64/dlcpacks/mpluxe/dlc.rpf/common/data/effects/peds/mpluxe_overlays.xml	ZONE_TORSO	TYPE_BADGE	GENDER_FEMALE	0.715000	0.630000	0.150000	0.150000	0.000000	MP_LeChien_004	MP_LeChien_004
MP_LUXE_LC_005_F	mpLuxe_overlays	update/x64/dlcpacks/mpluxe/dlc.rpf/common/data/effects/peds/mpluxe_overlays.xml	ZONE_TORSO	TYPE_BADGE	GENDER_FEMALE	0.715000	0.630000	0.150000	0.150000	0.000000	MP_LeChien_005	MP_LeChien_005
MP_LUXE_LC_010_F	mpLuxe_overlays	update/x64/dlcpacks/mpluxe/dlc.rpf/common/data/effects/peds/mpluxe_overlays.xml	ZONE_TORSO	TYPE_BADGE	GENDER_FEMALE	0.715000	0.660000	0.120000	0.120000	0.000000	MP_LeChien_010	MP_LeChien_010
MP_LUXE_LC_011_F	mpLuxe_overlays	update/x64/dlcpacks/mpluxe/dlc.rpf/common/data/effects/peds/mpluxe_overlays.xml	ZONE_TORSO	TYPE_BADGE	GENDER_FEMALE	0.715000	0.660000	0.120000	0.120000	0.000000	MP_LeChien_011	MP_LeChien_011
MP_LUXE_Enema_000_F	mpLuxe_overlays	update/x64/dlcpacks/mpluxe/dlc.rpf/common/data/effects/peds/mpluxe_overlays.xml	ZONE_TORSO	TYPE_BADGE	GENDER_FEMALE	0.715000	0.630000	0.120000	0.120000	0.000000	MP_Enema_000	MP_Enema_000
MP_LUXE_Per_001_F	mpLuxe_overlays	update/x64/dlcpacks/mpluxe/dlc.rpf/common/data/effects/peds/mpluxe_overlays.xml	ZONE_TORSO	TYPE_BADGE	GENDER_FEMALE	0.715000	0.620000	0.150000	0.150000	0.000000	MP_Perseus_001	MP_Perseus_001
MP_FAKE_LB_000_F	mpLuxe_overlays	update/x64/dlcpacks/mpluxe/dlc.rpf/common/data/effects/peds/mpluxe_overlays.xml	ZONE_TORSO	TYPE_BADGE	GENDER_FEMALE	0.718000	0.660000	0.100000	0.100000	0.000000	MP_Fake_000	MP_Fake_000
MP_FAKE_LC_000_F	mpLuxe_overlays	update/x64/dlcpacks/mpluxe/dlc.rpf/common/data/effects/peds/mpluxe_overlays.xml	ZONE_TORSO	TYPE_BADGE	GENDER_FEMALE	0.718000	0.660000	0.100000	0.100000	0.000000	MP_Fake_001	MP_Fake_001
MP_FAKE_ENEMA_000_F	mpLuxe_overlays	update/x64/dlcpacks/mpluxe/dlc.rpf/common/data/effects/peds/mpluxe_overlays.xml	ZONE_TORSO	TYPE_BADGE	GENDER_FEMALE	0.718000	0.620000	0.150000	0.150000	0.000000	MP_Fake_002	MP_Fake_002
MP_FAKE_Per_000_F	mpLuxe_overlays	update/x64/dlcpacks/mpluxe/dlc.rpf/common/data/effects/peds/mpluxe_overlays.xml	ZONE_TORSO	TYPE_BADGE	GENDER_FEMALE	0.718000	0.660000	0.150000	0.150000	0.000000	MP_Fake_003	MP_Fake_003
MP_FAKE_SN_000_F	mpLuxe_overlays	update/x64/dlcpacks/mpluxe/dlc.rpf/common/data/effects/peds/mpluxe_overlays.xml	ZONE_TORSO	TYPE_BADGE	GENDER_FEMALE	0.718000	0.640000	0.100000	0.100000	0.000000	MP_FAKE_004	MP_FAKE_004
MP_FAKE_SC_000_F	mpLuxe_overlays	update/x64/dlcpacks/mpluxe/dlc.rpf/common/data/effects/peds/mpluxe_overlays.xml	ZONE_TORSO	TYPE_BADGE	GENDER_FEMALE	0.718000	0.620000	0.150000	0.150000	0.000000	MP_Fake_005	MP_Fake_005
MP_FAKE_DS_000_F	mpLuxe_overlays	update/x64/dlcpacks/mpluxe/dlc.rpf/common/data/effects/peds/mpluxe_overlays.xml	ZONE_TORSO	TYPE_BADGE	GENDER_FEMALE	0.718000	0.640000	0.120000	0.120000	0.000000	MP_Fake_006	MP_Fake_006
MP_FAKE_Vap_000_F	mpLuxe_overlays	update/x64/dlcpacks/mpluxe/dlc.rpf/common/data/effects/peds/mpluxe_overlays.xml	ZONE_TORSO	TYPE_BADGE	GENDER_FEMALE	0.718000	0.620000	0.120000	0.120000	0.000000	MP_Fake_007	MP_Fake_007
MP_FAKE_DIS_000_F	mpLuxe_overlays	update/x64/dlcpacks/mpluxe/dlc.rpf/common/data/effects/peds/mpluxe_overlays.xml	ZONE_TORSO	TYPE_BADGE	GENDER_FEMALE	0.718000	0.660000	0.100000	0.100000	0.000000	MP_Fake_008	MP_Fake_008
MP_FAKE_DIS_001_F	mpLuxe_overlays	update/x64/dlcpacks/mpluxe/dlc.rpf/common/data/effects/peds/mpluxe_overlays.xml	ZONE_TORSO	TYPE_BADGE	GENDER_FEMALE	0.718000	0.660000	0.100000	0.100000	0.000000	MP_Fake_009	MP_Fake_009
MP_LUXE_DIX_000_F	mpLuxe_overlays	update/x64/dlcpacks/mpluxe/dlc.rpf/common/data/effects/peds/mpluxe_overlays.xml	ZONE_TORSO	TYPE_BADGE	GENDER_FEMALE	0.724000	0.700000	0.140000	0.140000	0.000000	MP_Dix_000	MP_Dix_000
MP_LUXE_DIX_001_F	mpLuxe_overlays	update/x64/dlcpacks/mpluxe/dlc.rpf/common/data/effects/peds/mpluxe_overlays.xml	ZONE_TORSO	TYPE_BADGE	GENDER_FEMALE	0.724000	0.650000	0.100000	0.100000	-2.000000	MP_Dix_001	MP_Dix_001
MP_LUXE_DIX_002_F	mpLuxe_overlays	update/x64/dlcpacks/mpluxe/dlc.rpf/common/data/effects/peds/mpluxe_overlays.xml	ZONE_TORSO	TYPE_BADGE	GENDER_FEMALE	0.724000	0.650000	0.100000	0.100000	0.000000	MP_Dix_002	MP_Dix_002
MP_LUXE_SN_000_F	mpLuxe_overlays	update/x64/dlcpacks/mpluxe/dlc.rpf/common/data/effects/peds/mpluxe_overlays.xml	ZONE_TORSO	TYPE_BADGE	GENDER_FEMALE	0.720000	0.640000	0.100000	0.100000	0.000000	MP_SN_000	MP_SN_000
MP_LUXE_SN_001_F	mpLuxe_overlays	update/x64/dlcpacks/mpluxe/dlc.rpf/common/data/effects/peds/mpluxe_overlays.xml	ZONE_TORSO	TYPE_BADGE	GENDER_FEMALE	0.720000	0.640000	0.100000	0.100000	0.000000	MP_SN_001	MP_SN_001
MP_LUXE_SN_002_F	mpLuxe_overlays	update/x64/dlcpacks/mpluxe/dlc.rpf/common/data/effects/peds/mpluxe_overlays.xml	ZONE_TORSO	TYPE_BADGE	GENDER_FEMALE	0.720000	0.640000	0.100000	0.100000	0.000000	MP_SN_002	MP_SN_002
MP_LUXE_SN_003_F	mpLuxe_overlays	update/x64/dlcpacks/mpluxe/dlc.rpf/common/data/effects/peds/mpluxe_overlays.xml	ZONE_TORSO	TYPE_BADGE	GENDER_FEMALE	0.720000	0.640000	0.140000	0.140000	0.000000	MP_SN_003	MP_SN_003
MP_LUXE_SN_004_F	mpLuxe_overlays	update/x64/dlcpacks/mpluxe/dlc.rpf/common/data/effects/peds/mpluxe_overlays.xml	ZONE_TORSO	TYPE_BADGE	GENDER_FEMALE	0.720000	0.640000	0.140000	0.140000	0.000000	MP_SN_004	MP_SN_004
MP_LUXE_SN_005_F	mpLuxe_overlays	update/x64/dlcpacks/mpluxe/dlc.rpf/common/data/effects/peds/mpluxe_overlays.xml	ZONE_TORSO	TYPE_BADGE	GENDER_FEMALE	0.620000	0.720000	0.050000	0.050000	0.000000	MP_SN_000	MP_SN_000
MP_LUXE_SN_006_F	mpLuxe_overlays	update/x64/dlcpacks/mpluxe/dlc.rpf/common/data/effects/peds/mpluxe_overlays.xml	ZONE_TORSO	TYPE_BADGE	GENDER_FEMALE	0.820000	0.720000	0.050000	0.050000	-13.000000	MP_SN_000	MP_SN_000
MP_LUXE_SN_007_F	mpLuxe_overlays	update/x64/dlcpacks/mpluxe/dlc.rpf/common/data/effects/peds/mpluxe_overlays.xml	ZONE_TORSO	TYPE_BADGE	GENDER_FEMALE	0.720000	0.640000	0.140000	0.140000	0.000000	MP_SN_005	MP_SN_005
MP_LUXE_SC_000_F	mpLuxe_overlays	update/x64/dlcpacks/mpluxe/dlc.rpf/common/data/effects/peds/mpluxe_overlays.xml	ZONE_TORSO	TYPE_BADGE	GENDER_FEMALE	0.720000	0.640000	0.140000	0.140000	0.000000	MP_SantoC_000	MP_SantoC_000
MP_FILM_000_F	mpLuxe_overlays	update/x64/dlcpacks/mpluxe/dlc.rpf/common/data/effects/peds/mpluxe_overlays.xml	ZONE_TORSO	TYPE_BADGE	GENDER_FEMALE	0.727000	0.660000	0.130000	0.130000	0.000000	MP_Film_000	MP_Film_000
MP_FILM_001_F	mpLuxe_overlays	update/x64/dlcpacks/mpluxe/dlc.rpf/common/data/effects/peds/mpluxe_overlays.xml	ZONE_TORSO	TYPE_BADGE	GENDER_FEMALE	0.724000	0.640000	0.180000	0.180000	0.000000	MP_Film_001	MP_Film_001
MP_FILM_002_F	mpLuxe_overlays	update/x64/dlcpacks/mpluxe/dlc.rpf/common/data/effects/peds/mpluxe_overlays.xml	ZONE_TORSO	TYPE_BADGE	GENDER_FEMALE	0.722000	0.660000	0.150000	0.150000	0.000000	MP_Film_002	MP_Film_002
MP_FILM_003_F	mpLuxe_overlays	update/x64/dlcpacks/mpluxe/dlc.rpf/common/data/effects/peds/mpluxe_overlays.xml	ZONE_TORSO	TYPE_BADGE	GENDER_FEMALE	0.722000	0.640000	0.150000	0.200000	0.000000	MP_Film_003	MP_Film_003
MP_FILM_004_F	mpLuxe_overlays	update/x64/dlcpacks/mpluxe/dlc.rpf/common/data/effects/peds/mpluxe_overlays.xml	ZONE_TORSO	TYPE_BADGE	GENDER_FEMALE	0.715000	0.620000	0.170000	0.170000	0.000000	MP_Film_004	MP_Film_004
MP_FILM_005_F	mpLuxe_overlays	update/x64/dlcpacks/mpluxe/dlc.rpf/common/data/effects/peds/mpluxe_overlays.xml	ZONE_TORSO	TYPE_BADGE	GENDER_FEMALE	0.715000	0.620000	0.120000	0.150000	0.000000	MP_Film_005	MP_Film_005
MP_FILM_006_F	mpLuxe_overlays	update/x64/dlcpacks/mpluxe/dlc.rpf/common/data/effects/peds/mpluxe_overlays.xml	ZONE_TORSO	TYPE_BADGE	GENDER_FEMALE	0.710000	0.640000	0.180000	0.180000	0.000000	MP_Film_006	MP_Film_006
MP_FILM_007_F	mpLuxe_overlays	update/x64/dlcpacks/mpluxe/dlc.rpf/common/data/effects/peds/mpluxe_overlays.xml	ZONE_TORSO	TYPE_BADGE	GENDER_FEMALE	0.720000	0.660000	0.140000	0.140000	0.000000	MP_Film_007	MP_Film_007
MP_FILM_008_F	mpLuxe_overlays	update/x64/dlcpacks/mpluxe/dlc.rpf/common/data/effects/peds/mpluxe_overlays.xml	ZONE_TORSO	TYPE_BADGE	GENDER_FEMALE	0.720000	0.650000	0.180000	0.180000	0.000000	MP_Film_008	MP_Film_008
MP_FILM_009_F	mpLuxe_overlays	update/x64/dlcpacks/mpluxe/dlc.rpf/common/data/effects/peds/mpluxe_overlays.xml	ZONE_TORSO	TYPE_BADGE	GENDER_FEMALE	0.720000	0.650000	0.140000	0.180000	0.000000	MP_Film_009	MP_Film_009
MP_LUXE_TAT_000_M	mpLuxe_overlays	update/x64/dlcpacks/mpluxe/dlc.rpf/common/data/effects/peds/mpluxe_overlays.xml	ZONE_LEFT_LEG	TYPE_TATTOO	GENDER_MALE	0.180000	0.350000	0.150000	0.150000	0.000000	MP_Luxe_Tat_000	MP_Luxe_Tat_000
MP_LUXE_TAT_001_M	mpLuxe_overlays	update/x64/dlcpacks/mpluxe/dlc.rpf/common/data/effects/peds/mpluxe_overlays.xml	ZONE_RIGHT_LEG	TYPE_TATTOO	GENDER_MALE	0.780000	0.350000	0.150000	0.150000	0.000000	MP_Luxe_Tat_001	MP_Luxe_Tat_001
MP_LUXE_TAT_003_M	mpLuxe_overlays	update/x64/dlcpacks/mpluxe/dlc.rpf/common/data/effects/peds/mpluxe_overlays.xml	ZONE_TORSO	TYPE_TATTOO	GENDER_MALE	0.730000	0.330000	0.280000	0.180000	0.000000	MP_Luxe_Tat_003	MP_Luxe_Tat_003
MP_LUXE_TAT_004_M	mpLuxe_overlays	update/x64/dlcpacks/mpluxe/dlc.rpf/common/data/effects/peds/mpluxe_overlays.xml	ZONE_RIGHT_ARM	TYPE_TATTOO	GENDER_MALE	0.420000	0.450000	0.160000	0.150000	0.000000	MP_Luxe_Tat_004	MP_Luxe_Tat_004
MP_LUXE_TAT_006_M	mpLuxe_overlays	update/x64/dlcpacks/mpluxe/dlc.rpf/common/data/effects/peds/mpluxe_overlays.xml	ZONE_TORSO	TYPE_TATTOO	GENDER_MALE	0.227000	0.490000	0.350000	0.320000	0.000000	MP_Luxe_Tat_006	MP_Luxe_Tat_006
MP_LUXE_TAT_007_M	mpLuxe_overlays	update/x64/dlcpacks/mpluxe/dlc.rpf/common/data/effects/peds/mpluxe_overlays.xml	ZONE_TORSO	TYPE_TATTOO	GENDER_MALE	0.840000	0.620000	0.120000	0.120000	0.000000	MP_Luxe_Tat_007	MP_Luxe_Tat_007
MP_LUXE_TAT_008_M	mpLuxe_overlays	update/x64/dlcpacks/mpluxe/dlc.rpf/common/data/effects/peds/mpluxe_overlays.xml	ZONE_TORSO	TYPE_TATTOO	GENDER_MALE	0.800000	0.610000	0.140000	0.140000	0.000000	MP_Luxe_Tat_008	MP_Luxe_Tat_008
MP_LUXE_TAT_009_M	mpLuxe_overlays	update/x64/dlcpacks/mpluxe/dlc.rpf/common/data/effects/peds/mpluxe_overlays.xml	ZONE_LEFT_ARM	TYPE_TATTOO	GENDER_MALE	0.526000	0.640000	0.200000	0.320000	0.000000	MP_Luxe_Tat_009	MP_Luxe_Tat_009
MP_LUXE_TAT_013_M	mpLuxe_overlays	update/x64/dlcpacks/mpluxe/dlc.rpf/common/data/effects/peds/mpluxe_overlays.xml	ZONE_RIGHT_ARM	TYPE_TATTOO	GENDER_MALE	0.440000	0.590000	0.300000	0.300000	0.000000	MP_Luxe_Tat_013	MP_Luxe_Tat_013
MP_LUXE_TAT_014_M	mpLuxe_overlays	update/x64/dlcpacks/mpluxe/dlc.rpf/common/data/effects/peds/mpluxe_overlays.xml	ZONE_TORSO	TYPE_TATTOO	GENDER_MALE	0.725000	0.600000	0.130000	0.130000	0.000000	MP_Luxe_Tat_014	MP_Luxe_Tat_014
MP_LUXE_TAT_015_M	mpLuxe_overlays	update/x64/dlcpacks/mpluxe/dlc.rpf/common/data/effects/peds/mpluxe_overlays.xml	ZONE_TORSO	TYPE_TATTOO	GENDER_MALE	0.630000	0.580000	0.140000	0.140000	0.000000	MP_Luxe_Tat_015	MP_Luxe_Tat_015
MP_LUXE_TAT_019_M	mpLuxe_overlays	update/x64/dlcpacks/mpluxe/dlc.rpf/common/data/effects/peds/mpluxe_overlays.xml	ZONE_RIGHT_ARM	TYPE_TATTOO	GENDER_MALE	0.500000	0.800000	0.150000	0.200000	0.000000	MP_Luxe_Tat_019	MP_Luxe_Tat_019
MP_LUXE_TAT_020_M	mpLuxe_overlays	update/x64/dlcpacks/mpluxe/dlc.rpf/common/data/effects/peds/mpluxe_overlays.xml	ZONE_LEFT_ARM	TYPE_TATTOO	GENDER_MALE	0.430000	0.780000	0.200000	0.200000	0.000000	MP_Luxe_Tat_020	MP_Luxe_Tat_020
MP_LUXE_TAT_021_M	mpLuxe_overlays	update/x64/dlcpacks/mpluxe/dlc.rpf/common/data/effects/peds/mpluxe_overlays.xml	ZONE_LEFT_ARM	TYPE_TATTOO	GENDER_MALE	0.800000	0.460000	0.180000	0.200000	0.000000	MP_Luxe_Tat_021	MP_Luxe_Tat_021
MP_LUXE_TAT_024_M	mpLuxe_overlays	update/x64/dlcpacks/mpluxe/dlc.rpf/common/data/effects/peds/mpluxe_overlays.xml	ZONE_TORSO	TYPE_TATTOO	GENDER_MALE	0.227000	0.480000	0.260000	0.280000	0.000000	MP_Luxe_Tat_024	MP_Luxe_Tat_024
MP_LUXE_TAT_000_F	mpLuxe_overlays	update/x64/dlcpacks/mpluxe/dlc.rpf/common/data/effects/peds/mpluxe_overlays.xml	ZONE_LEFT_LEG	TYPE_TATTOO	GENDER_FEMALE	0.180000	0.350000	0.150000	0.150000	0.000000	MP_Luxe_Tat_000	MP_Luxe_Tat_000
MP_LUXE_TAT_001_F	mpLuxe_overlays	update/x64/dlcpacks/mpluxe/dlc.rpf/common/data/effects/peds/mpluxe_overlays.xml	ZONE_RIGHT_LEG	TYPE_TATTOO	GENDER_FEMALE	0.780000	0.350000	0.150000	0.150000	0.000000	MP_Luxe_Tat_001	MP_Luxe_Tat_001
MP_LUXE_TAT_003_F	mpLuxe_overlays	update/x64/dlcpacks/mpluxe/dlc.rpf/common/data/effects/peds/mpluxe_overlays.xml	ZONE_TORSO	TYPE_TATTOO	GENDER_FEMALE	0.740000	0.380000	0.260000	0.130000	0.000000	MP_Luxe_Tat_003	MP_Luxe_Tat_003
MP_LUXE_TAT_004_F	mpLuxe_overlays	update/x64/dlcpacks/mpluxe/dlc.rpf/common/data/effects/peds/mpluxe_overlays.xml	ZONE_RIGHT_ARM	TYPE_TATTOO	GENDER_FEMALE	0.420000	0.400000	0.160000	0.160000	0.000000	MP_Luxe_Tat_004	MP_Luxe_Tat_004
MP_LUXE_TAT_006_F	mpLuxe_overlays	update/x64/dlcpacks/mpluxe/dlc.rpf/common/data/effects/peds/mpluxe_overlays.xml	ZONE_TORSO	TYPE_TATTOO	GENDER_FEMALE	0.227000	0.570000	0.380000	0.270000	0.000000	MP_Luxe_Tat_006	MP_Luxe_Tat_006
MP_LUXE_TAT_007_F	mpLuxe_overlays	update/x64/dlcpacks/mpluxe/dlc.rpf/common/data/effects/peds/mpluxe_overlays.xml	ZONE_TORSO	TYPE_TATTOO	GENDER_FEMALE	0.840000	0.620000	0.120000	0.120000	0.000000	MP_Luxe_Tat_007	MP_Luxe_Tat_007
MP_LUXE_TAT_008_F	mpLuxe_overlays	update/x64/dlcpacks/mpluxe/dlc.rpf/common/data/effects/peds/mpluxe_overlays.xml	ZONE_TORSO	TYPE_TATTOO	GENDER_FEMALE	0.810000	0.620000	0.130000	0.120000	0.000000	MP_Luxe_Tat_008	MP_Luxe_Tat_008
MP_LUXE_TAT_009_F	mpLuxe_overlays	update/x64/dlcpacks/mpluxe/dlc.rpf/common/data/effects/peds/mpluxe_overlays.xml	ZONE_LEFT_ARM	TYPE_TATTOO	GENDER_FEMALE	0.526000	0.600000	0.200000	0.370000	0.000000	MP_Luxe_Tat_009	MP_Luxe_Tat_009
MP_LUXE_TAT_013_F	mpLuxe_overlays	update/x64/dlcpacks/mpluxe/dlc.rpf/common/data/effects/peds/mpluxe_overlays.xml	ZONE_RIGHT_ARM	TYPE_TATTOO	GENDER_FEMALE	0.440000	0.590000	0.300000	0.300000	0.000000	MP_Luxe_Tat_013	MP_Luxe_Tat_013
MP_LUXE_TAT_014_F	mpLuxe_overlays	update/x64/dlcpacks/mpluxe/dlc.rpf/common/data/effects/peds/mpluxe_overlays.xml	ZONE_TORSO	TYPE_TATTOO	GENDER_FEMALE	0.735000	0.600000	0.130000	0.130000	0.000000	MP_Luxe_Tat_014	MP_Luxe_Tat_014
MP_LUXE_TAT_015_F	mpLuxe_overlays	update/x64/dlcpacks/mpluxe/dlc.rpf/common/data/effects/peds/mpluxe_overlays.xml	ZONE_TORSO	TYPE_TATTOO	GENDER_FEMALE	0.650000	0.600000	0.140000	0.140000	0.000000	MP_Luxe_Tat_015	MP_Luxe_Tat_015
MP_LUXE_TAT_019_F	mpLuxe_overlays	update/x64/dlcpacks/mpluxe/dlc.rpf/common/data/effects/peds/mpluxe_overlays.xml	ZONE_RIGHT_ARM	TYPE_TATTOO	GENDER_FEMALE	0.500000	0.800000	0.150000	0.200000	0.000000	MP_Luxe_Tat_019	MP_Luxe_Tat_019
MP_LUXE_TAT_020_F	mpLuxe_overlays	update/x64/dlcpacks/mpluxe/dlc.rpf/common/data/effects/peds/mpluxe_overlays.xml	ZONE_LEFT_ARM	TYPE_TATTOO	GENDER_FEMALE	0.430000	0.780000	0.200000	0.200000	0.000000	MP_Luxe_Tat_020	MP_Luxe_Tat_020
MP_LUXE_TAT_021_F	mpLuxe_overlays	update/x64/dlcpacks/mpluxe/dlc.rpf/common/data/effects/peds/mpluxe_overlays.xml	ZONE_LEFT_ARM	TYPE_TATTOO	GENDER_FEMALE	0.800000	0.420000	0.180000	0.200000	0.000000	MP_Luxe_Tat_021	MP_Luxe_Tat_021
MP_LUXE_TAT_024_F	mpLuxe_overlays	update/x64/dlcpacks/mpluxe/dlc.rpf/common/data/effects/peds/mpluxe_overlays.xml	ZONE_TORSO	TYPE_TATTOO	GENDER_FEMALE	0.227000	0.560000	0.260000	0.260000	0.000000	MP_Luxe_Tat_024	MP_Luxe_Tat_024
MP_Security_Tee_000_M	mpSecurity_overlays	update/x64/dlcpacks/mpsecurity/dlc.rpf/common/data/effects/peds/mpsecurity_overlays.xml	ZONE_TORSO	TYPE_BADGE	GENDER_MALE	0.237000	0.780000	0.160000	0.135000	0.000000	MP_Security_Tee_000	MP_Security_Tee_000
MP_Security_Tee_000_F	mpSecurity_overlays	update/x64/dlcpacks/mpsecurity/dlc.rpf/common/data/effects/peds/mpsecurity_overlays.xml	ZONE_TORSO	TYPE_BADGE	GENDER_FEMALE	0.220000	0.775000	0.140000	0.135000	0.000000	MP_Security_Tee_000	MP_Security_Tee_000
MP_Security_Tee_001_M	mpSecurity_overlays	update/x64/dlcpacks/mpsecurity/dlc.rpf/common/data/effects/peds/mpsecurity_overlays.xml	ZONE_TORSO	TYPE_BADGE	GENDER_MALE	0.737000	0.680000	0.090000	0.090000	0.000000	MP_Security_Tee_001	MP_Security_Tee_001
MP_Security_Tee_001_F	mpSecurity_overlays	update/x64/dlcpacks/mpsecurity/dlc.rpf/common/data/effects/peds/mpsecurity_overlays.xml	ZONE_TORSO	TYPE_BADGE	GENDER_FEMALE	0.720000	0.667000	0.090000	0.085000	0.000000	MP_Security_Tee_001	MP_Security_Tee_001
MP_Security_Hair_000_F	mpSecurity_overlays	update/x64/dlcpacks/mpsecurity/dlc.rpf/common/data/effects/peds/mpsecurity_overlays.xml	ZONE_HEAD	TYPE_TATTOO	GENDER_FEMALE	0.500000	0.500000	0.600000	0.500000	0.000000	MP_Security_Hair_000	MP_Security_Hair_000
MP_Security_Hair_001_M	mpSecurity_overlays	update/x64/dlcpacks/mpsecurity/dlc.rpf/common/data/effects/peds/mpsecurity_overlays.xml	ZONE_HEAD	TYPE_TATTOO	GENDER_MALE	0.500000	0.500000	0.600000	0.500000	0.000000	MP_Security_Hair_001	MP_Security_Hair_001
MP_Security_Tat_000_M	mpSecurity_overlays	update/x64/dlcpacks/mpsecurity/dlc.rpf/common/data/effects/peds/mpsecurity_overlays.xml	ZONE_RIGHT_ARM	TYPE_TATTOO	GENDER_MALE	0.225000	0.470000	0.170000	0.190000	0.000000	MP_Security_Tat_000	MP_Security_Tat_000
MP_Security_Tat_000_F	mpSecurity_overlays	update/x64/dlcpacks/mpsecurity/dlc.rpf/common/data/effects/peds/mpsecurity_overlays.xml	ZONE_RIGHT_ARM	TYPE_TATTOO	GENDER_FEMALE	0.330000	0.420000	0.200000	0.200000	0.000000	MP_Security_Tat_000	MP_Security_Tat_000
MP_Security_Tat_001_M	mpSecurity_overlays	update/x64/dlcpacks/mpsecurity/dlc.rpf/common/data/effects/peds/mpsecurity_overlays.xml	ZONE_HEAD	TYPE_TATTOO	GENDER_MALE	0.640000	0.580000	0.120000	0.110000	0.000000	MP_Security_Tat_001	MP_Security_Tat_001
MP_Security_Tat_001_F	mpSecurity_overlays	update/x64/dlcpacks/mpsecurity/dlc.rpf/common/data/effects/peds/mpsecurity_overlays.xml	ZONE_HEAD	TYPE_TATTOO	GENDER_FEMALE	0.660000	0.580000	0.140000	0.120000	0.000000	MP_Security_Tat_001	MP_Security_Tat_001
MP_Security_Tat_002_M	mpSecurity_overlays	update/x64/dlcpacks/mpsecurity/dlc.rpf/common/data/effects/peds/mpsecurity_overlays.xml	ZONE_HEAD	TYPE_TATTOO	GENDER_MALE	0.360000	0.700000	0.260000	0.180000	23.000000	MP_Security_Tat_002	MP_Security_Tat_002
MP_Security_Tat_002_F	mpSecurity_overlays	update/x64/dlcpacks/mpsecurity/dlc.rpf/common/data/effects/peds/mpsecurity_overlays.xml	ZONE_HEAD	TYPE_TATTOO	GENDER_FEMALE	0.350000	0.690000	0.260000	0.200000	11.000000	MP_Security_Tat_002	MP_Security_Tat_002
MP_Security_Tat_003_M	mpSecurity_overlays	update/x64/dlcpacks/mpsecurity/dlc.rpf/common/data/effects/peds/mpsecurity_overlays.xml	ZONE_RIGHT_LEG	TYPE_TATTOO	GENDER_MALE	0.525000	0.350000	0.170000	0.170000	0.000000	MP_Security_Tat_003	MP_Security_Tat_003
MP_Security_Tat_003_F	mpSecurity_overlays	update/x64/dlcpacks/mpsecurity/dlc.rpf/common/data/effects/peds/mpsecurity_overlays.xml	ZONE_RIGHT_LEG	TYPE_TATTOO	GENDER_FEMALE	0.460000	0.390000	0.170000	0.140000	0.000000	MP_Security_Tat_003	MP_Security_Tat_003
MP_Security_Tat_004_M	mpSecurity_overlays	update/x64/dlcpacks/mpsecurity/dlc.rpf/common/data/effects/peds/mpsecurity_overlays.xml	ZONE_TORSO	TYPE_TATTOO	GENDER_MALE	0.225000	0.500000	0.400000	0.450000	0.000000	MP_Security_Tat_004	MP_Security_Tat_004
MP_Security_Tat_004_F	mpSecurity_overlays	update/x64/dlcpacks/mpsecurity/dlc.rpf/common/data/effects/peds/mpsecurity_overlays.xml	ZONE_TORSO	TYPE_TATTOO	GENDER_FEMALE	0.240000	0.550000	0.420000	0.350000	0.000000	MP_Security_Tat_004	MP_Security_Tat_004
MP_Security_Tat_005_M	mpSecurity_overlays	update/x64/dlcpacks/mpsecurity/dlc.rpf/common/data/effects/peds/mpsecurity_overlays.xml	ZONE_RIGHT_ARM	TYPE_TATTOO	GENDER_MALE	0.480000	0.600000	0.270000	0.470000	0.000000	MP_Security_Tat_005	MP_Security_Tat_005
MP_Security_Tat_005_F	mpSecurity_overlays	update/x64/dlcpacks/mpsecurity/dlc.rpf/common/data/effects/peds/mpsecurity_overlays.xml	ZONE_RIGHT_ARM	TYPE_TATTOO	GENDER_FEMALE	0.440000	0.600000	0.370000	0.500000	0.000000	MP_Security_Tat_005	MP_Security_Tat_005
MP_Security_Tat_006_M	mpSecurity_overlays	update/x64/dlcpacks/mpsecurity/dlc.rpf/common/data/effects/peds/mpsecurity_overlays.xml	ZONE_LEFT_ARM	TYPE_TATTOO	GENDER_MALE	0.760000	0.490000	0.380000	0.280000	0.000000	MP_Security_Tat_006	MP_Security_Tat_006
MP_Security_Tat_006_F	mpSecurity_overlays	update/x64/dlcpacks/mpsecurity/dlc.rpf/common/data/effects/peds/mpsecurity_overlays.xml	ZONE_LEFT_ARM	TYPE_TATTOO	GENDER_FEMALE	0.740000	0.440000	0.370000	0.270000	0.000000	MP_Security_Tat_006	MP_Security_Tat_006
MP_Security_Tat_007_M	mpSecurity_overlays	update/x64/dlcpacks/mpsecurity/dlc.rpf/common/data/effects/peds/mpsecurity_overlays.xml	ZONE_RIGHT_ARM	TYPE_TATTOO	GENDER_MALE	0.530000	0.820000	0.120000	0.220000	0.000000	MP_Security_Tat_007	MP_Security_Tat_007
MP_Security_Tat_007_F	mpSecurity_overlays	update/x64/dlcpacks/mpsecurity/dlc.rpf/common/data/effects/peds/mpsecurity_overlays.xml	ZONE_RIGHT_ARM	TYPE_TATTOO	GENDER_FEMALE	0.530000	0.820000	0.170000	0.240000	0.000000	MP_Security_Tat_007	MP_Security_Tat_007
MP_Security_Tat_008_M	mpSecurity_overlays	update/x64/dlcpacks/mpsecurity/dlc.rpf/common/data/effects/peds/mpsecurity_overlays.xml	ZONE_TORSO	TYPE_TATTOO	GENDER_MALE	0.290000	0.630000	0.180000	0.180000	0.000000	MP_Security_Tat_008	MP_Security_Tat_008
MP_Security_Tat_008_F	mpSecurity_overlays	update/x64/dlcpacks/mpsecurity/dlc.rpf/common/data/effects/peds/mpsecurity_overlays.xml	ZONE_TORSO	TYPE_TATTOO	GENDER_FEMALE	0.320000	0.700000	0.180000	0.150000	0.000000	MP_Security_Tat_008	MP_Security_Tat_008
MP_Security_Tat_009_M	mpSecurity_overlays	update/x64/dlcpacks/mpsecurity/dlc.rpf/common/data/effects/peds/mpsecurity_overlays.xml	ZONE_RIGHT_ARM	TYPE_TATTOO	GENDER_MALE	0.525000	0.640000	0.320000	0.430000	1.800000	MP_Security_Tat_009	MP_Security_Tat_009
MP_Security_Tat_009_F	mpSecurity_overlays	update/x64/dlcpacks/mpsecurity/dlc.rpf/common/data/effects/peds/mpsecurity_overlays.xml	ZONE_RIGHT_ARM	TYPE_TATTOO	GENDER_FEMALE	0.520000	0.620000	0.270000	0.480000	7.200000	MP_Security_Tat_009	MP_Security_Tat_009
MP_Security_Tat_010_M	mpSecurity_overlays	update/x64/dlcpacks/mpsecurity/dlc.rpf/common/data/effects/peds/mpsecurity_overlays.xml	ZONE_LEFT_ARM	TYPE_TATTOO	GENDER_MALE	0.450000	0.690000	0.220000	0.380000	0.000000	MP_Security_Tat_010	MP_Security_Tat_010
MP_Security_Tat_010_F	mpSecurity_overlays	update/x64/dlcpacks/mpsecurity/dlc.rpf/common/data/effects/peds/mpsecurity_overlays.xml	ZONE_LEFT_ARM	TYPE_TATTOO	GENDER_FEMALE	0.490000	0.660000	0.370000	0.400000	0.000000	MP_Security_Tat_010	MP_Security_Tat_010
MP_Security_Tat_011_M	mpSecurity_overlays	update/x64/dlcpacks/mpsecurity/dlc.rpf/common/data/effects/peds/mpsecurity_overlays.xml	ZONE_LEFT_ARM	TYPE_TATTOO	GENDER_MALE	0.500000	0.480000	0.220000	0.200000	4.000000	MP_Security_Tat_011	MP_Security_Tat_011
MP_Security_Tat_011_F	mpSecurity_overlays	update/x64/dlcpacks/mpsecurity/dlc.rpf/common/data/effects/peds/mpsecurity_overlays.xml	ZONE_LEFT_ARM	TYPE_TATTOO	GENDER_FEMALE	0.420000	0.410000	0.270000	0.200000	0.000000	MP_Security_Tat_011	MP_Security_Tat_011
MP_Security_Tat_012_M	mpSecurity_overlays	update/x64/dlcpacks/mpsecurity/dlc.rpf/common/data/effects/peds/mpsecurity_overlays.xml	ZONE_RIGHT_ARM	TYPE_TATTOO	GENDER_MALE	0.480000	0.850000	0.160000	0.220000	0.000000	MP_Security_Tat_012	MP_Security_Tat_012
MP_Security_Tat_012_F	mpSecurity_overlays	update/x64/dlcpacks/mpsecurity/dlc.rpf/common/data/effects/peds/mpsecurity_overlays.xml	ZONE_RIGHT_ARM	TYPE_TATTOO	GENDER_FEMALE	0.440000	0.850000	0.200000	0.200000	0.000000	MP_Security_Tat_012	MP_Security_Tat_012
MP_Security_Tat_013_M	mpSecurity_overlays	update/x64/dlcpacks/mpsecurity/dlc.rpf/common/data/effects/peds/mpsecurity_overlays.xml	ZONE_TORSO	TYPE_TATTOO	GENDER_MALE	0.230000	0.450000	0.340000	0.360000	0.000000	MP_Security_Tat_013	MP_Security_Tat_013
MP_Security_Tat_013_F	mpSecurity_overlays	update/x64/dlcpacks/mpsecurity/dlc.rpf/common/data/effects/peds/mpsecurity_overlays.xml	ZONE_TORSO	TYPE_TATTOO	GENDER_FEMALE	0.240000	0.520000	0.370000	0.300000	0.000000	MP_Security_Tat_013	MP_Security_Tat_013
MP_Security_Tat_014_M	mpSecurity_overlays	update/x64/dlcpacks/mpsecurity/dlc.rpf/common/data/effects/peds/mpsecurity_overlays.xml	ZONE_TORSO	TYPE_TATTOO	GENDER_MALE	0.240000	0.470000	0.370000	0.400000	4.000000	MP_Security_Tat_014	MP_Security_Tat_014
MP_Security_Tat_014_F	mpSecurity_overlays	update/x64/dlcpacks/mpsecurity/dlc.rpf/common/data/effects/peds/mpsecurity_overlays.xml	ZONE_TORSO	TYPE_TATTOO	GENDER_FEMALE	0.240000	0.530000	0.370000	0.300000	0.000000	MP_Security_Tat_014	MP_Security_Tat_014
MP_Security_Tat_015_M	mpSecurity_overlays	update/x64/dlcpacks/mpsecurity/dlc.rpf/common/data/effects/peds/mpsecurity_overlays.xml	ZONE_TORSO	TYPE_TATTOO	GENDER_MALE	0.240000	0.320000	0.330000	0.290000	0.000000	MP_Security_Tat_015	MP_Security_Tat_015
MP_Security_Tat_015_F	mpSecurity_overlays	update/x64/dlcpacks/mpsecurity/dlc.rpf/common/data/effects/peds/mpsecurity_overlays.xml	ZONE_TORSO	TYPE_TATTOO	GENDER_FEMALE	0.240000	0.400000	0.370000	0.200000	0.000000	MP_Security_Tat_015	MP_Security_Tat_015
MP_Security_Tat_016_M	mpSecurity_overlays	update/x64/dlcpacks/mpsecurity/dlc.rpf/common/data/effects/peds/mpsecurity_overlays.xml	ZONE_TORSO	TYPE_TATTOO	GENDER_MALE	0.725000	0.570000	0.240000	0.240000	0.000000	MP_Security_Tat_016	MP_Security_Tat_016
MP_Security_Tat_016_F	mpSecurity_overlays	update/x64/dlcpacks/mpsecurity/dlc.rpf/common/data/effects/peds/mpsecurity_overlays.xml	ZONE_TORSO	TYPE_TATTOO	GENDER_FEMALE	0.740000	0.630000	0.250000	0.200000	0.000000	MP_Security_Tat_016	MP_Security_Tat_016
MP_Security_Tat_017_M	mpSecurity_overlays	update/x64/dlcpacks/mpsecurity/dlc.rpf/common/data/effects/peds/mpsecurity_overlays.xml	ZONE_TORSO	TYPE_TATTOO	GENDER_MALE	0.625000	0.600000	0.160000	0.160000	0.000000	MP_Security_Tat_017	MP_Security_Tat_017
MP_Security_Tat_017_F	mpSecurity_overlays	update/x64/dlcpacks/mpsecurity/dlc.rpf/common/data/effects/peds/mpsecurity_overlays.xml	ZONE_TORSO	TYPE_TATTOO	GENDER_FEMALE	0.660000	0.650000	0.170000	0.140000	0.000000	MP_Security_Tat_017	MP_Security_Tat_017
MP_Security_Tat_018_M	mpSecurity_overlays	update/x64/dlcpacks/mpsecurity/dlc.rpf/common/data/effects/peds/mpsecurity_overlays.xml	ZONE_TORSO	TYPE_TATTOO	GENDER_MALE	0.725000	0.600000	0.320000	0.320000	0.000000	MP_Security_Tat_018	MP_Security_Tat_018
MP_Security_Tat_018_F	mpSecurity_overlays	update/x64/dlcpacks/mpsecurity/dlc.rpf/common/data/effects/peds/mpsecurity_overlays.xml	ZONE_TORSO	TYPE_TATTOO	GENDER_FEMALE	0.740000	0.650000	0.330000	0.300000	0.000000	MP_Security_Tat_018	MP_Security_Tat_018
MP_Security_Tat_019_M	mpSecurity_overlays	update/x64/dlcpacks/mpsecurity/dlc.rpf/common/data/effects/peds/mpsecurity_overlays.xml	ZONE_LEFT_ARM	TYPE_TATTOO	GENDER_MALE	0.425000	0.250000	0.170000	0.170000	-3.600000	MP_Security_Tat_019	MP_Security_Tat_019
MP_Security_Tat_019_F	mpSecurity_overlays	update/x64/dlcpacks/mpsecurity/dlc.rpf/common/data/effects/peds/mpsecurity_overlays.xml	ZONE_LEFT_ARM	TYPE_TATTOO	GENDER_FEMALE	0.410000	0.210000	0.170000	0.140000	0.000000	MP_Security_Tat_019	MP_Security_Tat_019
MP_Security_Tat_020_M	mpSecurity_overlays	update/x64/dlcpacks/mpsecurity/dlc.rpf/common/data/effects/peds/mpsecurity_overlays.xml	ZONE_RIGHT_ARM	TYPE_TATTOO	GENDER_MALE	0.525000	0.250000	0.150000	0.150000	0.000000	MP_Security_Tat_020	MP_Security_Tat_020
MP_Security_Tat_020_F	mpSecurity_overlays	update/x64/dlcpacks/mpsecurity/dlc.rpf/common/data/effects/peds/mpsecurity_overlays.xml	ZONE_RIGHT_ARM	TYPE_TATTOO	GENDER_FEMALE	0.500000	0.230000	0.170000	0.120000	0.000000	MP_Security_Tat_020	MP_Security_Tat_020
MP_Security_Tat_021_M	mpSecurity_overlays	update/x64/dlcpacks/mpsecurity/dlc.rpf/common/data/effects/peds/mpsecurity_overlays.xml	ZONE_RIGHT_LEG	TYPE_TATTOO	GENDER_MALE	0.225000	0.530000	0.270000	0.370000	-1.800000	MP_Security_Tat_021	MP_Security_Tat_021
MP_Security_Tat_021_F	mpSecurity_overlays	update/x64/dlcpacks/mpsecurity/dlc.rpf/common/data/effects/peds/mpsecurity_overlays.xml	ZONE_RIGHT_LEG	TYPE_TATTOO	GENDER_FEMALE	0.250000	0.600000	0.270000	0.440000	0.000000	MP_Security_Tat_021	MP_Security_Tat_021
MP_Security_Tat_022_M	mpSecurity_overlays	update/x64/dlcpacks/mpsecurity/dlc.rpf/common/data/effects/peds/mpsecurity_overlays.xml	ZONE_LEFT_LEG	TYPE_TATTOO	GENDER_MALE	0.225000	0.410000	0.170000	0.170000	0.000000	MP_Security_Tat_022	MP_Security_Tat_022
MP_Security_Tat_022_F	mpSecurity_overlays	update/x64/dlcpacks/mpsecurity/dlc.rpf/common/data/effects/peds/mpsecurity_overlays.xml	ZONE_LEFT_LEG	TYPE_TATTOO	GENDER_FEMALE	0.200000	0.380000	0.170000	0.170000	0.000000	MP_Security_Tat_022	MP_Security_Tat_022
MP_Security_Tat_023_M	mpSecurity_overlays	update/x64/dlcpacks/mpsecurity/dlc.rpf/common/data/effects/peds/mpsecurity_overlays.xml	ZONE_LEFT_LEG	TYPE_TATTOO	GENDER_MALE	0.740000	0.670000	0.170000	0.190000	-3.600000	MP_Security_Tat_023	MP_Security_Tat_023
MP_Security_Tat_023_F	mpSecurity_overlays	update/x64/dlcpacks/mpsecurity/dlc.rpf/common/data/effects/peds/mpsecurity_overlays.xml	ZONE_LEFT_LEG	TYPE_TATTOO	GENDER_FEMALE	0.700000	0.770000	0.170000	0.240000	0.000000	MP_Security_Tat_023	MP_Security_Tat_023
MP_Security_Tat_024_M	mpSecurity_overlays	update/x64/dlcpacks/mpsecurity/dlc.rpf/common/data/effects/peds/mpsecurity_overlays.xml	ZONE_TORSO	TYPE_TATTOO	GENDER_MALE	0.725000	0.320000	0.260000	0.240000	0.000000	MP_Security_Tat_024	MP_Security_Tat_024
MP_Security_Tat_024_F	mpSecurity_overlays	update/x64/dlcpacks/mpsecurity/dlc.rpf/common/data/effects/peds/mpsecurity_overlays.xml	ZONE_TORSO	TYPE_TATTOO	GENDER_FEMALE	0.740000	0.380000	0.280000	0.170000	0.000000	MP_Security_Tat_024	MP_Security_Tat_024
MP_Security_Tat_025_M	mpSecurity_overlays	update/x64/dlcpacks/mpsecurity/dlc.rpf/common/data/effects/peds/mpsecurity_overlays.xml	ZONE_TORSO	TYPE_TATTOO	GENDER_MALE	0.725000	0.380000	0.250000	0.200000	0.000000	MP_Security_Tat_025	MP_Security_Tat_025
MP_Security_Tat_025_F	mpSecurity_overlays	update/x64/dlcpacks/mpsecurity/dlc.rpf/common/data/effects/peds/mpsecurity_overlays.xml	ZONE_TORSO	TYPE_TATTOO	GENDER_FEMALE	0.740000	0.400000	0.270000	0.150000	0.000000	MP_Security_Tat_025	MP_Security_Tat_025
MP_Security_Tat_026_M	mpSecurity_overlays	update/x64/dlcpacks/mpsecurity/dlc.rpf/common/data/effects/peds/mpsecurity_overlays.xml	ZONE_TORSO	TYPE_TATTOO	GENDER_MALE	1.21800	0.610000	0.370000	0.480000	0.000000	MP_Security_Tat_026	MP_Security_Tat_026
MP_Security_Tat_026_F	mpSecurity_overlays	update/x64/dlcpacks/mpsecurity/dlc.rpf/common/data/effects/peds/mpsecurity_overlays.xml	ZONE_TORSO	TYPE_TATTOO	GENDER_FEMALE	1.230000	0.700000	0.370000	0.420000	0.000000	MP_Security_Tat_026	MP_Security_Tat_026
MP_Security_Tat_027_M	mpSecurity_overlays	update/x64/dlcpacks/mpsecurity/dlc.rpf/common/data/effects/peds/mpsecurity_overlays.xml	ZONE_HEAD	TYPE_TATTOO	GENDER_MALE	0.725000	0.300000	0.270000	0.250000	0.000000	MP_Security_Tat_027	MP_Security_Tat_027
MP_Security_Tat_027_F	mpSecurity_overlays	update/x64/dlcpacks/mpsecurity/dlc.rpf/common/data/effects/peds/mpsecurity_overlays.xml	ZONE_HEAD	TYPE_TATTOO	GENDER_FEMALE	0.770000	0.300000	0.370000	0.240000	0.000000	MP_Security_Tat_027	MP_Security_Tat_027
MP_Smuggler_Graphic_000_M	mpSmuggler_overlays	update/x64/dlcpacks/mpsmuggler/dlc.rpf/common/data/effects/peds/mpsmuggler_overlays.xml	ZONE_TORSO	TYPE_BADGE	GENDER_MALE	0.737000	0.570000	0.160000	0.135000	0.000000	MP_Smuggler_Graphic_000	MP_Smuggler_Graphic_000
MP_Smuggler_Graphic_000_F	mpSmuggler_overlays	update/x64/dlcpacks/mpsmuggler/dlc.rpf/common/data/effects/peds/mpsmuggler_overlays.xml	ZONE_TORSO	TYPE_BADGE	GENDER_FEMALE	0.737000	0.570000	0.130000	0.130000	0.000000	MP_Smuggler_Graphic_000	MP_Smuggler_Graphic_000
MP_Smuggler_Graphic_001_M	mpSmuggler_overlays	update/x64/dlcpacks/mpsmuggler/dlc.rpf/common/data/effects/peds/mpsmuggler_overlays.xml	ZONE_TORSO	TYPE_BADGE	GENDER_MALE	0.737000	0.615000	0.160000	0.135000	0.000000	MP_Smuggler_Graphic_001	MP_Smuggler_Graphic_001
MP_Smuggler_Graphic_001_F	mpSmuggler_overlays	update/x64/dlcpacks/mpsmuggler/dlc.rpf/common/data/effects/peds/mpsmuggler_overlays.xml	ZONE_TORSO	TYPE_BADGE	GENDER_FEMALE	0.737000	0.615000	0.135000	0.135000	0.000000	MP_Smuggler_Graphic_001	MP_Smuggler_Graphic_001
MP_Smuggler_Graphic_002_M	mpSmuggler_overlays	update/x64/dlcpacks/mpsmuggler/dlc.rpf/common/data/effects/peds/mpsmuggler_overlays.xml	ZONE_TORSO	TYPE_BADGE	GENDER_MALE	0.737000	0.610000	0.140000	0.140000	0.000000	MP_Smuggler_Graphic_002	MP_Smuggler_Graphic_002
MP_Smuggler_Graphic_002_F	mpSmuggler_overlays	update/x64/dlcpacks/mpsmuggler/dlc.rpf/common/data/effects/peds/mpsmuggler_overlays.xml	ZONE_TORSO	TYPE_BADGE	GENDER_FEMALE	0.737000	0.610000	0.140000	0.140000	0.000000	MP_Smuggler_Graphic_002	MP_Smuggler_Graphic_002
MP_Smuggler_Graphic_003_M	mpSmuggler_overlays	update/x64/dlcpacks/mpsmuggler/dlc.rpf/common/data/effects/peds/mpsmuggler_overlays.xml	ZONE_TORSO	TYPE_BADGE	GENDER_MALE	0.737000	0.620000	0.140000	0.140000	0.000000	MP_Smuggler_Graphic_003	MP_Smuggler_Graphic_003
MP_Smuggler_Graphic_003_F	mpSmuggler_overlays	update/x64/dlcpacks/mpsmuggler/dlc.rpf/common/data/effects/peds/mpsmuggler_overlays.xml	ZONE_TORSO	TYPE_BADGE	GENDER_FEMALE	0.737000	0.620000	0.140000	0.140000	0.000000	MP_Smuggler_Graphic_003	MP_Smuggler_Graphic_003
MP_Smuggler_Graphic_004_M	mpSmuggler_overlays	update/x64/dlcpacks/mpsmuggler/dlc.rpf/common/data/effects/peds/mpsmuggler_overlays.xml	ZONE_TORSO	TYPE_BADGE	GENDER_MALE	0.737000	0.580000	0.140000	0.120000	0.000000	MP_Smuggler_Graphic_004	MP_Smuggler_Graphic_004
MP_Smuggler_Graphic_004_F	mpSmuggler_overlays	update/x64/dlcpacks/mpsmuggler/dlc.rpf/common/data/effects/peds/mpsmuggler_overlays.xml	ZONE_TORSO	TYPE_BADGE	GENDER_FEMALE	0.737000	0.580000	0.130000	0.120000	0.000000	MP_Smuggler_Graphic_004	MP_Smuggler_Graphic_004
MP_Smuggler_Graphic_005_M	mpSmuggler_overlays	update/x64/dlcpacks/mpsmuggler/dlc.rpf/common/data/effects/peds/mpsmuggler_overlays.xml	ZONE_TORSO	TYPE_BADGE	GENDER_MALE	0.737000	0.600000	0.140000	0.120000	0.000000	MP_Smuggler_Graphic_005	MP_Smuggler_Graphic_005
MP_Smuggler_Graphic_005_F	mpSmuggler_overlays	update/x64/dlcpacks/mpsmuggler/dlc.rpf/common/data/effects/peds/mpsmuggler_overlays.xml	ZONE_TORSO	TYPE_BADGE	GENDER_FEMALE	0.737000	0.600000	0.120000	0.120000	0.000000	MP_Smuggler_Graphic_005	MP_Smuggler_Graphic_005
MP_Smuggler_Graphic_006_M	mpSmuggler_overlays	update/x64/dlcpacks/mpsmuggler/dlc.rpf/common/data/effects/peds/mpsmuggler_overlays.xml	ZONE_TORSO	TYPE_BADGE	GENDER_MALE	0.737000	0.600000	0.140000	0.120000	0.000000	MP_Smuggler_Graphic_006	MP_Smuggler_Graphic_006
MP_Smuggler_Graphic_006_F	mpSmuggler_overlays	update/x64/dlcpacks/mpsmuggler/dlc.rpf/common/data/effects/peds/mpsmuggler_overlays.xml	ZONE_TORSO	TYPE_BADGE	GENDER_FEMALE	0.737000	0.600000	0.130000	0.120000	0.000000	MP_Smuggler_Graphic_006	MP_Smuggler_Graphic_006
MP_Smuggler_Graphic_007_M	mpSmuggler_overlays	update/x64/dlcpacks/mpsmuggler/dlc.rpf/common/data/effects/peds/mpsmuggler_overlays.xml	ZONE_TORSO	TYPE_BADGE	GENDER_MALE	0.737000	0.590000	0.140000	0.120000	0.000000	MP_Smuggler_Graphic_007	MP_Smuggler_Graphic_007
MP_Smuggler_Graphic_007_F	mpSmuggler_overlays	update/x64/dlcpacks/mpsmuggler/dlc.rpf/common/data/effects/peds/mpsmuggler_overlays.xml	ZONE_TORSO	TYPE_BADGE	GENDER_FEMALE	0.737000	0.590000	0.120000	0.120000	0.000000	MP_Smuggler_Graphic_007	MP_Smuggler_Graphic_007
MP_Smuggler_Graphic_008_M	mpSmuggler_overlays	update/x64/dlcpacks/mpsmuggler/dlc.rpf/common/data/effects/peds/mpsmuggler_overlays.xml	ZONE_TORSO	TYPE_BADGE	GENDER_MALE	0.735000	0.600000	0.140000	0.120000	0.000000	MP_Smuggler_Graphic_008	MP_Smuggler_Graphic_008
MP_Smuggler_Graphic_008_F	mpSmuggler_overlays	update/x64/dlcpacks/mpsmuggler/dlc.rpf/common/data/effects/peds/mpsmuggler_overlays.xml	ZONE_TORSO	TYPE_BADGE	GENDER_FEMALE	0.735000	0.600000	0.120000	0.110000	0.000000	MP_Smuggler_Graphic_008	MP_Smuggler_Graphic_008
MP_Smuggler_Graphic_009_M	mpSmuggler_overlays	update/x64/dlcpacks/mpsmuggler/dlc.rpf/common/data/effects/peds/mpsmuggler_overlays.xml	ZONE_TORSO	TYPE_BADGE	GENDER_MALE	0.737000	0.590000	0.140000	0.132000	0.000000	MP_Smuggler_Graphic_009	MP_Smuggler_Graphic_009
MP_Smuggler_Graphic_009_F	mpSmuggler_overlays	update/x64/dlcpacks/mpsmuggler/dlc.rpf/common/data/effects/peds/mpsmuggler_overlays.xml	ZONE_TORSO	TYPE_BADGE	GENDER_FEMALE	0.737000	0.570000	0.120000	0.120000	0.000000	MP_Smuggler_Graphic_009	MP_Smuggler_Graphic_009
MP_Smuggler_Graphic_010_M	mpSmuggler_overlays	update/x64/dlcpacks/mpsmuggler/dlc.rpf/common/data/effects/peds/mpsmuggler_overlays.xml	ZONE_TORSO	TYPE_BADGE	GENDER_MALE	0.737000	0.590000	0.140000	0.132000	0.000000	MP_Smuggler_Graphic_010	MP_Smuggler_Graphic_010
MP_Smuggler_Graphic_010_F	mpSmuggler_overlays	update/x64/dlcpacks/mpsmuggler/dlc.rpf/common/data/effects/peds/mpsmuggler_overlays.xml	ZONE_TORSO	TYPE_BADGE	GENDER_FEMALE	0.737000	0.570000	0.120000	0.120000	0.000000	MP_Smuggler_Graphic_010	MP_Smuggler_Graphic_010
MP_Smuggler_Graphic_011_M	mpSmuggler_overlays	update/x64/dlcpacks/mpsmuggler/dlc.rpf/common/data/effects/peds/mpsmuggler_overlays.xml	ZONE_TORSO	TYPE_BADGE	GENDER_MALE	0.737000	0.610000	0.140000	0.120000	0.000000	MP_Smuggler_Graphic_011	MP_Smuggler_Graphic_011
MP_Smuggler_Graphic_011_F	mpSmuggler_overlays	update/x64/dlcpacks/mpsmuggler/dlc.rpf/common/data/effects/peds/mpsmuggler_overlays.xml	ZONE_TORSO	TYPE_BADGE	GENDER_FEMALE	0.737000	0.610000	0.120000	0.120000	0.000000	MP_Smuggler_Graphic_011	MP_Smuggler_Graphic_011
MP_Smuggler_Graphic_012_M	mpSmuggler_overlays	update/x64/dlcpacks/mpsmuggler/dlc.rpf/common/data/effects/peds/mpsmuggler_overlays.xml	ZONE_TORSO	TYPE_BADGE	GENDER_MALE	0.737000	0.580000	0.140000	0.120000	0.000000	MP_Smuggler_Graphic_012	MP_Smuggler_Graphic_012
MP_Smuggler_Graphic_012_F	mpSmuggler_overlays	update/x64/dlcpacks/mpsmuggler/dlc.rpf/common/data/effects/peds/mpsmuggler_overlays.xml	ZONE_TORSO	TYPE_BADGE	GENDER_FEMALE	0.737000	0.580000	0.140000	0.120000	0.000000	MP_Smuggler_Graphic_012	MP_Smuggler_Graphic_012
MP_Smuggler_Graphic_013_M	mpSmuggler_overlays	update/x64/dlcpacks/mpsmuggler/dlc.rpf/common/data/effects/peds/mpsmuggler_overlays.xml	ZONE_TORSO	TYPE_BADGE	GENDER_MALE	0.737000	0.580000	0.140000	0.120000	0.000000	MP_Smuggler_Graphic_013	MP_Smuggler_Graphic_013
MP_Smuggler_Graphic_013_F	mpSmuggler_overlays	update/x64/dlcpacks/mpsmuggler/dlc.rpf/common/data/effects/peds/mpsmuggler_overlays.xml	ZONE_TORSO	TYPE_BADGE	GENDER_FEMALE	0.737000	0.580000	0.140000	0.120000	0.000000	MP_Smuggler_Graphic_013	MP_Smuggler_Graphic_013
MP_Smuggler_Graphic_014_M	mpSmuggler_overlays	update/x64/dlcpacks/mpsmuggler/dlc.rpf/common/data/effects/peds/mpsmuggler_overlays.xml	ZONE_TORSO	TYPE_BADGE	GENDER_MALE	0.737000	0.600000	0.150000	0.130000	0.000000	MP_Smuggler_Graphic_014	MP_Smuggler_Graphic_014
MP_Smuggler_Graphic_014_F	mpSmuggler_overlays	update/x64/dlcpacks/mpsmuggler/dlc.rpf/common/data/effects/peds/mpsmuggler_overlays.xml	ZONE_TORSO	TYPE_BADGE	GENDER_FEMALE	0.737000	0.600000	0.130000	0.120000	0.000000	MP_Smuggler_Graphic_014	MP_Smuggler_Graphic_014
MP_Smuggler_Graphic_015_M	mpSmuggler_overlays	update/x64/dlcpacks/mpsmuggler/dlc.rpf/common/data/effects/peds/mpsmuggler_overlays.xml	ZONE_TORSO	TYPE_BADGE	GENDER_MALE	0.737000	0.600000	0.150000	0.130000	0.000000	MP_Smuggler_Graphic_015	MP_Smuggler_Graphic_015
MP_Smuggler_Graphic_015_F	mpSmuggler_overlays	update/x64/dlcpacks/mpsmuggler/dlc.rpf/common/data/effects/peds/mpsmuggler_overlays.xml	ZONE_TORSO	TYPE_BADGE	GENDER_FEMALE	0.737000	0.600000	0.130000	0.120000	0.000000	MP_Smuggler_Graphic_015	MP_Smuggler_Graphic_015
MP_Smuggler_Graphic_016_M	mpSmuggler_overlays	update/x64/dlcpacks/mpsmuggler/dlc.rpf/common/data/effects/peds/mpsmuggler_overlays.xml	ZONE_TORSO	TYPE_BADGE	GENDER_MALE	0.737000	0.610000	0.175000	0.170000	0.000000	MP_Smuggler_Graphic_016	MP_Smuggler_Graphic_016
MP_Smuggler_Graphic_016_F	mpSmuggler_overlays	update/x64/dlcpacks/mpsmuggler/dlc.rpf/common/data/effects/peds/mpsmuggler_overlays.xml	ZONE_TORSO	TYPE_BADGE	GENDER_FEMALE	0.737000	0.610000	0.175000	0.170000	0.000000	MP_Smuggler_Graphic_016	MP_Smuggler_Graphic_016
MP_Smuggler_Graphic_017_M	mpSmuggler_overlays	update/x64/dlcpacks/mpsmuggler/dlc.rpf/common/data/effects/peds/mpsmuggler_overlays.xml	ZONE_TORSO	TYPE_BADGE	GENDER_MALE	0.737000	0.610000	0.175000	0.170000	0.000000	MP_Smuggler_Graphic_017	MP_Smuggler_Graphic_017
MP_Smuggler_Graphic_017_F	mpSmuggler_overlays	update/x64/dlcpacks/mpsmuggler/dlc.rpf/common/data/effects/peds/mpsmuggler_overlays.xml	ZONE_TORSO	TYPE_BADGE	GENDER_FEMALE	0.737000	0.610000	0.175000	0.170000	0.000000	MP_Smuggler_Graphic_017	MP_Smuggler_Graphic_017
MP_Smuggler_Graphic_018_M	mpSmuggler_overlays	update/x64/dlcpacks/mpsmuggler/dlc.rpf/common/data/effects/peds/mpsmuggler_overlays.xml	ZONE_TORSO	TYPE_BADGE	GENDER_MALE	0.737000	0.600000	0.140000	0.120000	0.000000	MP_Smuggler_Graphic_018	MP_Smuggler_Graphic_018
MP_Smuggler_Graphic_018_F	mpSmuggler_overlays	update/x64/dlcpacks/mpsmuggler/dlc.rpf/common/data/effects/peds/mpsmuggler_overlays.xml	ZONE_TORSO	TYPE_BADGE	GENDER_FEMALE	0.737000	0.600000	0.120000	0.120000	0.000000	MP_Smuggler_Graphic_018	MP_Smuggler_Graphic_018
MP_Smuggler_Tattoo_000_M	mpSmuggler_overlays	update/x64/dlcpacks/mpsmuggler/dlc.rpf/common/data/effects/peds/mpsmuggler_overlays.xml	ZONE_TORSO	TYPE_TATTOO	GENDER_MALE	0.825000	0.600000	0.100000	0.130000	0.000000	MP_Smuggler_Tattoo_000	MP_Smuggler_Tattoo_000
MP_Smuggler_Tattoo_000_F	mpSmuggler_overlays	update/x64/dlcpacks/mpsmuggler/dlc.rpf/common/data/effects/peds/mpsmuggler_overlays.xml	ZONE_TORSO	TYPE_TATTOO	GENDER_FEMALE	0.825000	0.630000	0.090000	0.130000	0.000000	MP_Smuggler_Tattoo_000	MP_Smuggler_Tattoo_000
MP_Smuggler_Tattoo_001_M	mpSmuggler_overlays	update/x64/dlcpacks/mpsmuggler/dlc.rpf/common/data/effects/peds/mpsmuggler_overlays.xml	ZONE_RIGHT_ARM	TYPE_TATTOO	GENDER_MALE	0.180000	0.470000	0.150000	0.190000	-90.000000	MP_Smuggler_Tattoo_001	MP_Smuggler_Tattoo_001
MP_Smuggler_Tattoo_001_F	mpSmuggler_overlays	update/x64/dlcpacks/mpsmuggler/dlc.rpf/common/data/effects/peds/mpsmuggler_overlays.xml	ZONE_RIGHT_ARM	TYPE_TATTOO	GENDER_FEMALE	0.180000	0.410000	0.150000	0.190000	-90.000000	MP_Smuggler_Tattoo_001	MP_Smuggler_Tattoo_001
MP_Smuggler_Tattoo_002_M	mpSmuggler_overlays	update/x64/dlcpacks/mpsmuggler/dlc.rpf/common/data/effects/peds/mpsmuggler_overlays.xml	ZONE_TORSO	TYPE_TATTOO	GENDER_MALE	0.725000	0.310000	0.170000	0.190000	0.000000	MP_Smuggler_Tattoo_002	MP_Smuggler_Tattoo_002
MP_Smuggler_Tattoo_002_F	mpSmuggler_overlays	update/x64/dlcpacks/mpsmuggler/dlc.rpf/common/data/effects/peds/mpsmuggler_overlays.xml	ZONE_TORSO	TYPE_TATTOO	GENDER_FEMALE	0.725000	0.370000	0.170000	0.180000	0.000000	MP_Smuggler_Tattoo_002	MP_Smuggler_Tattoo_002
MP_Smuggler_Tattoo_003_M	mpSmuggler_overlays	update/x64/dlcpacks/mpsmuggler/dlc.rpf/common/data/effects/peds/mpsmuggler_overlays.xml	ZONE_TORSO	TYPE_TATTOO	GENDER_MALE	0.220000	0.700000	0.180000	0.190000	0.000000	MP_Smuggler_Tattoo_003	MP_Smuggler_Tattoo_003
MP_Smuggler_Tattoo_003_F	mpSmuggler_overlays	update/x64/dlcpacks/mpsmuggler/dlc.rpf/common/data/effects/peds/mpsmuggler_overlays.xml	ZONE_TORSO	TYPE_TATTOO	GENDER_FEMALE	0.228000	0.750000	0.180000	0.190000	0.000000	MP_Smuggler_Tattoo_003	MP_Smuggler_Tattoo_003
MP_Smuggler_Tattoo_004_M	mpSmuggler_overlays	update/x64/dlcpacks/mpsmuggler/dlc.rpf/common/data/effects/peds/mpsmuggler_overlays.xml	ZONE_LEFT_ARM	TYPE_TATTOO	GENDER_MALE	0.820000	0.470000	0.155000	0.170000	90.000000	MP_Smuggler_Tattoo_004	MP_Smuggler_Tattoo_004
MP_Smuggler_Tattoo_004_F	mpSmuggler_overlays	update/x64/dlcpacks/mpsmuggler/dlc.rpf/common/data/effects/peds/mpsmuggler_overlays.xml	ZONE_LEFT_ARM	TYPE_TATTOO	GENDER_FEMALE	0.780000	0.410000	0.155000	0.190000	90.000000	MP_Smuggler_Tattoo_004	MP_Smuggler_Tattoo_004
MP_Smuggler_Tattoo_005_M	mpSmuggler_overlays	update/x64/dlcpacks/mpsmuggler/dlc.rpf/common/data/effects/peds/mpsmuggler_overlays.xml	ZONE_RIGHT_ARM	TYPE_TATTOO	GENDER_MALE	0.450000	0.805000	0.165000	0.190000	0.000000	MP_Smuggler_Tattoo_005	MP_Smuggler_Tattoo_005
MP_Smuggler_Tattoo_005_F	mpSmuggler_overlays	update/x64/dlcpacks/mpsmuggler/dlc.rpf/common/data/effects/peds/mpsmuggler_overlays.xml	ZONE_RIGHT_ARM	TYPE_TATTOO	GENDER_FEMALE	0.450000	0.820000	0.165000	0.210000	0.000000	MP_Smuggler_Tattoo_005	MP_Smuggler_Tattoo_005
MP_Smuggler_Tattoo_006_M	mpSmuggler_overlays	update/x64/dlcpacks/mpsmuggler/dlc.rpf/common/data/effects/peds/mpsmuggler_overlays.xml	ZONE_TORSO	TYPE_TATTOO	GENDER_MALE	0.225000	0.690000	0.190000	0.280000	0.000000	MP_Smuggler_Tattoo_006	MP_Smuggler_Tattoo_006
MP_Smuggler_Tattoo_006_F	mpSmuggler_overlays	update/x64/dlcpacks/mpsmuggler/dlc.rpf/common/data/effects/peds/mpsmuggler_overlays.xml	ZONE_TORSO	TYPE_TATTOO	GENDER_FEMALE	0.225000	0.750000	0.190000	0.260000	0.000000	MP_Smuggler_Tattoo_006	MP_Smuggler_Tattoo_006
MP_Smuggler_Tattoo_007_M	mpSmuggler_overlays	update/x64/dlcpacks/mpsmuggler/dlc.rpf/common/data/effects/peds/mpsmuggler_overlays.xml	ZONE_TORSO	TYPE_TATTOO	GENDER_MALE	0.725000	0.620000	0.170000	0.190000	0.000000	MP_Smuggler_Tattoo_007	MP_Smuggler_Tattoo_007
MP_Smuggler_Tattoo_007_F	mpSmuggler_overlays	update/x64/dlcpacks/mpsmuggler/dlc.rpf/common/data/effects/peds/mpsmuggler_overlays.xml	ZONE_TORSO	TYPE_TATTOO	GENDER_FEMALE	0.725000	0.640000	0.190000	0.180000	0.000000	MP_Smuggler_Tattoo_007	MP_Smuggler_Tattoo_007
MP_Smuggler_Tattoo_008_M	mpSmuggler_overlays	update/x64/dlcpacks/mpsmuggler/dlc.rpf/common/data/effects/peds/mpsmuggler_overlays.xml	ZONE_LEFT_ARM	TYPE_TATTOO	GENDER_MALE	0.420000	0.510000	0.190000	0.200000	0.000000	MP_Smuggler_Tattoo_008	MP_Smuggler_Tattoo_008
MP_Smuggler_Tattoo_008_F	mpSmuggler_overlays	update/x64/dlcpacks/mpsmuggler/dlc.rpf/common/data/effects/peds/mpsmuggler_overlays.xml	ZONE_LEFT_ARM	TYPE_TATTOO	GENDER_FEMALE	0.420000	0.500000	0.190000	0.220000	0.000000	MP_Smuggler_Tattoo_008	MP_Smuggler_Tattoo_008
MP_Smuggler_Tattoo_009_M	mpSmuggler_overlays	update/x64/dlcpacks/mpsmuggler/dlc.rpf/common/data/effects/peds/mpsmuggler_overlays.xml	ZONE_TORSO	TYPE_TATTOO	GENDER_MALE	0.228000	0.615000	0.185000	0.190000	0.000000	MP_Smuggler_Tattoo_009	MP_Smuggler_Tattoo_009
MP_Smuggler_Tattoo_009_F	mpSmuggler_overlays	update/x64/dlcpacks/mpsmuggler/dlc.rpf/common/data/effects/peds/mpsmuggler_overlays.xml	ZONE_TORSO	TYPE_TATTOO	GENDER_FEMALE	0.228000	0.690000	0.185000	0.150000	0.000000	MP_Smuggler_Tattoo_009	MP_Smuggler_Tattoo_009
MP_Smuggler_Tattoo_010_M	mpSmuggler_overlays	update/x64/dlcpacks/mpsmuggler/dlc.rpf/common/data/effects/peds/mpsmuggler_overlays.xml	ZONE_TORSO	TYPE_TATTOO	GENDER_MALE	0.735000	0.320000	0.170000	0.160000	0.000000	MP_Smuggler_Tattoo_010	MP_Smuggler_Tattoo_010
MP_Smuggler_Tattoo_010_F	mpSmuggler_overlays	update/x64/dlcpacks/mpsmuggler/dlc.rpf/common/data/effects/peds/mpsmuggler_overlays.xml	ZONE_TORSO	TYPE_TATTOO	GENDER_FEMALE	0.735000	0.380000	0.170000	0.120000	0.000000	MP_Smuggler_Tattoo_010	MP_Smuggler_Tattoo_010
MP_Smuggler_Tattoo_011_M	mpSmuggler_overlays	update/x64/dlcpacks/mpsmuggler/dlc.rpf/common/data/effects/peds/mpsmuggler_overlays.xml	ZONE_HEAD	TYPE_TATTOO	GENDER_MALE	0.220000	0.350000	0.120000	0.100000	-20.088000	MP_Smuggler_Tattoo_011	MP_Smuggler_Tattoo_011
MP_Smuggler_Tattoo_011_F	mpSmuggler_overlays	update/x64/dlcpacks/mpsmuggler/dlc.rpf/common/data/effects/peds/mpsmuggler_overlays.xml	ZONE_HEAD	TYPE_TATTOO	GENDER_FEMALE	0.220000	0.350000	0.120000	0.100000	-20.088000	MP_Smuggler_Tattoo_011	MP_Smuggler_Tattoo_011
MP_Smuggler_Tattoo_012_M	mpSmuggler_overlays	update/x64/dlcpacks/mpsmuggler/dlc.rpf/common/data/effects/peds/mpsmuggler_overlays.xml	ZONE_HEAD	TYPE_TATTOO	GENDER_MALE	0.770000	0.345000	0.130000	0.110000	24.840000	MP_Smuggler_Tattoo_012	MP_Smuggler_Tattoo_012
MP_Smuggler_Tattoo_012_F	mpSmuggler_overlays	update/x64/dlcpacks/mpsmuggler/dlc.rpf/common/data/effects/peds/mpsmuggler_overlays.xml	ZONE_HEAD	TYPE_TATTOO	GENDER_FEMALE	0.770000	0.345000	0.130000	0.110000	24.840000	MP_Smuggler_Tattoo_012	MP_Smuggler_Tattoo_012
MP_Smuggler_Tattoo_013_M	mpSmuggler_overlays	update/x64/dlcpacks/mpsmuggler/dlc.rpf/common/data/effects/peds/mpsmuggler_overlays.xml	ZONE_TORSO	TYPE_TATTOO	GENDER_MALE	0.225000	0.650000	0.175000	0.230000	0.000000	MP_Smuggler_Tattoo_013	MP_Smuggler_Tattoo_013
MP_Smuggler_Tattoo_013_F	mpSmuggler_overlays	update/x64/dlcpacks/mpsmuggler/dlc.rpf/common/data/effects/peds/mpsmuggler_overlays.xml	ZONE_TORSO	TYPE_TATTOO	GENDER_FEMALE	0.225000	0.720000	0.175000	0.230000	0.000000	MP_Smuggler_Tattoo_013	MP_Smuggler_Tattoo_013
MP_Smuggler_Tattoo_014_M	mpSmuggler_overlays	update/x64/dlcpacks/mpsmuggler/dlc.rpf/common/data/effects/peds/mpsmuggler_overlays.xml	ZONE_LEFT_ARM	TYPE_TATTOO	GENDER_MALE	0.420000	0.640000	0.330000	0.330000	0.000000	MP_Smuggler_Tattoo_014	MP_Smuggler_Tattoo_014
MP_Smuggler_Tattoo_014_F	mpSmuggler_overlays	update/x64/dlcpacks/mpsmuggler/dlc.rpf/common/data/effects/peds/mpsmuggler_overlays.xml	ZONE_LEFT_ARM	TYPE_TATTOO	GENDER_FEMALE	0.420000	0.605000	0.330000	0.330000	0.000000	MP_Smuggler_Tattoo_014	MP_Smuggler_Tattoo_014
MP_Smuggler_Tattoo_015_M	mpSmuggler_overlays	update/x64/dlcpacks/mpsmuggler/dlc.rpf/common/data/effects/peds/mpsmuggler_overlays.xml	ZONE_TORSO	TYPE_TATTOO	GENDER_MALE	0.735000	0.300000	0.200000	0.250000	0.000000	MP_Smuggler_Tattoo_015	MP_Smuggler_Tattoo_015
MP_Smuggler_Tattoo_015_F	mpSmuggler_overlays	update/x64/dlcpacks/mpsmuggler/dlc.rpf/common/data/effects/peds/mpsmuggler_overlays.xml	ZONE_TORSO	TYPE_TATTOO	GENDER_FEMALE	0.735000	0.370000	0.200000	0.200000	0.000000	MP_Smuggler_Tattoo_015	MP_Smuggler_Tattoo_015
MP_Smuggler_Tattoo_016_M	mpSmuggler_overlays	update/x64/dlcpacks/mpsmuggler/dlc.rpf/common/data/effects/peds/mpsmuggler_overlays.xml	ZONE_TORSO	TYPE_TATTOO	GENDER_MALE	0.225000	0.620000	0.185000	0.200000	0.000000	MP_Smuggler_Tattoo_016	MP_Smuggler_Tattoo_016
MP_Smuggler_Tattoo_016_F	mpSmuggler_overlays	update/x64/dlcpacks/mpsmuggler/dlc.rpf/common/data/effects/peds/mpsmuggler_overlays.xml	ZONE_TORSO	TYPE_TATTOO	GENDER_FEMALE	0.228000	0.680000	0.185000	0.160000	0.000000	MP_Smuggler_Tattoo_016	MP_Smuggler_Tattoo_016
MP_Smuggler_Tattoo_017_M	mpSmuggler_overlays	update/x64/dlcpacks/mpsmuggler/dlc.rpf/common/data/effects/peds/mpsmuggler_overlays.xml	ZONE_TORSO	TYPE_TATTOO	GENDER_MALE	0.228000	0.490000	0.270000	0.320000	0.000000	MP_Smuggler_Tattoo_017	MP_Smuggler_Tattoo_017
MP_Smuggler_Tattoo_017_F	mpSmuggler_overlays	update/x64/dlcpacks/mpsmuggler/dlc.rpf/common/data/effects/peds/mpsmuggler_overlays.xml	ZONE_TORSO	TYPE_TATTOO	GENDER_FEMALE	0.228000	0.580000	0.270000	0.250000	0.000000	MP_Smuggler_Tattoo_017	MP_Smuggler_Tattoo_017
MP_Smuggler_Tattoo_018_M	mpSmuggler_overlays	update/x64/dlcpacks/mpsmuggler/dlc.rpf/common/data/effects/peds/mpsmuggler_overlays.xml	ZONE_TORSO	TYPE_TATTOO	GENDER_MALE	0.228000	0.490000	0.255000	0.350000	0.000000	MP_Smuggler_Tattoo_018	MP_Smuggler_Tattoo_018
MP_Smuggler_Tattoo_018_F	mpSmuggler_overlays	update/x64/dlcpacks/mpsmuggler/dlc.rpf/common/data/effects/peds/mpsmuggler_overlays.xml	ZONE_TORSO	TYPE_TATTOO	GENDER_FEMALE	0.228000	0.580000	0.255000	0.270000	0.000000	MP_Smuggler_Tattoo_018	MP_Smuggler_Tattoo_018
MP_Smuggler_Tattoo_019_M	mpSmuggler_overlays	update/x64/dlcpacks/mpsmuggler/dlc.rpf/common/data/effects/peds/mpsmuggler_overlays.xml	ZONE_TORSO	TYPE_TATTOO	GENDER_MALE	0.640000	0.610000	0.140000	0.130000	0.000000	MP_Smuggler_Tattoo_019	MP_Smuggler_Tattoo_019
MP_Smuggler_Tattoo_019_F	mpSmuggler_overlays	update/x64/dlcpacks/mpsmuggler/dlc.rpf/common/data/effects/peds/mpsmuggler_overlays.xml	ZONE_TORSO	TYPE_TATTOO	GENDER_FEMALE	0.640000	0.640000	0.140000	0.110000	0.000000	MP_Smuggler_Tattoo_019	MP_Smuggler_Tattoo_019
MP_Smuggler_Tattoo_020_M	mpSmuggler_overlays	update/x64/dlcpacks/mpsmuggler/dlc.rpf/common/data/effects/peds/mpsmuggler_overlays.xml	ZONE_RIGHT_LEG	TYPE_TATTOO	GENDER_MALE	0.600000	0.480000	0.285000	0.350000	0.000000	MP_Smuggler_Tattoo_020	MP_Smuggler_Tattoo_020
MP_Smuggler_Tattoo_020_F	mpSmuggler_overlays	update/x64/dlcpacks/mpsmuggler/dlc.rpf/common/data/effects/peds/mpsmuggler_overlays.xml	ZONE_RIGHT_LEG	TYPE_TATTOO	GENDER_FEMALE	0.600000	0.480000	0.285000	0.350000	0.000000	MP_Smuggler_Tattoo_020	MP_Smuggler_Tattoo_020
MP_Smuggler_Tattoo_021_M	mpSmuggler_overlays	update/x64/dlcpacks/mpsmuggler/dlc.rpf/common/data/effects/peds/mpsmuggler_overlays.xml	ZONE_TORSO	TYPE_TATTOO	GENDER_MALE	0.728000	0.620000	0.170000	0.150000	0.000000	MP_Smuggler_Tattoo_021	MP_Smuggler_Tattoo_021
MP_Smuggler_Tattoo_021_F	mpSmuggler_overlays	update/x64/dlcpacks/mpsmuggler/dlc.rpf/common/data/effects/peds/mpsmuggler_overlays.xml	ZONE_TORSO	TYPE_TATTOO	GENDER_FEMALE	0.740000	0.640000	0.170000	0.130000	0.000000	MP_Smuggler_Tattoo_021	MP_Smuggler_Tattoo_021
MP_Smuggler_Tattoo_022_M	mpSmuggler_overlays	update/x64/dlcpacks/mpsmuggler/dlc.rpf/common/data/effects/peds/mpsmuggler_overlays.xml	ZONE_TORSO	TYPE_TATTOO	GENDER_MALE	0.140000	0.670000	0.115000	0.120000	0.000000	MP_Smuggler_Tattoo_022	MP_Smuggler_Tattoo_022
MP_Smuggler_Tattoo_022_F	mpSmuggler_overlays	update/x64/dlcpacks/mpsmuggler/dlc.rpf/common/data/effects/peds/mpsmuggler_overlays.xml	ZONE_TORSO	TYPE_TATTOO	GENDER_FEMALE	0.140000	0.725000	0.115000	0.100000	0.000000	MP_Smuggler_Tattoo_022	MP_Smuggler_Tattoo_022
MP_Smuggler_Tattoo_023_M	mpSmuggler_overlays	update/x64/dlcpacks/mpsmuggler/dlc.rpf/common/data/effects/peds/mpsmuggler_overlays.xml	ZONE_RIGHT_ARM	TYPE_TATTOO	GENDER_MALE	0.520000	0.640000	0.240000	0.320000	0.000000	MP_Smuggler_Tattoo_023	MP_Smuggler_Tattoo_023
MP_Smuggler_Tattoo_023_F	mpSmuggler_overlays	update/x64/dlcpacks/mpsmuggler/dlc.rpf/common/data/effects/peds/mpsmuggler_overlays.xml	ZONE_RIGHT_ARM	TYPE_TATTOO	GENDER_FEMALE	0.480000	0.630000	0.240000	0.345000	0.000000	MP_Smuggler_Tattoo_023	MP_Smuggler_Tattoo_023
MP_Smuggler_Tattoo_024_M	mpSmuggler_overlays	update/x64/dlcpacks/mpsmuggler/dlc.rpf/common/data/effects/peds/mpsmuggler_overlays.xml	ZONE_TORSO	TYPE_TATTOO	GENDER_MALE	0.228000	0.490000	0.250000	0.350000	0.000000	MP_Smuggler_Tattoo_024	MP_Smuggler_Tattoo_024
MP_Smuggler_Tattoo_024_F	mpSmuggler_overlays	update/x64/dlcpacks/mpsmuggler/dlc.rpf/common/data/effects/peds/mpsmuggler_overlays.xml	ZONE_TORSO	TYPE_TATTOO	GENDER_FEMALE	0.228000	0.580000	0.250000	0.280000	0.000000	MP_Smuggler_Tattoo_024	MP_Smuggler_Tattoo_024
MP_Smuggler_Tattoo_025_M	mpSmuggler_overlays	update/x64/dlcpacks/mpsmuggler/dlc.rpf/common/data/effects/peds/mpsmuggler_overlays.xml	ZONE_TORSO	TYPE_TATTOO	GENDER_MALE	0.220000	0.480000	0.250000	0.335000	0.000000	MP_Smuggler_Tattoo_025	MP_Smuggler_Tattoo_025
MP_Smuggler_Tattoo_025_F	mpSmuggler_overlays	update/x64/dlcpacks/mpsmuggler/dlc.rpf/common/data/effects/peds/mpsmuggler_overlays.xml	ZONE_TORSO	TYPE_TATTOO	GENDER_FEMALE	0.220000	0.570000	0.250000	0.260000	0.000000	MP_Smuggler_Tattoo_025	MP_Smuggler_Tattoo_025
MP_MP_Stunt_Tat_000_M	mpStunt_overlays	update/x64/dlcpacks/mpstunt/dlc.rpf/common/data/effects/peds/mpstunt_overlays.xml	ZONE_HEAD	TYPE_TATTOO	GENDER_MALE	0.210000	0.310000	0.130000	0.130000	30.000000	MP_Stunt_Tat_000	MP_Stunt_Tat_000
MP_MP_Stunt_tat_001_M	mpStunt_overlays	update/x64/dlcpacks/mpstunt/dlc.rpf/common/data/effects/peds/mpstunt_overlays.xml	ZONE_LEFT_ARM	TYPE_TATTOO	GENDER_MALE	0.470000	0.820000	0.120000	0.140000	0.000000	MP_Stunt_tat_001	MP_Stunt_tat_001
MP_MP_Stunt_tat_002_M	mpStunt_overlays	update/x64/dlcpacks/mpstunt/dlc.rpf/common/data/effects/peds/mpstunt_overlays.xml	ZONE_LEFT_ARM	TYPE_TATTOO	GENDER_MALE	0.470000	0.250000	0.085000	0.085000	-13.680000	MP_Stunt_tat_002	MP_Stunt_tat_002
MP_MP_Stunt_tat_003_M	mpStunt_overlays	update/x64/dlcpacks/mpstunt/dlc.rpf/common/data/effects/peds/mpstunt_overlays.xml	ZONE_RIGHT_ARM	TYPE_TATTOO	GENDER_MALE	0.237000	0.440000	0.140000	0.140000	0.000000	MP_Stunt_tat_003	MP_Stunt_tat_003
MP_MP_Stunt_tat_004_M	mpStunt_overlays	update/x64/dlcpacks/mpstunt/dlc.rpf/common/data/effects/peds/mpstunt_overlays.xml	ZONE_HEAD	TYPE_TATTOO	GENDER_MALE	0.700000	0.620000	0.140000	0.140000	0.000000	MP_Stunt_tat_004	MP_Stunt_tat_004
MP_MP_Stunt_tat_005_M	mpStunt_overlays	update/x64/dlcpacks/mpstunt/dlc.rpf/common/data/effects/peds/mpstunt_overlays.xml	ZONE_RIGHT_LEG	TYPE_TATTOO	GENDER_MALE	0.737000	0.340000	0.140000	0.140000	0.000000	MP_Stunt_tat_005	MP_Stunt_tat_005
MP_MP_Stunt_tat_006_M	mpStunt_overlays	update/x64/dlcpacks/mpstunt/dlc.rpf/common/data/effects/peds/mpstunt_overlays.xml	ZONE_HEAD	TYPE_TATTOO	GENDER_MALE	0.740000	0.340000	0.160000	0.160000	-43.560000	MP_Stunt_tat_006	MP_Stunt_tat_006
MP_MP_Stunt_tat_007_M	mpStunt_overlays	update/x64/dlcpacks/mpstunt/dlc.rpf/common/data/effects/peds/mpstunt_overlays.xml	ZONE_LEFT_LEG	TYPE_TATTOO	GENDER_MALE	0.730000	0.330000	0.160000	0.160000	1.800000	MP_Stunt_tat_007	MP_Stunt_tat_007
MP_MP_Stunt_tat_008_M	mpStunt_overlays	update/x64/dlcpacks/mpstunt/dlc.rpf/common/data/effects/peds/mpstunt_overlays.xml	ZONE_LEFT_ARM	TYPE_TATTOO	GENDER_MALE	0.500000	0.850000	0.100000	0.100000	14.760000	MP_Stunt_tat_008	MP_Stunt_tat_008
MP_MP_Stunt_tat_009_M	mpStunt_overlays	update/x64/dlcpacks/mpstunt/dlc.rpf/common/data/effects/peds/mpstunt_overlays.xml	ZONE_RIGHT_ARM	TYPE_TATTOO	GENDER_MALE	1.520000	0.885000	0.070000	0.090000	3.60000	MP_Stunt_tat_009	MP_Stunt_tat_009
MP_MP_Stunt_tat_010_M	mpStunt_overlays	update/x64/dlcpacks/mpstunt/dlc.rpf/common/data/effects/peds/mpstunt_overlays.xml	ZONE_RIGHT_ARM	TYPE_TATTOO	GENDER_MALE	0.710000	0.740000	0.110000	0.110000	0.000000	MP_Stunt_tat_010	MP_Stunt_tat_010
MP_MP_Stunt_tat_011_M	mpStunt_overlays	update/x64/dlcpacks/mpstunt/dlc.rpf/common/data/effects/peds/mpstunt_overlays.xml	ZONE_TORSO	TYPE_TATTOO	GENDER_MALE	1.730000	0.570000	0.165000	0.165000	0.000000	MP_Stunt_tat_011	MP_Stunt_tat_011
MP_MP_Stunt_tat_012_M	mpStunt_overlays	update/x64/dlcpacks/mpstunt/dlc.rpf/common/data/effects/peds/mpstunt_overlays.xml	ZONE_TORSO	TYPE_TATTOO	GENDER_MALE	0.470000	0.330000	0.120000	0.160000	0.000000	MP_Stunt_tat_012	MP_Stunt_tat_012
MP_MP_Stunt_tat_013_M	mpStunt_overlays	update/x64/dlcpacks/mpstunt/dlc.rpf/common/data/effects/peds/mpstunt_overlays.xml	ZONE_LEFT_LEG	TYPE_TATTOO	GENDER_MALE	1.520000	0.690000	0.120000	0.120000	-3.600000	MP_Stunt_tat_013	MP_Stunt_tat_013
MP_MP_Stunt_tat_014_M	mpStunt_overlays	update/x64/dlcpacks/mpstunt/dlc.rpf/common/data/effects/peds/mpstunt_overlays.xml	ZONE_TORSO	TYPE_TATTOO	GENDER_MALE	0.735000	0.310000	0.230000	0.170000	0.000000	MP_Stunt_tat_014	MP_Stunt_tat_014
MP_MP_Stunt_tat_015_M	mpStunt_overlays	update/x64/dlcpacks/mpstunt/dlc.rpf/common/data/effects/peds/mpstunt_overlays.xml	ZONE_RIGHT_LEG	TYPE_TATTOO	GENDER_MALE	0.300000	0.700000	0.100000	0.100000	3.600000	MP_Stunt_tat_015	MP_Stunt_tat_015
MP_MP_Stunt_tat_016_M	mpStunt_overlays	update/x64/dlcpacks/mpstunt/dlc.rpf/common/data/effects/peds/mpstunt_overlays.xml	ZONE_RIGHT_ARM	TYPE_TATTOO	GENDER_MALE	0.640000	0.640000	0.180000	0.180000	14.760000	MP_Stunt_tat_016	MP_Stunt_tat_016
MP_MP_Stunt_tat_017_M	mpStunt_overlays	update/x64/dlcpacks/mpstunt/dlc.rpf/common/data/effects/peds/mpstunt_overlays.xml	ZONE_HEAD	TYPE_TATTOO	GENDER_MALE	0.780000	0.380000	0.100000	0.100000	9.360000	MP_Stunt_tat_017	MP_Stunt_tat_017
MP_MP_Stunt_tat_018_M	mpStunt_overlays	update/x64/dlcpacks/mpstunt/dlc.rpf/common/data/effects/peds/mpstunt_overlays.xml	ZONE_TORSO	TYPE_TATTOO	GENDER_MALE	0.640000	0.610000	0.120000	0.120000	1.800000	MP_Stunt_tat_018	MP_Stunt_tat_018
MP_MP_Stunt_tat_019_M	mpStunt_overlays	update/x64/dlcpacks/mpstunt/dlc.rpf/common/data/effects/peds/mpstunt_overlays.xml	ZONE_TORSO	TYPE_TATTOO	GENDER_MALE	0.780000	0.600000	0.150000	0.150000	16.560000	MP_Stunt_tat_019	MP_Stunt_tat_019
MP_MP_Stunt_tat_020_M	mpStunt_overlays	update/x64/dlcpacks/mpstunt/dlc.rpf/common/data/effects/peds/mpstunt_overlays.xml	ZONE_RIGHT_LEG	TYPE_TATTOO	GENDER_MALE	1.340000	0.340000	0.180000	0.180000	0.000000	MP_Stunt_tat_020	MP_Stunt_tat_020
MP_MP_Stunt_tat_021_M	mpStunt_overlays	update/x64/dlcpacks/mpstunt/dlc.rpf/common/data/effects/peds/mpstunt_overlays.xml	ZONE_LEFT_LEG	TYPE_TATTOO	GENDER_MALE	0.540000	0.530000	0.360000	0.360000	0.000000	MP_Stunt_tat_021	MP_Stunt_tat_021
MP_MP_Stunt_tat_022_M	mpStunt_overlays	update/x64/dlcpacks/mpstunt/dlc.rpf/common/data/effects/peds/mpstunt_overlays.xml	ZONE_LEFT_ARM	TYPE_TATTOO	GENDER_MALE	0.560000	0.470000	0.175000	0.175000	12.240000	MP_Stunt_tat_022	MP_Stunt_tat_022
MP_MP_Stunt_tat_023_M	mpStunt_overlays	update/x64/dlcpacks/mpstunt/dlc.rpf/common/data/effects/peds/mpstunt_overlays.xml	ZONE_LEFT_ARM	TYPE_TATTOO	GENDER_MALE	0.440000	0.600000	0.320000	0.320000	-1.800000	MP_Stunt_tat_023	MP_Stunt_tat_023
MP_MP_Stunt_tat_024_M	mpStunt_overlays	update/x64/dlcpacks/mpstunt/dlc.rpf/common/data/effects/peds/mpstunt_overlays.xml	ZONE_TORSO	TYPE_TATTOO	GENDER_MALE	0.260000	0.370000	-0.620000	0.460000	20.520000	MP_Stunt_tat_024	MP_Stunt_tat_024
MP_MP_Stunt_tat_025_M	mpStunt_overlays	update/x64/dlcpacks/mpstunt/dlc.rpf/common/data/effects/peds/mpstunt_overlays.xml	ZONE_RIGHT_LEG	TYPE_TATTOO	GENDER_MALE	0.540000	0.690000	0.100000	0.100000	0.000000	MP_Stunt_tat_025	MP_Stunt_tat_025
MP_MP_Stunt_tat_026_M	mpStunt_overlays	update/x64/dlcpacks/mpstunt/dlc.rpf/common/data/effects/peds/mpstunt_overlays.xml	ZONE_TORSO	TYPE_TATTOO	GENDER_MALE	0.225000	0.640000	0.200000	0.200000	0.000000	MP_Stunt_tat_026	MP_Stunt_tat_026
MP_MP_Stunt_tat_027_M	mpStunt_overlays	update/x64/dlcpacks/mpstunt/dlc.rpf/common/data/effects/peds/mpstunt_overlays.xml	ZONE_TORSO	TYPE_TATTOO	GENDER_MALE	0.640000	0.630000	0.130000	0.130000	0.000000	MP_Stunt_tat_027	MP_Stunt_tat_027
MP_MP_Stunt_tat_028_M	mpStunt_overlays	update/x64/dlcpacks/mpstunt/dlc.rpf/common/data/effects/peds/mpstunt_overlays.xml	ZONE_LEFT_LEG	TYPE_TATTOO	GENDER_MALE	0.260000	0.340000	0.200000	0.200000	14.760000	MP_Stunt_tat_028	MP_Stunt_tat_028
MP_MP_Stunt_tat_029_M	mpStunt_overlays	update/x64/dlcpacks/mpstunt/dlc.rpf/common/data/effects/peds/mpstunt_overlays.xml	ZONE_TORSO	TYPE_TATTOO	GENDER_MALE	0.230000	0.260000	0.180000	0.230000	0.000000	MP_Stunt_tat_029	MP_Stunt_tat_029
MP_MP_Stunt_tat_030_M	mpStunt_overlays	update/x64/dlcpacks/mpstunt/dlc.rpf/common/data/effects/peds/mpstunt_overlays.xml	ZONE_TORSO	TYPE_TATTOO	GENDER_MALE	0.305000	0.630000	0.150000	0.160000	-8.280000	MP_Stunt_tat_030	MP_Stunt_tat_030
MP_MP_Stunt_tat_031_M	mpStunt_overlays	update/x64/dlcpacks/mpstunt/dlc.rpf/common/data/effects/peds/mpstunt_overlays.xml	ZONE_LEFT_LEG	TYPE_TATTOO	GENDER_MALE	0.240000	0.350000	0.130000	0.130000	9.360000	MP_Stunt_tat_031	MP_Stunt_tat_031
MP_MP_Stunt_tat_032_M	mpStunt_overlays	update/x64/dlcpacks/mpstunt/dlc.rpf/common/data/effects/peds/mpstunt_overlays.xml	ZONE_RIGHT_LEG	TYPE_TATTOO	GENDER_MALE	0.750000	0.340000	0.160000	0.160000	0.000000	MP_Stunt_tat_032	MP_Stunt_tat_032
MP_MP_Stunt_tat_033_M	mpStunt_overlays	update/x64/dlcpacks/mpstunt/dlc.rpf/common/data/effects/peds/mpstunt_overlays.xml	ZONE_TORSO	TYPE_TATTOO	GENDER_MALE	0.820000	0.600000	0.140000	0.140000	0.000000	MP_Stunt_tat_033	MP_Stunt_tat_033
MP_MP_Stunt_tat_034_M	mpStunt_overlays	update/x64/dlcpacks/mpstunt/dlc.rpf/common/data/effects/peds/mpstunt_overlays.xml	ZONE_TORSO	TYPE_TATTOO	GENDER_MALE	0.220000	0.500000	0.350000	0.350000	0.000000	MP_Stunt_tat_034	MP_Stunt_tat_034
MP_MP_Stunt_tat_035_M	mpStunt_overlays	update/x64/dlcpacks/mpstunt/dlc.rpf/common/data/effects/peds/mpstunt_overlays.xml	ZONE_LEFT_ARM	TYPE_TATTOO	GENDER_MALE	0.580000	0.470000	0.160000	0.160000	0.000000	MP_Stunt_tat_035	MP_Stunt_tat_035
MP_MP_Stunt_tat_036_M	mpStunt_overlays	update/x64/dlcpacks/mpstunt/dlc.rpf/common/data/effects/peds/mpstunt_overlays.xml	ZONE_RIGHT_ARM	TYPE_TATTOO	GENDER_MALE	0.550000	0.230000	0.130000	0.080000	20.000000	MP_Stunt_tat_036	MP_Stunt_tat_036
MP_MP_Stunt_tat_037_M	mpStunt_overlays	update/x64/dlcpacks/mpstunt/dlc.rpf/common/data/effects/peds/mpstunt_overlays.xml	ZONE_TORSO	TYPE_TATTOO	GENDER_MALE	0.140000	0.640000	0.130000	0.130000	0.000000	MP_Stunt_tat_037	MP_Stunt_tat_037
MP_MP_Stunt_tat_038_M	mpStunt_overlays	update/x64/dlcpacks/mpstunt/dlc.rpf/common/data/effects/peds/mpstunt_overlays.xml	ZONE_RIGHT_ARM	TYPE_TATTOO	GENDER_MALE	0.560000	0.450000	0.140000	0.135000	0.000000	MP_Stunt_tat_038	MP_Stunt_tat_038
MP_MP_Stunt_tat_039_M	mpStunt_overlays	update/x64/dlcpacks/mpstunt/dlc.rpf/common/data/effects/peds/mpstunt_overlays.xml	ZONE_LEFT_ARM	TYPE_TATTOO	GENDER_MALE	0.530000	0.900000	0.070000	0.130000	2.000000	MP_Stunt_tat_039	MP_Stunt_tat_039
MP_MP_Stunt_tat_040_M	mpStunt_overlays	update/x64/dlcpacks/mpstunt/dlc.rpf/common/data/effects/peds/mpstunt_overlays.xml	ZONE_TORSO	TYPE_TATTOO	GENDER_MALE	0.230000	0.640000	0.200000	0.200000	1.800000	MP_Stunt_tat_040	MP_Stunt_tat_040
MP_MP_Stunt_tat_041_M	mpStunt_overlays	update/x64/dlcpacks/mpstunt/dlc.rpf/common/data/effects/peds/mpstunt_overlays.xml	ZONE_TORSO	TYPE_TATTOO	GENDER_MALE	0.220000	0.580000	0.190000	0.190000	0.000000	MP_Stunt_tat_041	MP_Stunt_tat_041
MP_MP_Stunt_tat_042_M	mpStunt_overlays	update/x64/dlcpacks/mpstunt/dlc.rpf/common/data/effects/peds/mpstunt_overlays.xml	ZONE_HEAD	TYPE_TATTOO	GENDER_MALE	0.800000	0.310000	0.160000	0.160000	4.680000	MP_Stunt_tat_042	MP_Stunt_tat_042
MP_MP_Stunt_tat_043_M	mpStunt_overlays	update/x64/dlcpacks/mpstunt/dlc.rpf/common/data/effects/peds/mpstunt_overlays.xml	ZONE_LEFT_ARM	TYPE_TATTOO	GENDER_MALE	0.540000	0.800000	0.160000	0.160000	5.400000	MP_Stunt_tat_043	MP_Stunt_tat_043
MP_MP_Stunt_tat_044_M	mpStunt_overlays	update/x64/dlcpacks/mpstunt/dlc.rpf/common/data/effects/peds/mpstunt_overlays.xml	ZONE_TORSO	TYPE_TATTOO	GENDER_MALE	0.730000	0.520000	0.200000	0.200000	0.000000	MP_Stunt_tat_044	MP_Stunt_tat_044
MP_MP_Stunt_tat_045_M	mpStunt_overlays	update/x64/dlcpacks/mpstunt/dlc.rpf/common/data/effects/peds/mpstunt_overlays.xml	ZONE_RIGHT_LEG	TYPE_TATTOO	GENDER_MALE	0.550000	0.500000	0.330000	0.330000	0.000000	MP_Stunt_tat_045	MP_Stunt_tat_045
MP_MP_Stunt_tat_046_M	mpStunt_overlays	update/x64/dlcpacks/mpstunt/dlc.rpf/common/data/effects/peds/mpstunt_overlays.xml	ZONE_TORSO	TYPE_TATTOO	GENDER_MALE	0.240000	0.620000	0.220000	0.220000	0.000000	MP_Stunt_tat_046	MP_Stunt_tat_046
MP_MP_Stunt_tat_047_M	mpStunt_overlays	update/x64/dlcpacks/mpstunt/dlc.rpf/common/data/effects/peds/mpstunt_overlays.xml	ZONE_RIGHT_LEG	TYPE_TATTOO	GENDER_MALE	0.780000	0.340000	0.200000	0.200000	0.000000	MP_Stunt_tat_047	MP_Stunt_tat_047
MP_MP_Stunt_tat_048_M	mpStunt_overlays	update/x64/dlcpacks/mpstunt/dlc.rpf/common/data/effects/peds/mpstunt_overlays.xml	ZONE_TORSO	TYPE_TATTOO	GENDER_MALE	0.230000	0.565000	0.220000	0.240000	3.600000	MP_Stunt_tat_048	MP_Stunt_tat_048
MP_MP_Stunt_tat_049_M	mpStunt_overlays	update/x64/dlcpacks/mpstunt/dlc.rpf/common/data/effects/peds/mpstunt_overlays.xml	ZONE_RIGHT_ARM	TYPE_TATTOO	GENDER_MALE	0.380000	0.600000	0.300000	0.300000	0.000000	MP_Stunt_tat_049	MP_Stunt_tat_049
MP_MP_Stunt_Tat_000_F	mpStunt_overlays	update/x64/dlcpacks/mpstunt/dlc.rpf/common/data/effects/peds/mpstunt_overlays.xml	ZONE_HEAD	TYPE_TATTOO	GENDER_FEMALE	0.210000	0.310000	0.130000	0.130000	30.000000	MP_Stunt_Tat_000	MP_Stunt_Tat_000
MP_MP_Stunt_tat_001_F	mpStunt_overlays	update/x64/dlcpacks/mpstunt/dlc.rpf/common/data/effects/peds/mpstunt_overlays.xml	ZONE_LEFT_ARM	TYPE_TATTOO	GENDER_FEMALE	0.470000	0.820000	0.120000	0.140000	0.000000	MP_Stunt_tat_001	MP_Stunt_tat_001
MP_MP_Stunt_tat_002_F	mpStunt_overlays	update/x64/dlcpacks/mpstunt/dlc.rpf/common/data/effects/peds/mpstunt_overlays.xml	ZONE_LEFT_ARM	TYPE_TATTOO	GENDER_FEMALE	0.450000	0.220000	0.100000	0.080000	-13.680000	MP_Stunt_tat_002	MP_Stunt_tat_002
MP_MP_Stunt_tat_003_F	mpStunt_overlays	update/x64/dlcpacks/mpstunt/dlc.rpf/common/data/effects/peds/mpstunt_overlays.xml	ZONE_RIGHT_ARM	TYPE_TATTOO	GENDER_FEMALE	0.237000	0.420000	0.140000	0.140000	0.000000	MP_Stunt_tat_003	MP_Stunt_tat_003
MP_MP_Stunt_tat_004_F	mpStunt_overlays	update/x64/dlcpacks/mpstunt/dlc.rpf/common/data/effects/peds/mpstunt_overlays.xml	ZONE_HEAD	TYPE_TATTOO	GENDER_FEMALE	0.700000	0.620000	0.140000	0.140000	0.000000	MP_Stunt_tat_004	MP_Stunt_tat_004
MP_MP_Stunt_tat_005_F	mpStunt_overlays	update/x64/dlcpacks/mpstunt/dlc.rpf/common/data/effects/peds/mpstunt_overlays.xml	ZONE_RIGHT_LEG	TYPE_TATTOO	GENDER_FEMALE	0.788000	0.340000	0.140000	0.140000	0.000000	MP_Stunt_tat_005	MP_Stunt_tat_005
MP_MP_Stunt_tat_006_F	mpStunt_overlays	update/x64/dlcpacks/mpstunt/dlc.rpf/common/data/effects/peds/mpstunt_overlays.xml	ZONE_HEAD	TYPE_TATTOO	GENDER_FEMALE	0.740000	0.340000	0.160000	0.160000	-43.560000	MP_Stunt_tat_006	MP_Stunt_tat_006
MP_MP_Stunt_tat_007_F	mpStunt_overlays	update/x64/dlcpacks/mpstunt/dlc.rpf/common/data/effects/peds/mpstunt_overlays.xml	ZONE_LEFT_LEG	TYPE_TATTOO	GENDER_FEMALE	0.730000	0.330000	0.160000	0.160000	1.800000	MP_Stunt_tat_007	MP_Stunt_tat_007
MP_MP_Stunt_tat_008_F	mpStunt_overlays	update/x64/dlcpacks/mpstunt/dlc.rpf/common/data/effects/peds/mpstunt_overlays.xml	ZONE_LEFT_ARM	TYPE_TATTOO	GENDER_FEMALE	0.500000	0.850000	0.100000	0.100000	14.760000	MP_Stunt_tat_008	MP_Stunt_tat_008
MP_MP_Stunt_tat_009_F	mpStunt_overlays	update/x64/dlcpacks/mpstunt/dlc.rpf/common/data/effects/peds/mpstunt_overlays.xml	ZONE_RIGHT_ARM	TYPE_TATTOO	GENDER_FEMALE	1.520000	0.885000	0.090000	0.090000	3.60000	MP_Stunt_tat_009	MP_Stunt_tat_009
MP_MP_Stunt_tat_010_F	mpStunt_overlays	update/x64/dlcpacks/mpstunt/dlc.rpf/common/data/effects/peds/mpstunt_overlays.xml	ZONE_RIGHT_ARM	TYPE_TATTOO	GENDER_FEMALE	0.710000	0.740000	0.110000	0.110000	0.000000	MP_Stunt_tat_010	MP_Stunt_tat_010
MP_MP_Stunt_tat_011_F	mpStunt_overlays	update/x64/dlcpacks/mpstunt/dlc.rpf/common/data/effects/peds/mpstunt_overlays.xml	ZONE_TORSO	TYPE_TATTOO	GENDER_FEMALE	1.745000	0.590000	0.165000	0.165000	0.000000	MP_Stunt_tat_011	MP_Stunt_tat_011
MP_MP_Stunt_tat_012_F	mpStunt_overlays	update/x64/dlcpacks/mpstunt/dlc.rpf/common/data/effects/peds/mpstunt_overlays.xml	ZONE_TORSO	TYPE_TATTOO	GENDER_FEMALE	0.475000	0.410000	0.130000	0.130000	12.000000	MP_Stunt_tat_012	MP_Stunt_tat_012
MP_MP_Stunt_tat_013_F	mpStunt_overlays	update/x64/dlcpacks/mpstunt/dlc.rpf/common/data/effects/peds/mpstunt_overlays.xml	ZONE_LEFT_LEG	TYPE_TATTOO	GENDER_FEMALE	1.520000	0.690000	0.120000	0.120000	-3.600000	MP_Stunt_tat_013	MP_Stunt_tat_013
MP_MP_Stunt_tat_014_F	mpStunt_overlays	update/x64/dlcpacks/mpstunt/dlc.rpf/common/data/effects/peds/mpstunt_overlays.xml	ZONE_TORSO	TYPE_TATTOO	GENDER_FEMALE	0.735000	0.375000	0.210000	0.130000	0.000000	MP_Stunt_tat_014	MP_Stunt_tat_014
MP_MP_Stunt_tat_015_F	mpStunt_overlays	update/x64/dlcpacks/mpstunt/dlc.rpf/common/data/effects/peds/mpstunt_overlays.xml	ZONE_RIGHT_LEG	TYPE_TATTOO	GENDER_FEMALE	0.300000	0.700000	0.100000	0.100000	3.600000	MP_Stunt_tat_015	MP_Stunt_tat_015
MP_MP_Stunt_tat_016_F	mpStunt_overlays	update/x64/dlcpacks/mpstunt/dlc.rpf/common/data/effects/peds/mpstunt_overlays.xml	ZONE_RIGHT_ARM	TYPE_TATTOO	GENDER_FEMALE	0.640000	0.640000	0.180000	0.180000	14.760000	MP_Stunt_tat_016	MP_Stunt_tat_016
MP_MP_Stunt_tat_017_F	mpStunt_overlays	update/x64/dlcpacks/mpstunt/dlc.rpf/common/data/effects/peds/mpstunt_overlays.xml	ZONE_HEAD	TYPE_TATTOO	GENDER_FEMALE	0.780000	0.340000	0.130000	0.130000	9.360000	MP_Stunt_tat_017	MP_Stunt_tat_017
MP_MP_Stunt_tat_018_F	mpStunt_overlays	update/x64/dlcpacks/mpstunt/dlc.rpf/common/data/effects/peds/mpstunt_overlays.xml	ZONE_TORSO	TYPE_TATTOO	GENDER_FEMALE	0.670000	0.670000	0.100000	0.100000	1.800000	MP_Stunt_tat_018	MP_Stunt_tat_018
MP_MP_Stunt_tat_019_F	mpStunt_overlays	update/x64/dlcpacks/mpstunt/dlc.rpf/common/data/effects/peds/mpstunt_overlays.xml	ZONE_TORSO	TYPE_TATTOO	GENDER_FEMALE	0.760000	0.610000	0.140000	0.140000	16.560000	MP_Stunt_tat_019	MP_Stunt_tat_019
MP_MP_Stunt_tat_020_F	mpStunt_overlays	update/x64/dlcpacks/mpstunt/dlc.rpf/common/data/effects/peds/mpstunt_overlays.xml	ZONE_RIGHT_LEG	TYPE_TATTOO	GENDER_FEMALE	1.340000	0.340000	0.180000	0.180000	0.000000	MP_Stunt_tat_020	MP_Stunt_tat_020
MP_MP_Stunt_tat_021_F	mpStunt_overlays	update/x64/dlcpacks/mpstunt/dlc.rpf/common/data/effects/peds/mpstunt_overlays.xml	ZONE_LEFT_LEG	TYPE_TATTOO	GENDER_FEMALE	0.540000	0.500000	0.360000	0.360000	0.000000	MP_Stunt_tat_021	MP_Stunt_tat_021
MP_MP_Stunt_tat_022_F	mpStunt_overlays	update/x64/dlcpacks/mpstunt/dlc.rpf/common/data/effects/peds/mpstunt_overlays.xml	ZONE_LEFT_ARM	TYPE_TATTOO	GENDER_FEMALE	0.470000	0.490000	0.190000	0.190000	12.240000	MP_Stunt_tat_022	MP_Stunt_tat_022
MP_MP_Stunt_tat_023_F	mpStunt_overlays	update/x64/dlcpacks/mpstunt/dlc.rpf/common/data/effects/peds/mpstunt_overlays.xml	ZONE_LEFT_ARM	TYPE_TATTOO	GENDER_FEMALE	0.440000	0.600000	0.320000	0.320000	-1.800000	MP_Stunt_tat_023	MP_Stunt_tat_023
MP_MP_Stunt_tat_024_F	mpStunt_overlays	update/x64/dlcpacks/mpstunt/dlc.rpf/common/data/effects/peds/mpstunt_overlays.xml	ZONE_TORSO	TYPE_TATTOO	GENDER_FEMALE	0.250000	0.510000	-0.600000	0.330000	16.200000	MP_Stunt_tat_024	MP_Stunt_tat_024
MP_MP_Stunt_tat_025_F	mpStunt_overlays	update/x64/dlcpacks/mpstunt/dlc.rpf/common/data/effects/peds/mpstunt_overlays.xml	ZONE_RIGHT_LEG	TYPE_TATTOO	GENDER_FEMALE	0.540000	0.690000	0.100000	0.100000	0.000000	MP_Stunt_tat_025	MP_Stunt_tat_025
MP_MP_Stunt_tat_026_F	mpStunt_overlays	update/x64/dlcpacks/mpstunt/dlc.rpf/common/data/effects/peds/mpstunt_overlays.xml	ZONE_TORSO	TYPE_TATTOO	GENDER_FEMALE	0.235000	0.690000	0.220000	0.160000	-8.280000	MP_Stunt_tat_026	MP_Stunt_tat_026
MP_MP_Stunt_tat_027_F	mpStunt_overlays	update/x64/dlcpacks/mpstunt/dlc.rpf/common/data/effects/peds/mpstunt_overlays.xml	ZONE_TORSO	TYPE_TATTOO	GENDER_FEMALE	0.670000	0.660000	0.110000	0.110000	0.000000	MP_Stunt_tat_027	MP_Stunt_tat_027
MP_MP_Stunt_tat_028_F	mpStunt_overlays	update/x64/dlcpacks/mpstunt/dlc.rpf/common/data/effects/peds/mpstunt_overlays.xml	ZONE_LEFT_LEG	TYPE_TATTOO	GENDER_FEMALE	0.260000	0.340000	0.200000	0.200000	14.760000	MP_Stunt_tat_028	MP_Stunt_tat_028
MP_MP_Stunt_tat_029_F	mpStunt_overlays	update/x64/dlcpacks/mpstunt/dlc.rpf/common/data/effects/peds/mpstunt_overlays.xml	ZONE_TORSO	TYPE_TATTOO	GENDER_FEMALE	0.220000	0.370000	0.220000	0.180000	-3.000000	MP_Stunt_tat_029	MP_Stunt_tat_029
MP_MP_Stunt_tat_030_F	mpStunt_overlays	update/x64/dlcpacks/mpstunt/dlc.rpf/common/data/effects/peds/mpstunt_overlays.xml	ZONE_TORSO	TYPE_TATTOO	GENDER_FEMALE	0.320000	0.690000	0.180000	0.150000	-10.000000	MP_Stunt_tat_030	MP_Stunt_tat_030
MP_MP_Stunt_tat_031_F	mpStunt_overlays	update/x64/dlcpacks/mpstunt/dlc.rpf/common/data/effects/peds/mpstunt_overlays.xml	ZONE_LEFT_LEG	TYPE_TATTOO	GENDER_FEMALE	0.240000	0.350000	0.130000	0.130000	9.360000	MP_Stunt_tat_031	MP_Stunt_tat_031
MP_MP_Stunt_tat_032_F	mpStunt_overlays	update/x64/dlcpacks/mpstunt/dlc.rpf/common/data/effects/peds/mpstunt_overlays.xml	ZONE_RIGHT_LEG	TYPE_TATTOO	GENDER_FEMALE	0.750000	0.340000	0.160000	0.160000	0.000000	MP_Stunt_tat_032	MP_Stunt_tat_032
MP_MP_Stunt_tat_033_F	mpStunt_overlays	update/x64/dlcpacks/mpstunt/dlc.rpf/common/data/effects/peds/mpstunt_overlays.xml	ZONE_TORSO	TYPE_TATTOO	GENDER_FEMALE	0.805000	0.640000	0.110000	0.110000	0.000000	MP_Stunt_tat_033	MP_Stunt_tat_033
MP_MP_Stunt_tat_034_F	mpStunt_overlays	update/x64/dlcpacks/mpstunt/dlc.rpf/common/data/effects/peds/mpstunt_overlays.xml	ZONE_TORSO	TYPE_TATTOO	GENDER_FEMALE	0.220000	0.580000	0.280000	0.280000	0.000000	MP_Stunt_tat_034	MP_Stunt_tat_034
MP_MP_Stunt_tat_035_F	mpStunt_overlays	update/x64/dlcpacks/mpstunt/dlc.rpf/common/data/effects/peds/mpstunt_overlays.xml	ZONE_LEFT_ARM	TYPE_TATTOO	GENDER_FEMALE	0.580000	0.470000	0.160000	0.160000	0.000000	MP_Stunt_tat_035	MP_Stunt_tat_035
MP_MP_Stunt_tat_036_F	mpStunt_overlays	update/x64/dlcpacks/mpstunt/dlc.rpf/common/data/effects/peds/mpstunt_overlays.xml	ZONE_RIGHT_ARM	TYPE_TATTOO	GENDER_FEMALE	0.560000	0.180000	0.130000	0.090000	20.000000	MP_Stunt_tat_036	MP_Stunt_tat_036
MP_MP_Stunt_tat_037_F	mpStunt_overlays	update/x64/dlcpacks/mpstunt/dlc.rpf/common/data/effects/peds/mpstunt_overlays.xml	ZONE_TORSO	TYPE_TATTOO	GENDER_FEMALE	0.140000	0.640000	0.130000	0.130000	0.000000	MP_Stunt_tat_037	MP_Stunt_tat_037
MP_MP_Stunt_tat_038_F	mpStunt_overlays	update/x64/dlcpacks/mpstunt/dlc.rpf/common/data/effects/peds/mpstunt_overlays.xml	ZONE_RIGHT_ARM	TYPE_TATTOO	GENDER_FEMALE	0.630000	0.415000	0.150000	0.150000	0.000000	MP_Stunt_tat_038	MP_Stunt_tat_038
MP_MP_Stunt_tat_039_F	mpStunt_overlays	update/x64/dlcpacks/mpstunt/dlc.rpf/common/data/effects/peds/mpstunt_overlays.xml	ZONE_LEFT_ARM	TYPE_TATTOO	GENDER_FEMALE	0.540000	0.900000	0.100000	0.130000	0.000000	MP_Stunt_tat_039	MP_Stunt_tat_039
MP_MP_Stunt_tat_040_F	mpStunt_overlays	update/x64/dlcpacks/mpstunt/dlc.rpf/common/data/effects/peds/mpstunt_overlays.xml	ZONE_TORSO	TYPE_TATTOO	GENDER_FEMALE	0.230000	0.640000	0.200000	0.200000	1.800000	MP_Stunt_tat_040	MP_Stunt_tat_040
MP_MP_Stunt_tat_041_F	mpStunt_overlays	update/x64/dlcpacks/mpstunt/dlc.rpf/common/data/effects/peds/mpstunt_overlays.xml	ZONE_TORSO	TYPE_TATTOO	GENDER_FEMALE	0.230000	0.620000	0.180000	0.180000	0.000000	MP_Stunt_tat_041	MP_Stunt_tat_041
MP_MP_Stunt_tat_042_F	mpStunt_overlays	update/x64/dlcpacks/mpstunt/dlc.rpf/common/data/effects/peds/mpstunt_overlays.xml	ZONE_HEAD	TYPE_TATTOO	GENDER_FEMALE	0.820000	0.340000	0.140000	0.140000	6.480000	MP_Stunt_tat_042	MP_Stunt_tat_042
MP_MP_Stunt_tat_043_F	mpStunt_overlays	update/x64/dlcpacks/mpstunt/dlc.rpf/common/data/effects/peds/mpstunt_overlays.xml	ZONE_LEFT_ARM	TYPE_TATTOO	GENDER_FEMALE	0.540000	0.800000	0.160000	0.160000	5.400000	MP_Stunt_tat_043	MP_Stunt_tat_043
MP_MP_Stunt_tat_044_F	mpStunt_overlays	update/x64/dlcpacks/mpstunt/dlc.rpf/common/data/effects/peds/mpstunt_overlays.xml	ZONE_TORSO	TYPE_TATTOO	GENDER_FEMALE	0.738000	0.58500	0.100000	0.090000	-2.000000	MP_Stunt_tat_044	MP_Stunt_tat_044
MP_MP_Stunt_tat_045_F	mpStunt_overlays	update/x64/dlcpacks/mpstunt/dlc.rpf/common/data/effects/peds/mpstunt_overlays.xml	ZONE_RIGHT_LEG	TYPE_TATTOO	GENDER_FEMALE	0.550000	0.500000	0.330000	0.330000	0.000000	MP_Stunt_tat_045	MP_Stunt_tat_045
MP_MP_Stunt_tat_046_F	mpStunt_overlays	update/x64/dlcpacks/mpstunt/dlc.rpf/common/data/effects/peds/mpstunt_overlays.xml	ZONE_TORSO	TYPE_TATTOO	GENDER_FEMALE	0.240000	0.650000	0.210000	0.210000	0.000000	MP_Stunt_tat_046	MP_Stunt_tat_046
MP_MP_Stunt_tat_047_F	mpStunt_overlays	update/x64/dlcpacks/mpstunt/dlc.rpf/common/data/effects/peds/mpstunt_overlays.xml	ZONE_RIGHT_LEG	TYPE_TATTOO	GENDER_FEMALE	0.780000	0.340000	0.200000	0.200000	0.000000	MP_Stunt_tat_047	MP_Stunt_tat_047
MP_MP_Stunt_tat_048_F	mpStunt_overlays	update/x64/dlcpacks/mpstunt/dlc.rpf/common/data/effects/peds/mpstunt_overlays.xml	ZONE_TORSO	TYPE_TATTOO	GENDER_FEMALE	0.230000	0.625000	0.220000	0.200000	1.000000	MP_Stunt_tat_048	MP_Stunt_tat_048
MP_MP_Stunt_tat_049_F	mpStunt_overlays	update/x64/dlcpacks/mpstunt/dlc.rpf/common/data/effects/peds/mpstunt_overlays.xml	ZONE_RIGHT_ARM	TYPE_TATTOO	GENDER_FEMALE	0.380000	0.600000	0.300000	0.300000	0.000000	MP_Stunt_tat_049	MP_Stunt_tat_049
MP_Sum2_Hair_000_M	mpSum2_overlays	update/x64/dlcpacks/mpsum2/dlc.rpf/common/data/effects/peds/mpsum2_overlays.xml	ZONE_HEAD	TYPE_TATTOO	GENDER_MALE	0.500000	0.500000	0.600000	0.500000	0.000000	MP_Sum2_Hair_000	MP_Sum2_Hair_000
MP_Sum2_Hair_001_F	mpSum2_overlays	update/x64/dlcpacks/mpsum2/dlc.rpf/common/data/effects/peds/mpsum2_overlays.xml	ZONE_HEAD	TYPE_TATTOO	GENDER_FEMALE	0.500000	0.500000	0.600000	0.500000	0.000000	MP_Sum2_Hair_001	MP_Sum2_Hair_001
MP_Sum2_Hair_002_M	mpSum2_overlays	update/x64/dlcpacks/mpsum2/dlc.rpf/common/data/effects/peds/mpsum2_overlays.xml	ZONE_HEAD	TYPE_TATTOO	GENDER_MALE	0.500000	0.500000	0.600000	0.500000	0.000000	MP_Sum2_Hair_002	MP_Sum2_Hair_002
MP_Sum2_Hair_003_F	mpSum2_overlays	update/x64/dlcpacks/mpsum2/dlc.rpf/common/data/effects/peds/mpsum2_overlays.xml	ZONE_HEAD	TYPE_TATTOO	GENDER_FEMALE	0.500000	0.500000	0.600000	0.500000	0.000000	MP_Sum2_Hair_003	MP_Sum2_Hair_003
MP_Sum2_Tee_000_M	mpSum2_overlays	update/x64/dlcpacks/mpsum2/dlc.rpf/common/data/effects/peds/mpsum2_overlays.xml	ZONE_TORSO	TYPE_BADGE	GENDER_MALE	0.737000	0.700000	0.170000	0.170000	0.000000	MP_Sum2_Tee_000	MP_Sum2_Tee_000
MP_Sum2_Tee_000_F	mpSum2_overlays	update/x64/dlcpacks/mpsum2/dlc.rpf/common/data/effects/peds/mpsum2_overlays.xml	ZONE_TORSO	TYPE_BADGE	GENDER_FEMALE	0.735000	0.680000	0.125000	0.165000	0.000000	MP_Sum2_Tee_000	MP_Sum2_Tee_000
MP_Sum2_Tee_001_M	mpSum2_overlays	update/x64/dlcpacks/mpsum2/dlc.rpf/common/data/effects/peds/mpsum2_overlays.xml	ZONE_TORSO	TYPE_BADGE	GENDER_MALE	0.737000	0.700000	0.170000	0.170000	0.000000	MP_Sum2_Tee_001	MP_Sum2_Tee_001
MP_Sum2_Tee_001_F	mpSum2_overlays	update/x64/dlcpacks/mpsum2/dlc.rpf/common/data/effects/peds/mpsum2_overlays.xml	ZONE_TORSO	TYPE_BADGE	GENDER_FEMALE	0.735000	0.680000	0.125000	0.165000	0.000000	MP_Sum2_Tee_001	MP_Sum2_Tee_001
MP_Sum2_Tat_000_M	mpSum2_overlays	update/x64/dlcpacks/mpsum2/dlc.rpf/common/data/effects/peds/mpsum2_overlays.xml	ZONE_HEAD	TYPE_TATTOO	GENDER_MALE	0.505000	0.610000	0.300000	0.230000	0.000000	MP_Sum2_Tat_000	MP_Sum2_Tat_000
MP_Sum2_Tat_000_F	mpSum2_overlays	update/x64/dlcpacks/mpsum2/dlc.rpf/common/data/effects/peds/mpsum2_overlays.xml	ZONE_HEAD	TYPE_TATTOO	GENDER_FEMALE	0.505000	0.610000	0.310000	0.2300000	0.000000	MP_Sum2_Tat_000	MP_Sum2_Tat_000
MP_Sum2_Tat_001_M	mpSum2_overlays	update/x64/dlcpacks/mpsum2/dlc.rpf/common/data/effects/peds/mpsum2_overlays.xml	ZONE_HEAD	TYPE_TATTOO	GENDER_MALE	0.505000	0.610000	0.300000	0.230000	0.000000	MP_Sum2_Tat_001	MP_Sum2_Tat_001
MP_Sum2_Tat_001_F	mpSum2_overlays	update/x64/dlcpacks/mpsum2/dlc.rpf/common/data/effects/peds/mpsum2_overlays.xml	ZONE_HEAD	TYPE_TATTOO	GENDER_FEMALE	0.505000	0.610000	0.310000	0.230000	0.000000	MP_Sum2_Tat_001	MP_Sum2_Tat_001
MP_Sum2_Tat_002_M	mpSum2_overlays	update/x64/dlcpacks/mpsum2/dlc.rpf/common/data/effects/peds/mpsum2_overlays.xml	ZONE_LEFT_LEG	TYPE_TATTOO	GENDER_MALE	0.530000	0.360000	0.190000	0.190000	0.000000	MP_Sum2_Tat_002	MP_Sum2_Tat_002
MP_Sum2_Tat_002_F	mpSum2_overlays	update/x64/dlcpacks/mpsum2/dlc.rpf/common/data/effects/peds/mpsum2_overlays.xml	ZONE_LEFT_LEG	TYPE_TATTOO	GENDER_FEMALE	0.520000	0.340000	0.190000	0.190000	0.000000	MP_Sum2_Tat_002	MP_Sum2_Tat_002
MP_Sum2_Tat_003_M	mpSum2_overlays	update/x64/dlcpacks/mpsum2/dlc.rpf/common/data/effects/peds/mpsum2_overlays.xml	ZONE_TORSO	TYPE_TATTOO	GENDER_MALE	0.780000	0.600000	0.080000	0.080000	-1.800000	MP_Sum2_Tat_003	MP_Sum2_Tat_003
MP_Sum2_Tat_003_F	mpSum2_overlays	update/x64/dlcpacks/mpsum2/dlc.rpf/common/data/effects/peds/mpsum2_overlays.xml	ZONE_TORSO	TYPE_TATTOO	GENDER_FEMALE	0.800000	0.640000	0.085000	0.070000	0.000000	MP_Sum2_Tat_003	MP_Sum2_Tat_003
MP_Sum2_Tat_004_M	mpSum2_overlays	update/x64/dlcpacks/mpsum2/dlc.rpf/common/data/effects/peds/mpsum2_overlays.xml	ZONE_TORSO	TYPE_TATTOO	GENDER_MALE	0.790000	0.600000	0.150000	0.150000	0.000000	MP_Sum2_Tat_004	MP_Sum2_Tat_004
MP_Sum2_Tat_004_F	mpSum2_overlays	update/x64/dlcpacks/mpsum2/dlc.rpf/common/data/effects/peds/mpsum2_overlays.xml	ZONE_TORSO	TYPE_TATTOO	GENDER_FEMALE	0.800000	0.650000	0.130000	0.120000	0.000000	MP_Sum2_Tat_004	MP_Sum2_Tat_004
MP_Sum2_Tat_005_M	mpSum2_overlays	update/x64/dlcpacks/mpsum2/dlc.rpf/common/data/effects/peds/mpsum2_overlays.xml	ZONE_TORSO	TYPE_TATTOO	GENDER_MALE	0.640000	0.235000	0.200000	0.220000	0.000000	MP_Sum2_Tat_005	MP_Sum2_Tat_005
MP_Sum2_Tat_005_F	mpSum2_overlays	update/x64/dlcpacks/mpsum2/dlc.rpf/common/data/effects/peds/mpsum2_overlays.xml	ZONE_TORSO	TYPE_TATTOO	GENDER_FEMALE	0.640000	0.295000	0.200000	0.200000	0.000000	MP_Sum2_Tat_005	MP_Sum2_Tat_005
MP_Sum2_Tat_006_M	mpSum2_overlays	update/x64/dlcpacks/mpsum2/dlc.rpf/common/data/effects/peds/mpsum2_overlays.xml	ZONE_TORSO	TYPE_TATTOO	GENDER_MALE	0.217000	0.620000	0.220000	0.260000	0.000000	MP_Sum2_Tat_006	MP_Sum2_Tat_006
MP_Sum2_Tat_006_F	mpSum2_overlays	update/x64/dlcpacks/mpsum2/dlc.rpf/common/data/effects/peds/mpsum2_overlays.xml	ZONE_TORSO	TYPE_TATTOO	GENDER_FEMALE	0.220000	0.670000	0.230000	0.230000	0.000000	MP_Sum2_Tat_006	MP_Sum2_Tat_006
MP_Sum2_Tat_007_M	mpSum2_overlays	update/x64/dlcpacks/mpsum2/dlc.rpf/common/data/effects/peds/mpsum2_overlays.xml	ZONE_TORSO	TYPE_TATTOO	GENDER_MALE	0.220000	0.520000	0.248000	0.335000	0.000000	MP_Sum2_Tat_007	MP_Sum2_Tat_007
MP_Sum2_Tat_007_F	mpSum2_overlays	update/x64/dlcpacks/mpsum2/dlc.rpf/common/data/effects/peds/mpsum2_overlays.xml	ZONE_TORSO	TYPE_TATTOO	GENDER_FEMALE	0.230000	0.600000	0.260000	0.270000	0.000000	MP_Sum2_Tat_007	MP_Sum2_Tat_007
MP_Sum2_Tat_008_M	mpSum2_overlays	update/x64/dlcpacks/mpsum2/dlc.rpf/common/data/effects/peds/mpsum2_overlays.xml	ZONE_LEFT_ARM	TYPE_TATTOO	GENDER_MALE	0.490000	0.810000	0.120000	0.220000	0.000000	MP_Sum2_Tat_008	MP_Sum2_Tat_008
MP_Sum2_Tat_008_F	mpSum2_overlays	update/x64/dlcpacks/mpsum2/dlc.rpf/common/data/effects/peds/mpsum2_overlays.xml	ZONE_LEFT_ARM	TYPE_TATTOO	GENDER_FEMALE	0.530000	0.800000	0.160000	0.230000	0.000000	MP_Sum2_Tat_008	MP_Sum2_Tat_008
MP_Sum2_Tat_009_M	mpSum2_overlays	update/x64/dlcpacks/mpsum2/dlc.rpf/common/data/effects/peds/mpsum2_overlays.xml	ZONE_LEFT_ARM	TYPE_TATTOO	GENDER_MALE	0.420000	0.460000	0.180000	0.180000	-90.000000	MP_Sum2_Tat_009	MP_Sum2_Tat_009
MP_Sum2_Tat_009_F	mpSum2_overlays	update/x64/dlcpacks/mpsum2/dlc.rpf/common/data/effects/peds/mpsum2_overlays.xml	ZONE_LEFT_ARM	TYPE_TATTOO	GENDER_FEMALE	0.420000	0.410000	0.200000	0.200000	-90.000000	MP_Sum2_Tat_009	MP_Sum2_Tat_009
MP_Sum2_Tat_010_M	mpSum2_overlays	update/x64/dlcpacks/mpsum2/dlc.rpf/common/data/effects/peds/mpsum2_overlays.xml	ZONE_LEFT_ARM	TYPE_TATTOO	GENDER_MALE	0.490000	0.795000	0.150000	0.220000	5.400000	MP_Sum2_Tat_010	MP_Sum2_Tat_010
MP_Sum2_Tat_010_F	mpSum2_overlays	update/x64/dlcpacks/mpsum2/dlc.rpf/common/data/effects/peds/mpsum2_overlays.xml	ZONE_LEFT_ARM	TYPE_TATTOO	GENDER_FEMALE	0.520000	0.790000	0.200000	0.250000	0.000000	MP_Sum2_Tat_010	MP_Sum2_Tat_010
MP_Sum2_Tat_011_M	mpSum2_overlays	update/x64/dlcpacks/mpsum2/dlc.rpf/common/data/effects/peds/mpsum2_overlays.xml	ZONE_RIGHT_ARM	TYPE_TATTOO	GENDER_MALE	0.540000	0.800000	0.160000	0.220000	0.000000	MP_Sum2_Tat_011	MP_Sum2_Tat_011
MP_Sum2_Tat_011_F	mpSum2_overlays	update/x64/dlcpacks/mpsum2/dlc.rpf/common/data/effects/peds/mpsum2_overlays.xml	ZONE_RIGHT_ARM	TYPE_TATTOO	GENDER_FEMALE	0.480000	0.800000	0.190000	0.230000	-3.600000	MP_Sum2_Tat_011	MP_Sum2_Tat_011
MP_Sum2_Tat_012_M	mpSum2_overlays	update/x64/dlcpacks/mpsum2/dlc.rpf/common/data/effects/peds/mpsum2_overlays.xml	ZONE_RIGHT_ARM	TYPE_TATTOO	GENDER_MALE	0.530000	0.815000	0.130000	0.210000	0.000000	MP_Sum2_Tat_012	MP_Sum2_Tat_012
MP_Sum2_Tat_012_F	mpSum2_overlays	update/x64/dlcpacks/mpsum2/dlc.rpf/common/data/effects/peds/mpsum2_overlays.xml	ZONE_RIGHT_ARM	TYPE_TATTOO	GENDER_FEMALE	0.490000	0.800000	0.150000	0.240000	0.000000	MP_Sum2_Tat_012	MP_Sum2_Tat_012
MP_Sum2_Tat_013_M	mpSum2_overlays	update/x64/dlcpacks/mpsum2/dlc.rpf/common/data/effects/peds/mpsum2_overlays.xml	ZONE_RIGHT_ARM	TYPE_TATTOO	GENDER_MALE	0.510000	0.620000	0.320000	0.420000	7.200000	MP_Sum2_Tat_013	MP_Sum2_Tat_013
MP_Sum2_Tat_013_F	mpSum2_overlays	update/x64/dlcpacks/mpsum2/dlc.rpf/common/data/effects/peds/mpsum2_overlays.xml	ZONE_RIGHT_ARM	TYPE_TATTOO	GENDER_FEMALE	0.520000	0.620000	0.324000	0.450000	9.360000	MP_Sum2_Tat_013	MP_Sum2_Tat_013
MP_Sum2_Tat_014_M	mpSum2_overlays	update/x64/dlcpacks/mpsum2/dlc.rpf/common/data/effects/peds/mpsum2_overlays.xml	ZONE_LEFT_LEG	TYPE_TATTOO	GENDER_MALE	0.510000	0.340000	0.210000	0.250000	0.000000	MP_Sum2_Tat_014	MP_Sum2_Tat_014
MP_Sum2_Tat_014_F	mpSum2_overlays	update/x64/dlcpacks/mpsum2/dlc.rpf/common/data/effects/peds/mpsum2_overlays.xml	ZONE_LEFT_LEG	TYPE_TATTOO	GENDER_FEMALE	0.520000	0.330000	0.250000	0.240000	0.000000	MP_Sum2_Tat_014	MP_Sum2_Tat_014
MP_Sum2_Tat_015_M	mpSum2_overlays	update/x64/dlcpacks/mpsum2/dlc.rpf/common/data/effects/peds/mpsum2_overlays.xml	ZONE_LEFT_LEG	TYPE_TATTOO	GENDER_MALE	0.500000	0.340000	0.230000	0.240000	0.000000	MP_Sum2_Tat_015	MP_Sum2_Tat_015
MP_Sum2_Tat_015_F	mpSum2_overlays	update/x64/dlcpacks/mpsum2/dlc.rpf/common/data/effects/peds/mpsum2_overlays.xml	ZONE_LEFT_LEG	TYPE_TATTOO	GENDER_FEMALE	0.520000	0.340000	0.240000	0.230000	0.000000	MP_Sum2_Tat_015	MP_Sum2_Tat_015
MP_Sum2_Tat_016_M	mpSum2_overlays	update/x64/dlcpacks/mpsum2/dlc.rpf/common/data/effects/peds/mpsum2_overlays.xml	ZONE_LEFT_LEG	TYPE_TATTOO	GENDER_MALE	0.500000	0.340000	0.280000	0.235000	0.000000	MP_Sum2_Tat_016	MP_Sum2_Tat_016
MP_Sum2_Tat_016_F	mpSum2_overlays	update/x64/dlcpacks/mpsum2/dlc.rpf/common/data/effects/peds/mpsum2_overlays.xml	ZONE_LEFT_LEG	TYPE_TATTOO	GENDER_FEMALE	0.510000	0.330000	0.260000	0.230000	0.000000	MP_Sum2_Tat_016	MP_Sum2_Tat_016
MP_Sum2_Tat_017_M	mpSum2_overlays	update/x64/dlcpacks/mpsum2/dlc.rpf/common/data/effects/peds/mpsum2_overlays.xml	ZONE_RIGHT_LEG	TYPE_TATTOO	GENDER_MALE	0.270000	0.720000	0.150000	0.220000	-5.400000	MP_Sum2_Tat_017	MP_Sum2_Tat_017
MP_Sum2_Tat_017_F	mpSum2_overlays	update/x64/dlcpacks/mpsum2/dlc.rpf/common/data/effects/peds/mpsum2_overlays.xml	ZONE_RIGHT_LEG	TYPE_TATTOO	GENDER_FEMALE	0.300000	0.750000	0.150000	0.240000	-5.400000	MP_Sum2_Tat_017	MP_Sum2_Tat_017
MP_Sum2_Tat_018_M	mpSum2_overlays	update/x64/dlcpacks/mpsum2/dlc.rpf/common/data/effects/peds/mpsum2_overlays.xml	ZONE_HEAD	TYPE_TATTOO	GENDER_MALE	0.390000	0.560000	0.300000	0.300000	-9.360000	MP_Sum2_Tat_018	MP_Sum2_Tat_018
MP_Sum2_Tat_018_F	mpSum2_overlays	update/x64/dlcpacks/mpsum2/dlc.rpf/common/data/effects/peds/mpsum2_overlays.xml	ZONE_HEAD	TYPE_TATTOO	GENDER_FEMALE	0.390000	0.560000	0.300000	0.300000	-9.360000	MP_Sum2_Tat_018	MP_Sum2_Tat_018
MP_Sum2_Tat_019_M	mpSum2_overlays	update/x64/dlcpacks/mpsum2/dlc.rpf/common/data/effects/peds/mpsum2_overlays.xml	ZONE_HEAD	TYPE_TATTOO	GENDER_MALE	0.500000	0.620000	0.490000	0.360000	0.000000	MP_Sum2_Tat_019	MP_Sum2_Tat_019
MP_Sum2_Tat_019_F	mpSum2_overlays	update/x64/dlcpacks/mpsum2/dlc.rpf/common/data/effects/peds/mpsum2_overlays.xml	ZONE_HEAD	TYPE_TATTOO	GENDER_FEMALE	0.500000	0.620000	0.470000	0.370000	0.000000	MP_Sum2_Tat_019	MP_Sum2_Tat_019
MP_Sum2_Tat_020_M	mpSum2_overlays	update/x64/dlcpacks/mpsum2/dlc.rpf/common/data/effects/peds/mpsum2_overlays.xml	ZONE_HEAD	TYPE_TATTOO	GENDER_MALE	0.500000	0.620000	0.455000	0.380000	0.000000	MP_Sum2_Tat_020	MP_Sum2_Tat_020
MP_Sum2_Tat_020_F	mpSum2_overlays	update/x64/dlcpacks/mpsum2/dlc.rpf/common/data/effects/peds/mpsum2_overlays.xml	ZONE_HEAD	TYPE_TATTOO	GENDER_FEMALE	0.500000	0.620000	0.450000	0.360000	0.000000	MP_Sum2_Tat_020	MP_Sum2_Tat_020
MP_Sum2_Tat_021_M	mpSum2_overlays	update/x64/dlcpacks/mpsum2/dlc.rpf/common/data/effects/peds/mpsum2_overlays.xml	ZONE_HEAD	TYPE_TATTOO	GENDER_MALE	0.500000	0.730000	0.090000	0.090000	0.000000	MP_Sum2_Tat_021	MP_Sum2_Tat_021
MP_Sum2_Tat_021_F	mpSum2_overlays	update/x64/dlcpacks/mpsum2/dlc.rpf/common/data/effects/peds/mpsum2_overlays.xml	ZONE_HEAD	TYPE_TATTOO	GENDER_FEMALE	0.500000	0.730000	0.090000	0.090000	0.000000	MP_Sum2_Tat_021	MP_Sum2_Tat_021
MP_Sum2_Tat_022_M	mpSum2_overlays	update/x64/dlcpacks/mpsum2/dlc.rpf/common/data/effects/peds/mpsum2_overlays.xml	ZONE_HEAD	TYPE_TATTOO	GENDER_MALE	0.500000	0.730000	0.090000	0.070000	0.000000	MP_Sum2_Tat_022	MP_Sum2_Tat_022
MP_Sum2_Tat_022_F	mpSum2_overlays	update/x64/dlcpacks/mpsum2/dlc.rpf/common/data/effects/peds/mpsum2_overlays.xml	ZONE_HEAD	TYPE_TATTOO	GENDER_FEMALE	0.500000	0.730000	0.090000	0.070000	0.000000	MP_Sum2_Tat_022	MP_Sum2_Tat_022
MP_Sum2_Tat_023_M	mpSum2_overlays	update/x64/dlcpacks/mpsum2/dlc.rpf/common/data/effects/peds/mpsum2_overlays.xml	ZONE_HEAD	TYPE_TATTOO	GENDER_MALE	0.430000	0.455000	0.660000	0.630000	7.200000	MP_Sum2_Tat_023	MP_Sum2_Tat_023
MP_Sum2_Tat_023_F	mpSum2_overlays	update/x64/dlcpacks/mpsum2/dlc.rpf/common/data/effects/peds/mpsum2_overlays.xml	ZONE_HEAD	TYPE_TATTOO	GENDER_FEMALE	0.440000	0.450000	0.650000	0.660000	14.760000	MP_Sum2_Tat_023	MP_Sum2_Tat_023
MP_Sum2_Tat_024_M	mpSum2_overlays	update/x64/dlcpacks/mpsum2/dlc.rpf/common/data/effects/peds/mpsum2_overlays.xml	ZONE_HEAD	TYPE_TATTOO	GENDER_MALE	0.500000	0.580000	0.420000	0.320000	0.000000	MP_Sum2_Tat_024	MP_Sum2_Tat_024
MP_Sum2_Tat_024_F	mpSum2_overlays	update/x64/dlcpacks/mpsum2/dlc.rpf/common/data/effects/peds/mpsum2_overlays.xml	ZONE_HEAD	TYPE_TATTOO	GENDER_FEMALE	0.500000	0.580000	0.430000	0.320000	0.000000	MP_Sum2_Tat_024	MP_Sum2_Tat_024
MP_Sum2_Tat_025_M	mpSum2_overlays	update/x64/dlcpacks/mpsum2/dlc.rpf/common/data/effects/peds/mpsum2_overlays.xml	ZONE_HEAD	TYPE_TATTOO	GENDER_MALE	0.750000	0.320000	0.230000	0.380000	-21.960000	MP_Sum2_Tat_025	MP_Sum2_Tat_025
MP_Sum2_Tat_025_F	mpSum2_overlays	update/x64/dlcpacks/mpsum2/dlc.rpf/common/data/effects/peds/mpsum2_overlays.xml	ZONE_HEAD	TYPE_TATTOO	GENDER_FEMALE	0.730000	0.330000	0.260000	0.400000	-27.720000	MP_Sum2_Tat_025	MP_Sum2_Tat_025
MP_Sum2_Tat_026_M	mpSum2_overlays	update/x64/dlcpacks/mpsum2/dlc.rpf/common/data/effects/peds/mpsum2_overlays.xml	ZONE_HEAD	TYPE_TATTOO	GENDER_MALE	0.740000	0.290000	0.180000	0.130000	23.760000	MP_Sum2_Tat_026	MP_Sum2_Tat_026
MP_Sum2_Tat_026_F	mpSum2_overlays	update/x64/dlcpacks/mpsum2/dlc.rpf/common/data/effects/peds/mpsum2_overlays.xml	ZONE_HEAD	TYPE_TATTOO	GENDER_FEMALE	0.750000	0.310000	0.200000	0.100000	27.720000	MP_Sum2_Tat_026	MP_Sum2_Tat_026
MP_Sum2_Tat_027_M	mpSum2_overlays	update/x64/dlcpacks/mpsum2/dlc.rpf/common/data/effects/peds/mpsum2_overlays.xml	ZONE_HEAD	TYPE_TATTOO	GENDER_MALE	0.500000	0.250000	0.450000	0.210000	0.000000	MP_Sum2_Tat_027	MP_Sum2_Tat_027
MP_Sum2_Tat_027_F	mpSum2_overlays	update/x64/dlcpacks/mpsum2/dlc.rpf/common/data/effects/peds/mpsum2_overlays.xml	ZONE_HEAD	TYPE_TATTOO	GENDER_FEMALE	0.500000	0.250000	0.490000	0.190000	0.000000	MP_Sum2_Tat_027	MP_Sum2_Tat_027
MP_Sum2_Tat_028_M	mpSum2_overlays	update/x64/dlcpacks/mpsum2/dlc.rpf/common/data/effects/peds/mpsum2_overlays.xml	ZONE_LEFT_ARM	TYPE_TATTOO	GENDER_MALE	0.470000	0.480000	0.250000	0.260000	0.000000	MP_Sum2_Tat_028	MP_Sum2_Tat_028
MP_Sum2_Tat_028_F	mpSum2_overlays	update/x64/dlcpacks/mpsum2/dlc.rpf/common/data/effects/peds/mpsum2_overlays.xml	ZONE_LEFT_ARM	TYPE_TATTOO	GENDER_FEMALE	0.460000	0.430000	0.250000	0.260000	0.000000	MP_Sum2_Tat_028	MP_Sum2_Tat_028
MP_Sum2_Tat_029_M	mpSum2_overlays	update/x64/dlcpacks/mpsum2/dlc.rpf/common/data/effects/peds/mpsum2_overlays.xml	ZONE_LEFT_ARM	TYPE_TATTOO	GENDER_MALE	0.850000	0.480000	0.150000	0.200000	5.400000	MP_Sum2_Tat_029	MP_Sum2_Tat_029
MP_Sum2_Tat_029_F	mpSum2_overlays	update/x64/dlcpacks/mpsum2/dlc.rpf/common/data/effects/peds/mpsum2_overlays.xml	ZONE_LEFT_ARM	TYPE_TATTOO	GENDER_FEMALE	0.800000	0.420000	0.170000	0.220000	7.200000	MP_Sum2_Tat_029	MP_Sum2_Tat_029
MP_Sum2_Tat_030_M	mpSum2_overlays	update/x64/dlcpacks/mpsum2/dlc.rpf/common/data/effects/peds/mpsum2_overlays.xml	ZONE_RIGHT_ARM	TYPE_TATTOO	GENDER_MALE	0.640000	0.800000	0.120000	0.180000	-161.6400000	MP_Sum2_Tat_030	MP_Sum2_Tat_030
MP_Sum2_Tat_030_F	mpSum2_overlays	update/x64/dlcpacks/mpsum2/dlc.rpf/common/data/effects/peds/mpsum2_overlays.xml	ZONE_RIGHT_ARM	TYPE_TATTOO	GENDER_FEMALE	0.640000	0.800000	0.130000	0.180000	-156.240000	MP_Sum2_Tat_030	MP_Sum2_Tat_030
MP_Sum2_Tat_031_M	mpSum2_overlays	update/x64/dlcpacks/mpsum2/dlc.rpf/common/data/effects/peds/mpsum2_overlays.xml	ZONE_RIGHT_ARM	TYPE_TATTOO	GENDER_MALE	0.530000	0.250000	0.090000	0.090000	16.560000	MP_Sum2_Tat_031	MP_Sum2_Tat_031
MP_Sum2_Tat_031_F	mpSum2_overlays	update/x64/dlcpacks/mpsum2/dlc.rpf/common/data/effects/peds/mpsum2_overlays.xml	ZONE_RIGHT_ARM	TYPE_TATTOO	GENDER_FEMALE	0.570000	0.200000	0.080000	0.075000	16.560000	MP_Sum2_Tat_031	MP_Sum2_Tat_031
MP_Sum2_Tat_032_M	mpSum2_overlays	update/x64/dlcpacks/mpsum2/dlc.rpf/common/data/effects/peds/mpsum2_overlays.xml	ZONE_LEFT_LEG	TYPE_TATTOO	GENDER_MALE	0.750000	0.700000	0.170000	0.270000	0.000000	MP_Sum2_Tat_032	MP_Sum2_Tat_032
MP_Sum2_Tat_032_F	mpSum2_overlays	update/x64/dlcpacks/mpsum2/dlc.rpf/common/data/effects/peds/mpsum2_overlays.xml	ZONE_LEFT_LEG	TYPE_TATTOO	GENDER_FEMALE	0.710000	0.740000	0.170000	0.280000	0.000000	MP_Sum2_Tat_032	MP_Sum2_Tat_032
MP_Sum2_Tat_033_M	mpSum2_overlays	update/x64/dlcpacks/mpsum2/dlc.rpf/common/data/effects/peds/mpsum2_overlays.xml	ZONE_RIGHT_LEG	TYPE_TATTOO	GENDER_MALE	0.240000	0.720000	0.120000	0.150000	0.000000	MP_Sum2_Tat_033	MP_Sum2_Tat_033
MP_Sum2_Tat_033_F	mpSum2_overlays	update/x64/dlcpacks/mpsum2/dlc.rpf/common/data/effects/peds/mpsum2_overlays.xml	ZONE_RIGHT_LEG	TYPE_TATTOO	GENDER_FEMALE	0.250000	0.720000	0.140000	0.140000	0.000000	MP_Sum2_Tat_033	MP_Sum2_Tat_033
MP_Sum2_Tat_034_M	mpSum2_overlays	update/x64/dlcpacks/mpsum2/dlc.rpf/common/data/effects/peds/mpsum2_overlays.xml	ZONE_RIGHT_LEG	TYPE_TATTOO	GENDER_MALE	0.525000	0.480000	0.370000	0.480000	-3.600000	MP_Sum2_Tat_034	MP_Sum2_Tat_034
MP_Sum2_Tat_034_F	mpSum2_overlays	update/x64/dlcpacks/mpsum2/dlc.rpf/common/data/effects/peds/mpsum2_overlays.xml	ZONE_RIGHT_LEG	TYPE_TATTOO	GENDER_FEMALE	0.510000	0.500000	0.350000	0.490000	-1.800000	MP_Sum2_Tat_034	MP_Sum2_Tat_034
MP_Sum2_Tat_035_M	mpSum2_overlays	update/x64/dlcpacks/mpsum2/dlc.rpf/common/data/effects/peds/mpsum2_overlays.xml	ZONE_TORSO	TYPE_TATTOO	GENDER_MALE	0.230000	0.490000	0.320000	0.400000	3.600000	MP_Sum2_Tat_035	MP_Sum2_Tat_035
MP_Sum2_Tat_035_F	mpSum2_overlays	update/x64/dlcpacks/mpsum2/dlc.rpf/common/data/effects/peds/mpsum2_overlays.xml	ZONE_TORSO	TYPE_TATTOO	GENDER_FEMALE	0.240000	0.600000	0.350000	0.270000	0.000000	MP_Sum2_Tat_035	MP_Sum2_Tat_035
MP_Sum2_Tat_036_M	mpSum2_overlays	update/x64/dlcpacks/mpsum2/dlc.rpf/common/data/effects/peds/mpsum2_overlays.xml	ZONE_TORSO	TYPE_TATTOO	GENDER_MALE	0.225000	0.580000	0.237000	0.330000	1.800000	MP_Sum2_Tat_036	MP_Sum2_Tat_036
MP_Sum2_Tat_036_F	mpSum2_overlays	update/x64/dlcpacks/mpsum2/dlc.rpf/common/data/effects/peds/mpsum2_overlays.xml	ZONE_TORSO	TYPE_TATTOO	GENDER_FEMALE	0.230000	0.650000	0.240000	0.240000	0.000000	MP_Sum2_Tat_036	MP_Sum2_Tat_036
MP_Sum2_Tat_037_M	mpSum2_overlays	update/x64/dlcpacks/mpsum2/dlc.rpf/common/data/effects/peds/mpsum2_overlays.xml	ZONE_TORSO	TYPE_TATTOO	GENDER_MALE	0.230000	0.480000	0.360000	0.450000	2.500000	MP_Sum2_Tat_037	MP_Sum2_Tat_037
MP_Sum2_Tat_037_F	mpSum2_overlays	update/x64/dlcpacks/mpsum2/dlc.rpf/common/data/effects/peds/mpsum2_overlays.xml	ZONE_TORSO	TYPE_TATTOO	GENDER_FEMALE	0.240000	0.550000	0.390000	0.360000	0.000000	MP_Sum2_Tat_037	MP_Sum2_Tat_037
MP_Sum2_Tat_038_M	mpSum2_overlays	update/x64/dlcpacks/mpsum2/dlc.rpf/common/data/effects/peds/mpsum2_overlays.xml	ZONE_TORSO	TYPE_TATTOO	GENDER_MALE	0.220000	0.590000	0.310000	0.330000	0.000000	MP_Sum2_Tat_038	MP_Sum2_Tat_038
MP_Sum2_Tat_038_F	mpSum2_overlays	update/x64/dlcpacks/mpsum2/dlc.rpf/common/data/effects/peds/mpsum2_overlays.xml	ZONE_TORSO	TYPE_TATTOO	GENDER_FEMALE	0.230000	0.680000	0.320000	0.260000	0.000000	MP_Sum2_Tat_038	MP_Sum2_Tat_038
MP_Sum2_Tat_039_M	mpSum2_overlays	update/x64/dlcpacks/mpsum2/dlc.rpf/common/data/effects/peds/mpsum2_overlays.xml	ZONE_TORSO	TYPE_TATTOO	GENDER_MALE	0.220000	0.640000	0.400000	0.450000	0.000000	MP_Sum2_Tat_039	MP_Sum2_Tat_039
MP_Sum2_Tat_039_F	mpSum2_overlays	update/x64/dlcpacks/mpsum2/dlc.rpf/common/data/effects/peds/mpsum2_overlays.xml	ZONE_TORSO	TYPE_TATTOO	GENDER_FEMALE	0.230000	0.710000	0.390000	0.350000	0.000000	MP_Sum2_Tat_039	MP_Sum2_Tat_039
MP_Sum2_Tat_040_M	mpSum2_overlays	update/x64/dlcpacks/mpsum2/dlc.rpf/common/data/effects/peds/mpsum2_overlays.xml	ZONE_TORSO	TYPE_TATTOO	GENDER_MALE	0.830000	0.610000	0.200000	0.220000	0.000000	MP_Sum2_Tat_040	MP_Sum2_Tat_040
MP_Sum2_Tat_040_F	mpSum2_overlays	update/x64/dlcpacks/mpsum2/dlc.rpf/common/data/effects/peds/mpsum2_overlays.xml	ZONE_TORSO	TYPE_TATTOO	GENDER_FEMALE	0.825000	0.650000	0.200000	0.200000	0.000000	MP_Sum2_Tat_040	MP_Sum2_Tat_040
MP_Sum2_Tat_041_M	mpSum2_overlays	update/x64/dlcpacks/mpsum2/dlc.rpf/common/data/effects/peds/mpsum2_overlays.xml	ZONE_TORSO	TYPE_TATTOO	GENDER_MALE	0.728000	0.595000	0.250000	0.290000	0.000000	MP_Sum2_Tat_041	MP_Sum2_Tat_041
MP_Sum2_Tat_041_F	mpSum2_overlays	update/x64/dlcpacks/mpsum2/dlc.rpf/common/data/effects/peds/mpsum2_overlays.xml	ZONE_TORSO	TYPE_TATTOO	GENDER_FEMALE	0.740000	0.635000	0.260000	0.250000	0.000000	MP_Sum2_Tat_041	MP_Sum2_Tat_041
MP_Sum2_Tat_042_M	mpSum2_overlays	update/x64/dlcpacks/mpsum2/dlc.rpf/common/data/effects/peds/mpsum2_overlays.xml	ZONE_TORSO	TYPE_TATTOO	GENDER_MALE	0.728000	0.600000	0.510000	0.520000	0.000000	MP_Sum2_Tat_042	MP_Sum2_Tat_042
MP_Sum2_Tat_042_F	mpSum2_overlays	update/x64/dlcpacks/mpsum2/dlc.rpf/common/data/effects/peds/mpsum2_overlays.xml	ZONE_TORSO	TYPE_TATTOO	GENDER_FEMALE	0.730000	0.650000	0.500000	0.480000	0.000000	MP_Sum2_Tat_042	MP_Sum2_Tat_042
MP_Sum2_Tat_043_M	mpSum2_overlays	update/x64/dlcpacks/mpsum2/dlc.rpf/common/data/effects/peds/mpsum2_overlays.xml	ZONE_TORSO	TYPE_TATTOO	GENDER_MALE	0.580000	0.310000	0.170000	0.190000	0.000000	MP_Sum2_Tat_043	MP_Sum2_Tat_043
MP_Sum2_Tat_043_F	mpSum2_overlays	update/x64/dlcpacks/mpsum2/dlc.rpf/common/data/effects/peds/mpsum2_overlays.xml	ZONE_TORSO	TYPE_TATTOO	GENDER_FEMALE	0.580000	0.380000	0.200000	0.150000	0.000000	MP_Sum2_Tat_043	MP_Sum2_Tat_043
MP_Sum2_Tat_044_M	mpSum2_overlays	update/x64/dlcpacks/mpsum2/dlc.rpf/common/data/effects/peds/mpsum2_overlays.xml	ZONE_TORSO	TYPE_TATTOO	GENDER_MALE	0.725000	0.450000	0.360000	0.400000	0.000000	MP_Sum2_Tat_044	MP_Sum2_Tat_044
MP_Sum2_Tat_044_F	mpSum2_overlays	update/x64/dlcpacks/mpsum2/dlc.rpf/common/data/effects/peds/mpsum2_overlays.xml	ZONE_TORSO	TYPE_TATTOO	GENDER_FEMALE	0.740000	0.500000	0.390000	0.350000	0.000000	MP_Sum2_Tat_044	MP_Sum2_Tat_044
MP_Sum2_Tat_045_M	mpSum2_overlays	update/x64/dlcpacks/mpsum2/dlc.rpf/common/data/effects/peds/mpsum2_overlays.xml	ZONE_RIGHT_ARM	TYPE_TATTOO	GENDER_MALE	0.490000	0.625000	-0.300000	0.500000	9.000000	MP_Sum2_Tat_045	MP_Sum2_Tat_045
MP_Sum2_Tat_045_F	mpSum2_overlays	update/x64/dlcpacks/mpsum2/dlc.rpf/common/data/effects/peds/mpsum2_overlays.xml	ZONE_RIGHT_ARM	TYPE_TATTOO	GENDER_FEMALE	0.480000	0.620000	-0.380000	0.540000	9.720000	MP_Sum2_Tat_045	MP_Sum2_Tat_045
MP_Sum2_Tat_046_M	mpSum2_overlays	update/x64/dlcpacks/mpsum2/dlc.rpf/common/data/effects/peds/mpsum2_overlays.xml	ZONE_RIGHT_ARM	TYPE_TATTOO	GENDER_MALE	0.525000	0.870000	0.060000	0.110000	-3.600000	MP_Sum2_Tat_046	MP_Sum2_Tat_046
MP_Sum2_Tat_046_F	mpSum2_overlays	update/x64/dlcpacks/mpsum2/dlc.rpf/common/data/effects/peds/mpsum2_overlays.xml	ZONE_RIGHT_ARM	TYPE_TATTOO	GENDER_FEMALE	0.490000	0.890000	0.070000	0.085000	0.000000	MP_Sum2_Tat_046	MP_Sum2_Tat_046
MP_Sum2_Tat_047_M	mpSum2_overlays	update/x64/dlcpacks/mpsum2/dlc.rpf/common/data/effects/peds/mpsum2_overlays.xml	ZONE_RIGHT_ARM	TYPE_TATTOO	GENDER_MALE	0.500000	0.460000	0.150000	0.160000	0.000000	MP_Sum2_Tat_047	MP_Sum2_Tat_047
MP_Sum2_Tat_047_F	mpSum2_overlays	update/x64/dlcpacks/mpsum2/dlc.rpf/common/data/effects/peds/mpsum2_overlays.xml	ZONE_RIGHT_ARM	TYPE_TATTOO	GENDER_FEMALE	0.500000	0.410000	0.150000	0.160000	0.000000	MP_Sum2_Tat_047	MP_Sum2_Tat_047
MP_Sum2_Tat_048_M	mpSum2_overlays	update/x64/dlcpacks/mpsum2/dlc.rpf/common/data/effects/peds/mpsum2_overlays.xml	ZONE_RIGHT_ARM	TYPE_TATTOO	GENDER_MALE	0.540000	0.250000	0.065000	0.060000	12.960000	MP_Sum2_Tat_048	MP_Sum2_Tat_048
MP_Sum2_Tat_048_F	mpSum2_overlays	update/x64/dlcpacks/mpsum2/dlc.rpf/common/data/effects/peds/mpsum2_overlays.xml	ZONE_RIGHT_ARM	TYPE_TATTOO	GENDER_FEMALE	0.560000	0.210000	0.060000	0.050000	16.560000	MP_Sum2_Tat_048	MP_Sum2_Tat_048
MP_Sum2_Tat_049_M	mpSum2_overlays	update/x64/dlcpacks/mpsum2/dlc.rpf/common/data/effects/peds/mpsum2_overlays.xml	ZONE_LEFT_ARM	TYPE_TATTOO	GENDER_MALE	0.470000	0.635000	0.250000	0.410000	-3.500000	MP_Sum2_Tat_049	MP_Sum2_Tat_049
MP_Sum2_Tat_049_F	mpSum2_overlays	update/x64/dlcpacks/mpsum2/dlc.rpf/common/data/effects/peds/mpsum2_overlays.xml	ZONE_LEFT_ARM	TYPE_TATTOO	GENDER_FEMALE	0.470000	0.620000	0.250000	0.460000	-5.400000	MP_Sum2_Tat_049	MP_Sum2_Tat_049
MP_Sum2_Tat_050_M	mpSum2_overlays	update/x64/dlcpacks/mpsum2/dlc.rpf/common/data/effects/peds/mpsum2_overlays.xml	ZONE_RIGHT_LEG	TYPE_TATTOO	GENDER_MALE	0.770000	0.480000	0.270000	0.230000	0.000000	MP_Sum2_Tat_050	MP_Sum2_Tat_050
MP_Sum2_Tat_050_F	mpSum2_overlays	update/x64/dlcpacks/mpsum2/dlc.rpf/common/data/effects/peds/mpsum2_overlays.xml	ZONE_RIGHT_LEG	TYPE_TATTOO	GENDER_FEMALE	0.830000	0.470000	0.290000	0.240000	0.000000	MP_Sum2_Tat_050	MP_Sum2_Tat_050
MP_Sum2_Tat_051_M	mpSum2_overlays	update/x64/dlcpacks/mpsum2/dlc.rpf/common/data/effects/peds/mpsum2_overlays.xml	ZONE_RIGHT_LEG	TYPE_TATTOO	GENDER_MALE	0.450000	0.450000	0.280000	0.380000	0.000000	MP_Sum2_Tat_051	MP_Sum2_Tat_051
MP_Sum2_Tat_051_F	mpSum2_overlays	update/x64/dlcpacks/mpsum2/dlc.rpf/common/data/effects/peds/mpsum2_overlays.xml	ZONE_RIGHT_LEG	TYPE_TATTOO	GENDER_FEMALE	0.470000	0.500000	0.280000	0.400000	0.000000	MP_Sum2_Tat_051	MP_Sum2_Tat_051
MP_Sum2_Tat_052_M	mpSum2_overlays	update/x64/dlcpacks/mpsum2/dlc.rpf/common/data/effects/peds/mpsum2_overlays.xml	ZONE_RIGHT_LEG	TYPE_TATTOO	GENDER_MALE	0.500000	0.340000	0.220000	0.230000	-7.200000	MP_Sum2_Tat_052	MP_Sum2_Tat_052
MP_Sum2_Tat_052_F	mpSum2_overlays	update/x64/dlcpacks/mpsum2/dlc.rpf/common/data/effects/peds/mpsum2_overlays.xml	ZONE_RIGHT_LEG	TYPE_TATTOO	GENDER_FEMALE	0.500000	0.320000	0.220000	0.210000	-7.200000	MP_Sum2_Tat_052	MP_Sum2_Tat_052
MP_Sum2_Tat_053_M	mpSum2_overlays	update/x64/dlcpacks/mpsum2/dlc.rpf/common/data/effects/peds/mpsum2_overlays.xml	ZONE_LEFT_LEG	TYPE_TATTOO	GENDER_MALE	0.760000	0.700000	0.110000	0.170000	0.000000	MP_Sum2_Tat_053	MP_Sum2_Tat_053
MP_Sum2_Tat_053_F	mpSum2_overlays	update/x64/dlcpacks/mpsum2/dlc.rpf/common/data/effects/peds/mpsum2_overlays.xml	ZONE_LEFT_LEG	TYPE_TATTOO	GENDER_FEMALE	0.730000	0.700000	0.100000	0.160000	0.000000	MP_Sum2_Tat_053	MP_Sum2_Tat_053
MP_Sum2_Tat_054_M	mpSum2_overlays	update/x64/dlcpacks/mpsum2/dlc.rpf/common/data/effects/peds/mpsum2_overlays.xml	ZONE_LEFT_LEG	TYPE_TATTOO	GENDER_MALE	0.200000	0.380000	0.100000	0.130000	-16.560000	MP_Sum2_Tat_054	MP_Sum2_Tat_054
MP_Sum2_Tat_054_F	mpSum2_overlays	update/x64/dlcpacks/mpsum2/dlc.rpf/common/data/effects/peds/mpsum2_overlays.xml	ZONE_LEFT_LEG	TYPE_TATTOO	GENDER_FEMALE	0.180000	0.370000	0.120000	0.120000	-18.360000	MP_Sum2_Tat_054	MP_Sum2_Tat_054
MP_Sum2_Tat_055_M	mpSum2_overlays	update/x64/dlcpacks/mpsum2/dlc.rpf/common/data/effects/peds/mpsum2_overlays.xml	ZONE_LEFT_LEG	TYPE_TATTOO	GENDER_MALE	0.470000	0.330000	0.110000	0.150000	0.000000	MP_Sum2_Tat_055	MP_Sum2_Tat_055
MP_Sum2_Tat_055_F	mpSum2_overlays	update/x64/dlcpacks/mpsum2/dlc.rpf/common/data/effects/peds/mpsum2_overlays.xml	ZONE_LEFT_LEG	TYPE_TATTOO	GENDER_FEMALE	0.500000	0.330000	0.120000	0.140000	0.000000	MP_Sum2_Tat_055	MP_Sum2_Tat_055
MP_Sum2_Tat_056_M	mpSum2_overlays	update/x64/dlcpacks/mpsum2/dlc.rpf/common/data/effects/peds/mpsum2_overlays.xml	ZONE_LEFT_LEG	TYPE_TATTOO	GENDER_MALE	0.770000	0.320000	0.330000	0.210000	-5.400000	MP_Sum2_Tat_056	MP_Sum2_Tat_056
MP_Sum2_Tat_056_F	mpSum2_overlays	update/x64/dlcpacks/mpsum2/dlc.rpf/common/data/effects/peds/mpsum2_overlays.xml	ZONE_LEFT_LEG	TYPE_TATTOO	GENDER_FEMALE	0.740000	0.320000	0.350000	0.230000	-5.400000	MP_Sum2_Tat_056	MP_Sum2_Tat_056
MP_Sum2_Tat_057_M	mpSum2_overlays	update/x64/dlcpacks/mpsum2/dlc.rpf/common/data/effects/peds/mpsum2_overlays.xml	ZONE_TORSO	TYPE_TATTOO	GENDER_MALE	0.230000	0.570000	0.350000	0.420000	0.000000	MP_Sum2_Tat_057	MP_Sum2_Tat_057
MP_Sum2_Tat_057_F	mpSum2_overlays	update/x64/dlcpacks/mpsum2/dlc.rpf/common/data/effects/peds/mpsum2_overlays.xml	ZONE_TORSO	TYPE_TATTOO	GENDER_FEMALE	0.230000	0.620000	0.390000	0.330000	0.000000	MP_Sum2_Tat_057	MP_Sum2_Tat_057
MP_Sum2_Tat_058_M	mpSum2_overlays	update/x64/dlcpacks/mpsum2/dlc.rpf/common/data/effects/peds/mpsum2_overlays.xml	ZONE_TORSO	TYPE_TATTOO	GENDER_MALE	0.730000	0.580000	0.260000	0.350000	0.000000	MP_Sum2_Tat_058	MP_Sum2_Tat_058
MP_Sum2_Tat_058_F	mpSum2_overlays	update/x64/dlcpacks/mpsum2/dlc.rpf/common/data/effects/peds/mpsum2_overlays.xml	ZONE_TORSO	TYPE_TATTOO	GENDER_FEMALE	0.740000	0.630000	0.260000	0.300000	0.000000	MP_Sum2_Tat_058	MP_Sum2_Tat_058
MP_Sum2_Tat_059_M	mpSum2_overlays	update/x64/dlcpacks/mpsum2/dlc.rpf/common/data/effects/peds/mpsum2_overlays.xml	ZONE_TORSO	TYPE_TATTOO	GENDER_MALE	0.640000	0.600000	0.160000	0.170000	0.000000	MP_Sum2_Tat_059	MP_Sum2_Tat_059
MP_Sum2_Tat_059_F	mpSum2_overlays	update/x64/dlcpacks/mpsum2/dlc.rpf/common/data/effects/peds/mpsum2_overlays.xml	ZONE_TORSO	TYPE_TATTOO	GENDER_FEMALE	0.660000	0.630000	0.180000	0.145000	0.000000	MP_Sum2_Tat_059	MP_Sum2_Tat_059
MP_Sum2_Tat_060_M	mpSum2_overlays	update/x64/dlcpacks/mpsum2/dlc.rpf/common/data/effects/peds/mpsum2_overlays.xml	ZONE_TORSO	TYPE_TATTOO	GENDER_MALE	0.725000	0.330000	0.250000	0.240000	0.000000	MP_Sum2_Tat_060	MP_Sum2_Tat_060
MP_Sum2_Tat_060_F	mpSum2_overlays	update/x64/dlcpacks/mpsum2/dlc.rpf/common/data/effects/peds/mpsum2_overlays.xml	ZONE_TORSO	TYPE_TATTOO	GENDER_FEMALE	0.725000	0.385000	0.270000	0.200000	0.000000	MP_Sum2_Tat_060	MP_Sum2_Tat_060
MP_Sum2_Tat_061_M	mpSum2_overlays	update/x64/dlcpacks/mpsum2/dlc.rpf/common/data/effects/peds/mpsum2_overlays.xml	ZONE_TORSO	TYPE_TATTOO	GENDER_MALE	0.860000	0.310000	0.170000	0.200000	0.000000	MP_Sum2_Tat_061	MP_Sum2_Tat_061
MP_Sum2_Tat_061_F	mpSum2_overlays	update/x64/dlcpacks/mpsum2/dlc.rpf/common/data/effects/peds/mpsum2_overlays.xml	ZONE_TORSO	TYPE_TATTOO	GENDER_FEMALE	0.870000	0.395000	0.170000	0.125000	0.000000	MP_Sum2_Tat_061	MP_Sum2_Tat_061
MP_Sum2_Tat_062_M	mpSum2_overlays	update/x64/dlcpacks/mpsum2/dlc.rpf/common/data/effects/peds/mpsum2_overlays.xml	ZONE_TORSO	TYPE_TATTOO	GENDER_MALE	0.725000	0.315000	0.280000	0.280000	0.000000	MP_Sum2_Tat_062	MP_Sum2_Tat_062
MP_Sum2_Tat_062_F	mpSum2_overlays	update/x64/dlcpacks/mpsum2/dlc.rpf/common/data/effects/peds/mpsum2_overlays.xml	ZONE_TORSO	TYPE_TATTOO	GENDER_FEMALE	0.730000	0.365000	0.320000	0.220000	0.000000	MP_Sum2_Tat_062	MP_Sum2_Tat_062
mpSum_Tee_000_M	mpSum_overlays	update/x64/dlcpacks/mpsum/dlc.rpf/common/data/effects/peds/mpsum_overlays.xml	ZONE_TORSO	TYPE_BADGE	GENDER_MALE	0.737000	0.665000	0.150000	0.150000	0.000000	MP_Sum_Tee_000	MP_Sum_Tee_000
mpSum_Tee_000_F	mpSum_overlays	update/x64/dlcpacks/mpsum/dlc.rpf/common/data/effects/peds/mpsum_overlays.xml	ZONE_TORSO	TYPE_BADGE	GENDER_FEMALE	0.735000	0.650000	0.130000	0.130000	0.000000	MP_Sum_Tee_000	MP_Sum_Tee_000
mpSum_Tee_001_M	mpSum_overlays	update/x64/dlcpacks/mpsum/dlc.rpf/common/data/effects/peds/mpsum_overlays.xml	ZONE_TORSO	TYPE_BADGE	GENDER_MALE	0.737000	0.665000	0.150000	0.150000	0.000000	MP_Sum_Tee_001	MP_Sum_Tee_001
mpSum_Tee_001_F	mpSum_overlays	update/x64/dlcpacks/mpsum/dlc.rpf/common/data/effects/peds/mpsum_overlays.xml	ZONE_TORSO	TYPE_BADGE	GENDER_FEMALE	0.735000	0.650000	0.130000	0.130000	0.000000	MP_Sum_Tee_001	MP_Sum_Tee_001
mpSum_Tee_002_M	mpSum_overlays	update/x64/dlcpacks/mpsum/dlc.rpf/common/data/effects/peds/mpsum_overlays.xml	ZONE_TORSO	TYPE_BADGE	GENDER_MALE	0.737000	0.665000	0.150000	0.150000	0.000000	MP_Sum_Tee_002	MP_Sum_Tee_002
mpSum_Tee_002_F	mpSum_overlays	update/x64/dlcpacks/mpsum/dlc.rpf/common/data/effects/peds/mpsum_overlays.xml	ZONE_TORSO	TYPE_BADGE	GENDER_FEMALE	0.735000	0.650000	0.130000	0.130000	0.000000	MP_Sum_Tee_002	MP_Sum_Tee_002
mpSum_Tee_003_M	mpSum_overlays	update/x64/dlcpacks/mpsum/dlc.rpf/common/data/effects/peds/mpsum_overlays.xml	ZONE_TORSO	TYPE_BADGE	GENDER_MALE	0.737000	0.665000	0.150000	0.150000	0.000000	MP_Sum_Tee_003	MP_Sum_Tee_003
mpSum_Tee_003_F	mpSum_overlays	update/x64/dlcpacks/mpsum/dlc.rpf/common/data/effects/peds/mpsum_overlays.xml	ZONE_TORSO	TYPE_BADGE	GENDER_FEMALE	0.735000	0.650000	0.130000	0.130000	0.000000	MP_Sum_Tee_003	MP_Sum_Tee_003
mpSum_Tee_004_M	mpSum_overlays	update/x64/dlcpacks/mpsum/dlc.rpf/common/data/effects/peds/mpsum_overlays.xml	ZONE_TORSO	TYPE_BADGE	GENDER_MALE	0.737000	0.665000	0.150000	0.150000	0.000000	MP_Sum_Tee_004	MP_Sum_Tee_004
mpSum_Tee_004_F	mpSum_overlays	update/x64/dlcpacks/mpsum/dlc.rpf/common/data/effects/peds/mpsum_overlays.xml	ZONE_TORSO	TYPE_BADGE	GENDER_FEMALE	0.735000	0.650000	0.130000	0.130000	0.000000	MP_Sum_Tee_004	MP_Sum_Tee_004
mpSum_Tee_005_M	mpSum_overlays	update/x64/dlcpacks/mpsum/dlc.rpf/common/data/effects/peds/mpsum_overlays.xml	ZONE_TORSO	TYPE_BADGE	GENDER_MALE	0.737000	0.665000	0.150000	0.150000	0.000000	MP_Sum_Tee_005	MP_Sum_Tee_005
mpSum_Tee_005_F	mpSum_overlays	update/x64/dlcpacks/mpsum/dlc.rpf/common/data/effects/peds/mpsum_overlays.xml	ZONE_TORSO	TYPE_BADGE	GENDER_FEMALE	0.735000	0.650000	0.130000	0.130000	0.000000	MP_Sum_Tee_005	MP_Sum_Tee_005
mpSum_Tee_006_M	mpSum_overlays	update/x64/dlcpacks/mpsum/dlc.rpf/common/data/effects/peds/mpsum_overlays.xml	ZONE_TORSO	TYPE_BADGE	GENDER_MALE	0.737000	0.665000	0.150000	0.150000	0.000000	MP_Sum_Tee_006	MP_Sum_Tee_006
mpSum_Tee_006_F	mpSum_overlays	update/x64/dlcpacks/mpsum/dlc.rpf/common/data/effects/peds/mpsum_overlays.xml	ZONE_TORSO	TYPE_BADGE	GENDER_FEMALE	0.735000	0.650000	0.130000	0.130000	0.000000	MP_Sum_Tee_006	MP_Sum_Tee_006
mpSum_Tee_007_M	mpSum_overlays	update/x64/dlcpacks/mpsum/dlc.rpf/common/data/effects/peds/mpsum_overlays.xml	ZONE_TORSO	TYPE_BADGE	GENDER_MALE	0.737000	0.665000	0.150000	0.150000	0.000000	MP_Sum_Tee_007	MP_Sum_Tee_007
mpSum_Tee_007_F	mpSum_overlays	update/x64/dlcpacks/mpsum/dlc.rpf/common/data/effects/peds/mpsum_overlays.xml	ZONE_TORSO	TYPE_BADGE	GENDER_FEMALE	0.735000	0.650000	0.130000	0.130000	0.000000	MP_Sum_Tee_007	MP_Sum_Tee_007
mpSum_Tee_008_M	mpSum_overlays	update/x64/dlcpacks/mpsum/dlc.rpf/common/data/effects/peds/mpsum_overlays.xml	ZONE_TORSO	TYPE_BADGE	GENDER_MALE	0.737000	0.665000	0.150000	0.150000	0.000000	MP_Sum_Tee_008	MP_Sum_Tee_008
mpSum_Tee_008_F	mpSum_overlays	update/x64/dlcpacks/mpsum/dlc.rpf/common/data/effects/peds/mpsum_overlays.xml	ZONE_TORSO	TYPE_BADGE	GENDER_FEMALE	0.735000	0.650000	0.130000	0.130000	0.000000	MP_Sum_Tee_008	MP_Sum_Tee_008
mpSum_Tee_009_M	mpSum_overlays	update/x64/dlcpacks/mpsum/dlc.rpf/common/data/effects/peds/mpsum_overlays.xml	ZONE_TORSO	TYPE_BADGE	GENDER_MALE	0.737000	0.665000	0.150000	0.150000	0.000000	MP_Sum_Tee_009	MP_Sum_Tee_009
mpSum_Tee_009_F	mpSum_overlays	update/x64/dlcpacks/mpsum/dlc.rpf/common/data/effects/peds/mpsum_overlays.xml	ZONE_TORSO	TYPE_BADGE	GENDER_FEMALE	0.735000	0.650000	0.130000	0.130000	0.000000	MP_Sum_Tee_009	MP_Sum_Tee_009
mpSum_Tee_010_M	mpSum_overlays	update/x64/dlcpacks/mpsum/dlc.rpf/common/data/effects/peds/mpsum_overlays.xml	ZONE_TORSO	TYPE_BADGE	GENDER_MALE	0.737000	0.665000	0.150000	0.150000	0.000000	MP_Sum_Tee_010	MP_Sum_Tee_010
mpSum_Tee_010_F	mpSum_overlays	update/x64/dlcpacks/mpsum/dlc.rpf/common/data/effects/peds/mpsum_overlays.xml	ZONE_TORSO	TYPE_BADGE	GENDER_FEMALE	0.735000	0.650000	0.130000	0.130000	0.000000	MP_Sum_Tee_010	MP_Sum_Tee_010
mpSum_Tee_011_M	mpSum_overlays	update/x64/dlcpacks/mpsum/dlc.rpf/common/data/effects/peds/mpsum_overlays.xml	ZONE_TORSO	TYPE_BADGE	GENDER_MALE	0.737000	0.665000	0.150000	0.150000	0.000000	MP_Sum_Tee_011	MP_Sum_Tee_011
mpSum_Tee_011_F	mpSum_overlays	update/x64/dlcpacks/mpsum/dlc.rpf/common/data/effects/peds/mpsum_overlays.xml	ZONE_TORSO	TYPE_BADGE	GENDER_FEMALE	0.735000	0.650000	0.130000	0.130000	0.000000	MP_Sum_Tee_011	MP_Sum_Tee_011
mpSum_Tee_012_M	mpSum_overlays	update/x64/dlcpacks/mpsum/dlc.rpf/common/data/effects/peds/mpsum_overlays.xml	ZONE_TORSO	TYPE_BADGE	GENDER_MALE	0.737000	0.665000	0.150000	0.150000	0.000000	MP_Sum_Tee_012	MP_Sum_Tee_012
mpSum_Tee_012_F	mpSum_overlays	update/x64/dlcpacks/mpsum/dlc.rpf/common/data/effects/peds/mpsum_overlays.xml	ZONE_TORSO	TYPE_BADGE	GENDER_FEMALE	0.735000	0.650000	0.130000	0.130000	0.000000	MP_Sum_Tee_012	MP_Sum_Tee_012
mpSum_Tee_013_M	mpSum_overlays	update/x64/dlcpacks/mpsum/dlc.rpf/common/data/effects/peds/mpsum_overlays.xml	ZONE_TORSO	TYPE_BADGE	GENDER_MALE	0.737000	0.665000	0.150000	0.150000	0.000000	MP_Sum_Tee_013	MP_Sum_Tee_013
mpSum_Tee_013_F	mpSum_overlays	update/x64/dlcpacks/mpsum/dlc.rpf/common/data/effects/peds/mpsum_overlays.xml	ZONE_TORSO	TYPE_BADGE	GENDER_FEMALE	0.735000	0.650000	0.130000	0.130000	0.000000	MP_Sum_Tee_013	MP_Sum_Tee_013
mpSum_Tee_014_M	mpSum_overlays	update/x64/dlcpacks/mpsum/dlc.rpf/common/data/effects/peds/mpsum_overlays.xml	ZONE_TORSO	TYPE_BADGE	GENDER_MALE	0.737000	0.665000	0.150000	0.150000	0.000000	MP_Sum_Tee_014	MP_Sum_Tee_014
mpSum_Tee_014_F	mpSum_overlays	update/x64/dlcpacks/mpsum/dlc.rpf/common/data/effects/peds/mpsum_overlays.xml	ZONE_TORSO	TYPE_BADGE	GENDER_FEMALE	0.735000	0.650000	0.130000	0.130000	0.000000	MP_Sum_Tee_014	MP_Sum_Tee_014
mpSum_Tee_015_M	mpSum_overlays	update/x64/dlcpacks/mpsum/dlc.rpf/common/data/effects/peds/mpsum_overlays.xml	ZONE_TORSO	TYPE_BADGE	GENDER_MALE	0.737000	0.665000	0.150000	0.150000	0.000000	MP_Sum_Tee_015	MP_Sum_Tee_015
mpSum_Tee_015_F	mpSum_overlays	update/x64/dlcpacks/mpsum/dlc.rpf/common/data/effects/peds/mpsum_overlays.xml	ZONE_TORSO	TYPE_BADGE	GENDER_FEMALE	0.735000	0.650000	0.130000	0.130000	0.000000	MP_Sum_Tee_015	MP_Sum_Tee_015
mpSum_Tee_016_M	mpSum_overlays	update/x64/dlcpacks/mpsum/dlc.rpf/common/data/effects/peds/mpsum_overlays.xml	ZONE_TORSO	TYPE_BADGE	GENDER_MALE	0.737000	0.665000	0.150000	0.150000	0.000000	MP_Sum_Tee_016	MP_Sum_Tee_016
mpSum_Tee_016_F	mpSum_overlays	update/x64/dlcpacks/mpsum/dlc.rpf/common/data/effects/peds/mpsum_overlays.xml	ZONE_TORSO	TYPE_BADGE	GENDER_FEMALE	0.735000	0.650000	0.130000	0.130000	0.000000	MP_Sum_Tee_016	MP_Sum_Tee_016
mpSum_Tee_017_M	mpSum_overlays	update/x64/dlcpacks/mpsum/dlc.rpf/common/data/effects/peds/mpsum_overlays.xml	ZONE_TORSO	TYPE_BADGE	GENDER_MALE	0.737000	0.665000	0.150000	0.150000	0.000000	MP_Sum_Tee_017	MP_Sum_Tee_017
mpSum_Tee_017_F	mpSum_overlays	update/x64/dlcpacks/mpsum/dlc.rpf/common/data/effects/peds/mpsum_overlays.xml	ZONE_TORSO	TYPE_BADGE	GENDER_FEMALE	0.735000	0.650000	0.130000	0.130000	0.000000	MP_Sum_Tee_017	MP_Sum_Tee_017
mpSum_Tee_018_M	mpSum_overlays	update/x64/dlcpacks/mpsum/dlc.rpf/common/data/effects/peds/mpsum_overlays.xml	ZONE_TORSO	TYPE_BADGE	GENDER_MALE	0.737000	0.665000	0.150000	0.150000	0.000000	MP_Sum_Tee_018	MP_Sum_Tee_018
mpSum_Tee_018_F	mpSum_overlays	update/x64/dlcpacks/mpsum/dlc.rpf/common/data/effects/peds/mpsum_overlays.xml	ZONE_TORSO	TYPE_BADGE	GENDER_FEMALE	0.735000	0.650000	0.130000	0.130000	0.000000	MP_Sum_Tee_018	MP_Sum_Tee_018
mpSum_Tee_019_M	mpSum_overlays	update/x64/dlcpacks/mpsum/dlc.rpf/common/data/effects/peds/mpsum_overlays.xml	ZONE_TORSO	TYPE_BADGE	GENDER_MALE	0.737000	0.665000	0.150000	0.150000	0.000000	MP_Sum_Tee_019	MP_Sum_Tee_019
mpSum_Tee_019_F	mpSum_overlays	update/x64/dlcpacks/mpsum/dlc.rpf/common/data/effects/peds/mpsum_overlays.xml	ZONE_TORSO	TYPE_BADGE	GENDER_FEMALE	0.735000	0.650000	0.130000	0.130000	0.000000	MP_Sum_Tee_019	MP_Sum_Tee_019
mpSum_Tee_020_M	mpSum_overlays	update/x64/dlcpacks/mpsum/dlc.rpf/common/data/effects/peds/mpsum_overlays.xml	ZONE_TORSO	TYPE_BADGE	GENDER_MALE	0.737000	0.665000	0.150000	0.150000	0.000000	MP_Sum_Tee_020	MP_Sum_Tee_020
mpSum_Tee_020_F	mpSum_overlays	update/x64/dlcpacks/mpsum/dlc.rpf/common/data/effects/peds/mpsum_overlays.xml	ZONE_TORSO	TYPE_BADGE	GENDER_FEMALE	0.735000	0.650000	0.130000	0.130000	0.000000	MP_Sum_Tee_020	MP_Sum_Tee_020
mpSum_Tee_021_M	mpSum_overlays	update/x64/dlcpacks/mpsum/dlc.rpf/common/data/effects/peds/mpsum_overlays.xml	ZONE_TORSO	TYPE_BADGE	GENDER_MALE	0.737000	0.665000	0.150000	0.150000	0.000000	MP_Sum_Tee_021	MP_Sum_Tee_021
mpSum_Tee_021_F	mpSum_overlays	update/x64/dlcpacks/mpsum/dlc.rpf/common/data/effects/peds/mpsum_overlays.xml	ZONE_TORSO	TYPE_BADGE	GENDER_FEMALE	0.735000	0.650000	0.130000	0.130000	0.000000	MP_Sum_Tee_021	MP_Sum_Tee_021
mpSum_Tee_022_M	mpSum_overlays	update/x64/dlcpacks/mpsum/dlc.rpf/common/data/effects/peds/mpsum_overlays.xml	ZONE_TORSO	TYPE_BADGE	GENDER_MALE	0.737000	0.665000	0.150000	0.150000	0.000000	MP_Sum_Tee_022	MP_Sum_Tee_022
mpSum_Tee_022_F	mpSum_overlays	update/x64/dlcpacks/mpsum/dlc.rpf/common/data/effects/peds/mpsum_overlays.xml	ZONE_TORSO	TYPE_BADGE	GENDER_FEMALE	0.735000	0.650000	0.130000	0.130000	0.000000	MP_Sum_Tee_022	MP_Sum_Tee_022
mpSum_Tee_023_M	mpSum_overlays	update/x64/dlcpacks/mpsum/dlc.rpf/common/data/effects/peds/mpsum_overlays.xml	ZONE_TORSO	TYPE_BADGE	GENDER_MALE	0.737000	0.665000	0.150000	0.150000	0.000000	MP_Sum_Tee_023	MP_Sum_Tee_023
mpSum_Tee_023_F	mpSum_overlays	update/x64/dlcpacks/mpsum/dlc.rpf/common/data/effects/peds/mpsum_overlays.xml	ZONE_TORSO	TYPE_BADGE	GENDER_FEMALE	0.735000	0.650000	0.130000	0.130000	0.000000	MP_Sum_Tee_023	MP_Sum_Tee_023
mpSum_Tee_024_M	mpSum_overlays	update/x64/dlcpacks/mpsum/dlc.rpf/common/data/effects/peds/mpsum_overlays.xml	ZONE_TORSO	TYPE_BADGE	GENDER_MALE	0.737000	0.665000	0.150000	0.150000	0.000000	MP_Sum_Tee_024	MP_Sum_Tee_024
mpSum_Tee_024_F	mpSum_overlays	update/x64/dlcpacks/mpsum/dlc.rpf/common/data/effects/peds/mpsum_overlays.xml	ZONE_TORSO	TYPE_BADGE	GENDER_FEMALE	0.735000	0.650000	0.130000	0.130000	0.000000	MP_Sum_Tee_024	MP_Sum_Tee_024
mpSum_Tee_025_M	mpSum_overlays	update/x64/dlcpacks/mpsum/dlc.rpf/common/data/effects/peds/mpsum_overlays.xml	ZONE_TORSO	TYPE_BADGE	GENDER_MALE	0.737000	0.665000	0.150000	0.150000	0.000000	MP_Sum_Tee_025	MP_Sum_Tee_025
mpSum_Tee_025_F	mpSum_overlays	update/x64/dlcpacks/mpsum/dlc.rpf/common/data/effects/peds/mpsum_overlays.xml	ZONE_TORSO	TYPE_BADGE	GENDER_FEMALE	0.735000	0.650000	0.130000	0.130000	0.000000	MP_Sum_Tee_025	MP_Sum_Tee_025
mpSum_Tee_026_M	mpSum_overlays	update/x64/dlcpacks/mpsum/dlc.rpf/common/data/effects/peds/mpsum_overlays.xml	ZONE_TORSO	TYPE_BADGE	GENDER_MALE	0.737000	0.665000	0.150000	0.150000	0.000000	MP_Sum_Tee_026	MP_Sum_Tee_026
mpSum_Tee_026_F	mpSum_overlays	update/x64/dlcpacks/mpsum/dlc.rpf/common/data/effects/peds/mpsum_overlays.xml	ZONE_TORSO	TYPE_BADGE	GENDER_FEMALE	0.735000	0.650000	0.130000	0.130000	0.000000	MP_Sum_Tee_026	MP_Sum_Tee_026
mpSum_Tee_027_M	mpSum_overlays	update/x64/dlcpacks/mpsum/dlc.rpf/common/data/effects/peds/mpsum_overlays.xml	ZONE_TORSO	TYPE_BADGE	GENDER_MALE	0.737000	0.665000	0.150000	0.150000	0.000000	MP_Sum_Tee_027	MP_Sum_Tee_027
mpSum_Tee_027_F	mpSum_overlays	update/x64/dlcpacks/mpsum/dlc.rpf/common/data/effects/peds/mpsum_overlays.xml	ZONE_TORSO	TYPE_BADGE	GENDER_FEMALE	0.735000	0.650000	0.130000	0.130000	0.000000	MP_Sum_Tee_027	MP_Sum_Tee_027
mpSum_Tee_028_M	mpSum_overlays	update/x64/dlcpacks/mpsum/dlc.rpf/common/data/effects/peds/mpsum_overlays.xml	ZONE_TORSO	TYPE_BADGE	GENDER_MALE	0.737000	0.665000	0.150000	0.150000	0.000000	MP_Sum_Tee_028	MP_Sum_Tee_028
mpSum_Tee_028_F	mpSum_overlays	update/x64/dlcpacks/mpsum/dlc.rpf/common/data/effects/peds/mpsum_overlays.xml	ZONE_TORSO	TYPE_BADGE	GENDER_FEMALE	0.735000	0.650000	0.130000	0.130000	0.000000	MP_Sum_Tee_028	MP_Sum_Tee_028
mpSum_Tee_029_M	mpSum_overlays	update/x64/dlcpacks/mpsum/dlc.rpf/common/data/effects/peds/mpsum_overlays.xml	ZONE_TORSO	TYPE_BADGE	GENDER_MALE	0.737000	0.665000	0.150000	0.150000	0.000000	MP_Sum_Tee_029	MP_Sum_Tee_029
mpSum_Tee_029_F	mpSum_overlays	update/x64/dlcpacks/mpsum/dlc.rpf/common/data/effects/peds/mpsum_overlays.xml	ZONE_TORSO	TYPE_BADGE	GENDER_FEMALE	0.735000	0.650000	0.130000	0.130000	0.000000	MP_Sum_Tee_029	MP_Sum_Tee_029
mpSum_Tee_030_M	mpSum_overlays	update/x64/dlcpacks/mpsum/dlc.rpf/common/data/effects/peds/mpsum_overlays.xml	ZONE_TORSO	TYPE_BADGE	GENDER_MALE	0.737000	0.700000	0.160000	0.160000	0.000000	MP_Sum_Tee_030	MP_Sum_Tee_030
mpSum_Tee_030_F	mpSum_overlays	update/x64/dlcpacks/mpsum/dlc.rpf/common/data/effects/peds/mpsum_overlays.xml	ZONE_TORSO	TYPE_BADGE	GENDER_FEMALE	0.735000	0.690000	0.160000	0.150000	0.000000	MP_Sum_Tee_030	MP_Sum_Tee_030
mpSum_Tee_031_M	mpSum_overlays	update/x64/dlcpacks/mpsum/dlc.rpf/common/data/effects/peds/mpsum_overlays.xml	ZONE_TORSO	TYPE_BADGE	GENDER_MALE	0.737000	0.690000	0.160000	0.160000	0.000000	MP_Sum_Tee_031	MP_Sum_Tee_031
mpSum_Tee_031_F	mpSum_overlays	update/x64/dlcpacks/mpsum/dlc.rpf/common/data/effects/peds/mpsum_overlays.xml	ZONE_TORSO	TYPE_BADGE	GENDER_FEMALE	0.735000	0.670000	0.150000	0.150000	0.000000	MP_Sum_Tee_031	MP_Sum_Tee_031
mpSum_Tee_032_M	mpSum_overlays	update/x64/dlcpacks/mpsum/dlc.rpf/common/data/effects/peds/mpsum_overlays.xml	ZONE_TORSO	TYPE_BADGE	GENDER_MALE	0.737000	0.620000	0.230000	0.230000	0.000000	MP_Sum_Tee_032	MP_Sum_Tee_032
mpSum_Tee_032_F	mpSum_overlays	update/x64/dlcpacks/mpsum/dlc.rpf/common/data/effects/peds/mpsum_overlays.xml	ZONE_TORSO	TYPE_BADGE	GENDER_FEMALE	0.735000	0.620000	0.240000	0.200000	0.000000	MP_Sum_Tee_032	MP_Sum_Tee_032
mpSum_Tee_033_M	mpSum_overlays	update/x64/dlcpacks/mpsum/dlc.rpf/common/data/effects/peds/mpsum_overlays.xml	ZONE_TORSO	TYPE_BADGE	GENDER_MALE	0.737000	0.575000	0.270000	0.270000	0.000000	MP_Sum_Tee_033	MP_Sum_Tee_033
mpSum_Tee_033_F	mpSum_overlays	update/x64/dlcpacks/mpsum/dlc.rpf/common/data/effects/peds/mpsum_overlays.xml	ZONE_TORSO	TYPE_BADGE	GENDER_FEMALE	0.737000	0.590000	0.260000	0.230000	0.000000	MP_Sum_Tee_033	MP_Sum_Tee_033
mpSum_Tee_034_M	mpSum_overlays	update/x64/dlcpacks/mpsum/dlc.rpf/common/data/effects/peds/mpsum_overlays.xml	ZONE_TORSO	TYPE_BADGE	GENDER_MALE	0.737000	0.610000	0.180000	0.180000	0.000000	MP_Sum_Tee_034	MP_Sum_Tee_034
mpSum_Tee_034_F	mpSum_overlays	update/x64/dlcpacks/mpsum/dlc.rpf/common/data/effects/peds/mpsum_overlays.xml	ZONE_TORSO	TYPE_BADGE	GENDER_FEMALE	0.735000	0.610000	0.180000	0.160000	0.000000	MP_Sum_Tee_034	MP_Sum_Tee_034
MP_Tuner_Hair_000_F	mpTuner_overlays	update/x64/dlcpacks/mptuner/dlc.rpf/common/data/effects/peds/mptuner_overlays.xml	ZONE_HEAD	TYPE_TATTOO	GENDER_FEMALE	0.500000	0.500000	0.600000	0.500000	0.000000	MP_Tuner_Hair_000	MP_Tuner_Hair_000
MP_Tuner_Hair_001_M	mpTuner_overlays	update/x64/dlcpacks/mptuner/dlc.rpf/common/data/effects/peds/mptuner_overlays.xml	ZONE_HEAD	TYPE_TATTOO	GENDER_MALE	0.500000	0.500000	0.600000	0.500000	0.000000	MP_Tuner_Hair_001	MP_Tuner_Hair_001
MP_Tuner_Tee_000_M	mpTuner_overlays	update/x64/dlcpacks/mptuner/dlc.rpf/common/data/effects/peds/mptuner_overlays.xml	ZONE_TORSO	TYPE_BADGE	GENDER_MALE	0.737000	0.700000	0.175000	0.190000	0.000000	MP_Tuner_Tee_000	MP_Tuner_Tee_000
MP_Tuner_Tee_000_F	mpTuner_overlays	update/x64/dlcpacks/mptuner/dlc.rpf/common/data/effects/peds/mptuner_overlays.xml	ZONE_TORSO	TYPE_BADGE	GENDER_FEMALE	0.735000	0.650000	0.160000	0.160000	0.000000	MP_Tuner_Tee_000	MP_Tuner_Tee_000
MP_Tuner_Tee_001_M	mpTuner_overlays	update/x64/dlcpacks/mptuner/dlc.rpf/common/data/effects/peds/mptuner_overlays.xml	ZONE_TORSO	TYPE_BADGE	GENDER_MALE	1.237000	0.700000	0.170000	0.190000	0.000000	MP_Tuner_Tee_001	MP_Tuner_Tee_001
MP_Tuner_Tee_001_F	mpTuner_overlays	update/x64/dlcpacks/mptuner/dlc.rpf/common/data/effects/peds/mptuner_overlays.xml	ZONE_TORSO	TYPE_BADGE	GENDER_FEMALE	1.235000	0.720000	0.160000	0.160000	0.000000	MP_Tuner_Tee_001	MP_Tuner_Tee_001
MP_Tuner_Tee_002_M	mpTuner_overlays	update/x64/dlcpacks/mptuner/dlc.rpf/common/data/effects/peds/mptuner_overlays.xml	ZONE_TORSO	TYPE_BADGE	GENDER_MALE	0.737000	0.700000	0.230000	0.230000	0.000000	MP_Tuner_Tee_002	MP_Tuner_Tee_002
MP_Tuner_Tee_002_F	mpTuner_overlays	update/x64/dlcpacks/mptuner/dlc.rpf/common/data/effects/peds/mptuner_overlays.xml	ZONE_TORSO	TYPE_BADGE	GENDER_FEMALE	0.730000	0.680000	0.190000	0.180000	0.000000	MP_Tuner_Tee_002	MP_Tuner_Tee_002
MP_Tuner_Tee_003_M	mpTuner_overlays	update/x64/dlcpacks/mptuner/dlc.rpf/common/data/effects/peds/mptuner_overlays.xml	ZONE_TORSO	TYPE_BADGE	GENDER_MALE	0.737000	0.665000	0.190000	0.190000	0.000000	MP_Tuner_Tee_003	MP_Tuner_Tee_003
MP_Tuner_Tee_003_F	mpTuner_overlays	update/x64/dlcpacks/mptuner/dlc.rpf/common/data/effects/peds/mptuner_overlays.xml	ZONE_TORSO	TYPE_BADGE	GENDER_FEMALE	0.735000	0.660000	0.190000	0.160000	0.000000	MP_Tuner_Tee_003	MP_Tuner_Tee_003
MP_Tuner_Tee_004_M	mpTuner_overlays	update/x64/dlcpacks/mptuner/dlc.rpf/common/data/effects/peds/mptuner_overlays.xml	ZONE_TORSO	TYPE_BADGE	GENDER_MALE	1.237000	0.700000	0.190000	0.190000	0.000000	MP_Tuner_Tee_004	MP_Tuner_Tee_004
MP_Tuner_Tee_004_F	mpTuner_overlays	update/x64/dlcpacks/mptuner/dlc.rpf/common/data/effects/peds/mptuner_overlays.xml	ZONE_TORSO	TYPE_BADGE	GENDER_FEMALE	1.235000	0.720000	0.160000	0.160000	0.000000	MP_Tuner_Tee_004	MP_Tuner_Tee_004
MP_Tuner_Tee_005_M	mpTuner_overlays	update/x64/dlcpacks/mptuner/dlc.rpf/common/data/effects/peds/mptuner_overlays.xml	ZONE_TORSO	TYPE_BADGE	GENDER_MALE	0.737000	0.665000	0.220000	0.210000	0.000000	MP_Tuner_Tee_005	MP_Tuner_Tee_005
MP_Tuner_Tee_005_F	mpTuner_overlays	update/x64/dlcpacks/mptuner/dlc.rpf/common/data/effects/peds/mptuner_overlays.xml	ZONE_TORSO	TYPE_BADGE	GENDER_FEMALE	0.735000	0.660000	0.180000	0.170000	0.000000	MP_Tuner_Tee_005	MP_Tuner_Tee_005
MP_Tuner_Tee_006_M	mpTuner_overlays	update/x64/dlcpacks/mptuner/dlc.rpf/common/data/effects/peds/mptuner_overlays.xml	ZONE_TORSO	TYPE_BADGE	GENDER_MALE	0.737000	0.580000	0.200000	0.190000	0.000000	MP_Tuner_Tee_006	MP_Tuner_Tee_006
MP_Tuner_Tee_006_F	mpTuner_overlays	update/x64/dlcpacks/mptuner/dlc.rpf/common/data/effects/peds/mptuner_overlays.xml	ZONE_TORSO	TYPE_BADGE	GENDER_FEMALE	0.735000	0.650000	0.150000	0.130000	0.000000	MP_Tuner_Tee_006	MP_Tuner_Tee_006
MP_Tuner_Tee_007_M	mpTuner_overlays	update/x64/dlcpacks/mptuner/dlc.rpf/common/data/effects/peds/mptuner_overlays.xml	ZONE_TORSO	TYPE_BADGE	GENDER_MALE	1.237000	0.880000	0.150000	0.120000	0.000000	MP_Tuner_Tee_007	MP_Tuner_Tee_007
MP_Tuner_Tee_007_F	mpTuner_overlays	update/x64/dlcpacks/mptuner/dlc.rpf/common/data/effects/peds/mptuner_overlays.xml	ZONE_TORSO	TYPE_BADGE	GENDER_FEMALE	1.225000	0.870000	0.110000	0.110000	0.000000	MP_Tuner_Tee_007	MP_Tuner_Tee_007
MP_Tuner_Tee_008_M	mpTuner_overlays	update/x64/dlcpacks/mptuner/dlc.rpf/common/data/effects/peds/mptuner_overlays.xml	ZONE_TORSO	TYPE_BADGE	GENDER_MALE	0.737000	0.680000	0.110000	0.110000	0.000000	MP_Tuner_Tee_008	MP_Tuner_Tee_008
MP_Tuner_Tee_008_F	mpTuner_overlays	update/x64/dlcpacks/mptuner/dlc.rpf/common/data/effects/peds/mptuner_overlays.xml	ZONE_TORSO	TYPE_BADGE	GENDER_FEMALE	0.727000	0.670000	0.110000	0.100000	0.000000	MP_Tuner_Tee_008	MP_Tuner_Tee_008
MP_Tuner_Tee_009_M	mpTuner_overlays	update/x64/dlcpacks/mptuner/dlc.rpf/common/data/effects/peds/mptuner_overlays.xml	ZONE_TORSO	TYPE_BADGE	GENDER_MALE	1.240000	0.820000	0.150000	0.190000	0.000000	MP_Tuner_Tee_009	MP_Tuner_Tee_009
MP_Tuner_Tee_009_F	mpTuner_overlays	update/x64/dlcpacks/mptuner/dlc.rpf/common/data/effects/peds/mptuner_overlays.xml	ZONE_TORSO	TYPE_BADGE	GENDER_FEMALE	1.225000	0.820000	0.130000	0.150000	0.000000	MP_Tuner_Tee_009	MP_Tuner_Tee_009
MP_Tuner_Tee_010_M	mpTuner_overlays	update/x64/dlcpacks/mptuner/dlc.rpf/common/data/effects/peds/mptuner_overlays.xml	ZONE_TORSO	TYPE_BADGE	GENDER_MALE	0.737000	0.680000	0.110000	0.110000	0.000000	MP_Tuner_Tee_010	MP_Tuner_Tee_010
MP_Tuner_Tee_010_F	mpTuner_overlays	update/x64/dlcpacks/mptuner/dlc.rpf/common/data/effects/peds/mptuner_overlays.xml	ZONE_TORSO	TYPE_BADGE	GENDER_FEMALE	0.727000	0.665000	0.120000	0.110000	0.000000	MP_Tuner_Tee_010	MP_Tuner_Tee_010
MP_Tuner_Tee_011_M	mpTuner_overlays	update/x64/dlcpacks/mptuner/dlc.rpf/common/data/effects/peds/mptuner_overlays.xml	ZONE_TORSO	TYPE_BADGE	GENDER_MALE	0.737000	0.650000	0.160000	0.155000	0.000000	MP_Tuner_Tee_011	MP_Tuner_Tee_011
MP_Tuner_Tee_011_F	mpTuner_overlays	update/x64/dlcpacks/mptuner/dlc.rpf/common/data/effects/peds/mptuner_overlays.xml	ZONE_TORSO	TYPE_BADGE	GENDER_FEMALE	0.735000	0.670000	0.180000	0.140000	0.000000	MP_Tuner_Tee_011	MP_Tuner_Tee_011
MP_Tuner_Tee_012_M	mpTuner_overlays	update/x64/dlcpacks/mptuner/dlc.rpf/common/data/effects/peds/mptuner_overlays.xml	ZONE_TORSO	TYPE_BADGE	GENDER_MALE	0.737000	0.700000	0.140000	0.145000	0.000000	MP_Tuner_Tee_012	MP_Tuner_Tee_012
MP_Tuner_Tee_012_F	mpTuner_overlays	update/x64/dlcpacks/mptuner/dlc.rpf/common/data/effects/peds/mptuner_overlays.xml	ZONE_TORSO	TYPE_BADGE	GENDER_FEMALE	0.735000	0.640000	0.130000	0.130000	0.000000	MP_Tuner_Tee_012	MP_Tuner_Tee_012
MP_Tuner_Tee_013_M	mpTuner_overlays	update/x64/dlcpacks/mptuner/dlc.rpf/common/data/effects/peds/mptuner_overlays.xml	ZONE_TORSO	TYPE_BADGE	GENDER_MALE	0.737000	0.715000	0.135000	0.140000	0.000000	MP_Tuner_Tee_013	MP_Tuner_Tee_013
MP_Tuner_Tee_013_F	mpTuner_overlays	update/x64/dlcpacks/mptuner/dlc.rpf/common/data/effects/peds/mptuner_overlays.xml	ZONE_TORSO	TYPE_BADGE	GENDER_FEMALE	0.727000	0.660000	0.130000	0.130000	0.000000	MP_Tuner_Tee_013	MP_Tuner_Tee_013
MP_Tuner_Tee_014_M	mpTuner_overlays	update/x64/dlcpacks/mptuner/dlc.rpf/common/data/effects/peds/mptuner_overlays.xml	ZONE_TORSO	TYPE_BADGE	GENDER_MALE	0.737000	0.690000	0.150000	0.150000	0.000000	MP_Tuner_Tee_014	MP_Tuner_Tee_014
MP_Tuner_Tee_014_F	mpTuner_overlays	update/x64/dlcpacks/mptuner/dlc.rpf/common/data/effects/peds/mptuner_overlays.xml	ZONE_TORSO	TYPE_BADGE	GENDER_FEMALE	0.737000	0.665000	0.175000	0.145000	0.000000	MP_Tuner_Tee_014	MP_Tuner_Tee_014
MP_Tuner_Tee_015_M	mpTuner_overlays	update/x64/dlcpacks/mptuner/dlc.rpf/common/data/effects/peds/mptuner_overlays.xml	ZONE_TORSO	TYPE_BADGE	GENDER_MALE	0.737000	0.675000	0.145000	0.145000	0.000000	MP_Tuner_Tee_015	MP_Tuner_Tee_015
MP_Tuner_Tee_015_F	mpTuner_overlays	update/x64/dlcpacks/mptuner/dlc.rpf/common/data/effects/peds/mptuner_overlays.xml	ZONE_TORSO	TYPE_BADGE	GENDER_FEMALE	0.727000	0.670000	0.130000	0.120000	0.000000	MP_Tuner_Tee_015	MP_Tuner_Tee_015
MP_Tuner_Tee_016_M	mpTuner_overlays	update/x64/dlcpacks/mptuner/dlc.rpf/common/data/effects/peds/mptuner_overlays.xml	ZONE_TORSO	TYPE_BADGE	GENDER_MALE	0.737000	0.670000	0.115000	0.115000	0.000000	MP_Tuner_Tee_016	MP_Tuner_Tee_016
MP_Tuner_Tee_016_F	mpTuner_overlays	update/x64/dlcpacks/mptuner/dlc.rpf/common/data/effects/peds/mptuner_overlays.xml	ZONE_TORSO	TYPE_BADGE	GENDER_FEMALE	0.727000	0.670000	0.100000	0.100000	0.000000	MP_Tuner_Tee_016	MP_Tuner_Tee_016
MP_Vinewood_Hair_M_000_M	mpVinewood_overlays	update/x64/dlcpacks/mpvinewood/dlc.rpf/common/data/effects/peds/mpvinewood_overlays.xml	ZONE_HEAD	TYPE_TATTOO	GENDER_MALE	0.500000	0.500000	0.600000	0.500000	0.000000	MP_Vinewood_Hair_000	MP_Vinewood_Hair_000
MP_Vinewood_Hair_F_000_F	mpVinewood_overlays	update/x64/dlcpacks/mpvinewood/dlc.rpf/common/data/effects/peds/mpvinewood_overlays.xml	ZONE_HEAD	TYPE_TATTOO	GENDER_FEMALE	0.500000	0.500000	0.600000	0.500000	0.000000	MP_Vinewood_Hair_000	MP_Vinewood_Hair_000
MP_Vinewood_Tat_000_M	mpVinewood_overlays	update/x64/dlcpacks/mpvinewood/dlc.rpf/common/data/effects/peds/mpvinewood_overlays.xml	ZONE_TORSO	TYPE_TATTOO	GENDER_MALE	0.724000	0.600000	0.150000	0.150000	0.000000	MP_Vinewood_Tat_000	MP_Vinewood_Tat_000
MP_Vinewood_Tat_000_F	mpVinewood_overlays	update/x64/dlcpacks/mpvinewood/dlc.rpf/common/data/effects/peds/mpvinewood_overlays.xml	ZONE_TORSO	TYPE_TATTOO	GENDER_FEMALE	0.724000	0.620000	0.150000	0.150000	0.000000	MP_Vinewood_Tat_000	MP_Vinewood_Tat_000
MP_Vinewood_Tat_001_M	mpVinewood_overlays	update/x64/dlcpacks/mpvinewood/dlc.rpf/common/data/effects/peds/mpvinewood_overlays.xml	ZONE_TORSO	TYPE_TATTOO	GENDER_MALE	0.224000	0.620000	0.200000	0.200000	0.000000	MP_Vinewood_Tat_001	MP_Vinewood_Tat_001
MP_Vinewood_Tat_001_F	mpVinewood_overlays	update/x64/dlcpacks/mpvinewood/dlc.rpf/common/data/effects/peds/mpvinewood_overlays.xml	ZONE_TORSO	TYPE_TATTOO	GENDER_FEMALE	0.224000	0.640000	0.200000	0.200000	0.000000	MP_Vinewood_Tat_001	MP_Vinewood_Tat_001
MP_Vinewood_Tat_002_M	mpVinewood_overlays	update/x64/dlcpacks/mpvinewood/dlc.rpf/common/data/effects/peds/mpvinewood_overlays.xml	ZONE_LEFT_ARM	TYPE_TATTOO	GENDER_MALE	0.450000	0.620000	0.230000	0.30000	0.000000	MP_Vinewood_Tat_002	MP_Vinewood_Tat_002
MP_Vinewood_Tat_002_F	mpVinewood_overlays	update/x64/dlcpacks/mpvinewood/dlc.rpf/common/data/effects/peds/mpvinewood_overlays.xml	ZONE_LEFT_ARM	TYPE_TATTOO	GENDER_FEMALE	0.450000	0.620000	0.230000	0.32000	0.000000	MP_Vinewood_Tat_002	MP_Vinewood_Tat_002
MP_Vinewood_Tat_003_M	mpVinewood_overlays	update/x64/dlcpacks/mpvinewood/dlc.rpf/common/data/effects/peds/mpvinewood_overlays.xml	ZONE_TORSO	TYPE_TATTOO	GENDER_MALE	0.624000	0.610000	0.120000	0.120000	0.000000	MP_Vinewood_Tat_003	MP_Vinewood_Tat_003
MP_Vinewood_Tat_003_F	mpVinewood_overlays	update/x64/dlcpacks/mpvinewood/dlc.rpf/common/data/effects/peds/mpvinewood_overlays.xml	ZONE_TORSO	TYPE_TATTOO	GENDER_FEMALE	0.635000	0.640000	0.140000	0.120000	0.000000	MP_Vinewood_Tat_003	MP_Vinewood_Tat_003
MP_Vinewood_Tat_004_M	mpVinewood_overlays	update/x64/dlcpacks/mpvinewood/dlc.rpf/common/data/effects/peds/mpvinewood_overlays.xml	ZONE_RIGHT_ARM	TYPE_TATTOO	GENDER_MALE	0.464000	0.620000	0.230000	0.300000	0.000000	MP_Vinewood_Tat_004	MP_Vinewood_Tat_004
MP_Vinewood_Tat_004_F	mpVinewood_overlays	update/x64/dlcpacks/mpvinewood/dlc.rpf/common/data/effects/peds/mpvinewood_overlays.xml	ZONE_RIGHT_ARM	TYPE_TATTOO	GENDER_FEMALE	0.464000	0.620000	0.230000	0.320000	0.000000	MP_Vinewood_Tat_004	MP_Vinewood_Tat_004
MP_Vinewood_Tat_005_M	mpVinewood_overlays	update/x64/dlcpacks/mpvinewood/dlc.rpf/common/data/effects/peds/mpvinewood_overlays.xml	ZONE_LEFT_ARM	TYPE_TATTOO	GENDER_MALE	0.480000	0.620000	0.210000	0.300000	0.000000	MP_Vinewood_Tat_005	MP_Vinewood_Tat_005
MP_Vinewood_Tat_005_F	mpVinewood_overlays	update/x64/dlcpacks/mpvinewood/dlc.rpf/common/data/effects/peds/mpvinewood_overlays.xml	ZONE_LEFT_ARM	TYPE_TATTOO	GENDER_FEMALE	0.480000	0.610000	0.260000	0.320000	0.000000	MP_Vinewood_Tat_005	MP_Vinewood_Tat_005
MP_Vinewood_Tat_006_M	mpVinewood_overlays	update/x64/dlcpacks/mpvinewood/dlc.rpf/common/data/effects/peds/mpvinewood_overlays.xml	ZONE_TORSO	TYPE_TATTOO	GENDER_MALE	0.224000	0.580000	0.180000	0.230000	0.000000	MP_Vinewood_Tat_006	MP_Vinewood_Tat_006
MP_Vinewood_Tat_006_F	mpVinewood_overlays	update/x64/dlcpacks/mpvinewood/dlc.rpf/common/data/effects/peds/mpvinewood_overlays.xml	ZONE_TORSO	TYPE_TATTOO	GENDER_FEMALE	0.224000	0.630000	0.180000	0.160000	0.000000	MP_Vinewood_Tat_006	MP_Vinewood_Tat_006
MP_Vinewood_Tat_007_M	mpVinewood_overlays	update/x64/dlcpacks/mpvinewood/dlc.rpf/common/data/effects/peds/mpvinewood_overlays.xml	ZONE_TORSO	TYPE_TATTOO	GENDER_MALE	0.224000	0.555000	0.210000	0.230000	0.000000	MP_Vinewood_Tat_007	MP_Vinewood_Tat_007
MP_Vinewood_Tat_007_F	mpVinewood_overlays	update/x64/dlcpacks/mpvinewood/dlc.rpf/common/data/effects/peds/mpvinewood_overlays.xml	ZONE_TORSO	TYPE_TATTOO	GENDER_FEMALE	0.224000	0.620000	0.210000	0.175000	0.000000	MP_Vinewood_Tat_007	MP_Vinewood_Tat_007
MP_Vinewood_Tat_008_M	mpVinewood_overlays	update/x64/dlcpacks/mpvinewood/dlc.rpf/common/data/effects/peds/mpvinewood_overlays.xml	ZONE_TORSO	TYPE_TATTOO	GENDER_MALE	0.224000	0.510000	0.227000	0.280000	0.000000	MP_Vinewood_Tat_008	MP_Vinewood_Tat_008
MP_Vinewood_Tat_008_F	mpVinewood_overlays	update/x64/dlcpacks/mpvinewood/dlc.rpf/common/data/effects/peds/mpvinewood_overlays.xml	ZONE_TORSO	TYPE_TATTOO	GENDER_FEMALE	0.224000	0.570000	0.215000	0.230000	0.000000	MP_Vinewood_Tat_008	MP_Vinewood_Tat_008
MP_Vinewood_Tat_009_M	mpVinewood_overlays	update/x64/dlcpacks/mpvinewood/dlc.rpf/common/data/effects/peds/mpvinewood_overlays.xml	ZONE_TORSO	TYPE_TATTOO	GENDER_MALE	0.224000	0.480000	0.280000	0.310000	0.000000	MP_Vinewood_Tat_009	MP_Vinewood_Tat_009
MP_Vinewood_Tat_009_F	mpVinewood_overlays	update/x64/dlcpacks/mpvinewood/dlc.rpf/common/data/effects/peds/mpvinewood_overlays.xml	ZONE_TORSO	TYPE_TATTOO	GENDER_FEMALE	0.224000	0.550000	0.280000	0.240000	0.000000	MP_Vinewood_Tat_009	MP_Vinewood_Tat_009
MP_Vinewood_Tat_010_M	mpVinewood_overlays	update/x64/dlcpacks/mpvinewood/dlc.rpf/common/data/effects/peds/mpvinewood_overlays.xml	ZONE_TORSO	TYPE_TATTOO	GENDER_MALE	0.224000	0.480000	0.250000	0.300000	0.000000	MP_Vinewood_Tat_010	MP_Vinewood_Tat_010
MP_Vinewood_Tat_010_F	mpVinewood_overlays	update/x64/dlcpacks/mpvinewood/dlc.rpf/common/data/effects/peds/mpvinewood_overlays.xml	ZONE_TORSO	TYPE_TATTOO	GENDER_FEMALE	0.224000	0.570000	0.240000	0.210000	0.000000	MP_Vinewood_Tat_010	MP_Vinewood_Tat_010
MP_Vinewood_Tat_011_M	mpVinewood_overlays	update/x64/dlcpacks/mpvinewood/dlc.rpf/common/data/effects/peds/mpvinewood_overlays.xml	ZONE_TORSO	TYPE_TATTOO	GENDER_MALE	0.235000	0.480000	0.260000	0.300000	0.000000	MP_Vinewood_Tat_011	MP_Vinewood_Tat_011
MP_Vinewood_Tat_011_F	mpVinewood_overlays	update/x64/dlcpacks/mpvinewood/dlc.rpf/common/data/effects/peds/mpvinewood_overlays.xml	ZONE_TORSO	TYPE_TATTOO	GENDER_FEMALE	0.235000	0.550000	0.260000	0.220000	0.000000	MP_Vinewood_Tat_011	MP_Vinewood_Tat_011
MP_Vinewood_Tat_012_M	mpVinewood_overlays	update/x64/dlcpacks/mpvinewood/dlc.rpf/common/data/effects/peds/mpvinewood_overlays.xml	ZONE_TORSO	TYPE_TATTOO	GENDER_MALE	0.720000	0.325000	0.230000	0.160000	0.000000	MP_Vinewood_Tat_012	MP_Vinewood_Tat_012
MP_Vinewood_Tat_012_F	mpVinewood_overlays	update/x64/dlcpacks/mpvinewood/dlc.rpf/common/data/effects/peds/mpvinewood_overlays.xml	ZONE_TORSO	TYPE_TATTOO	GENDER_FEMALE	0.720000	0.370000	0.240000	0.120000	0.000000	MP_Vinewood_Tat_012	MP_Vinewood_Tat_012
MP_Vinewood_Tat_013_M	mpVinewood_overlays	update/x64/dlcpacks/mpvinewood/dlc.rpf/common/data/effects/peds/mpvinewood_overlays.xml	ZONE_LEFT_LEG	TYPE_TATTOO	GENDER_MALE	0.735000	0.305000	0.220000	0.160000	0.000000	MP_Vinewood_Tat_013	MP_Vinewood_Tat_013
MP_Vinewood_Tat_013_F	mpVinewood_overlays	update/x64/dlcpacks/mpvinewood/dlc.rpf/common/data/effects/peds/mpvinewood_overlays.xml	ZONE_LEFT_LEG	TYPE_TATTOO	GENDER_FEMALE	0.735000	0.305000	0.220000	0.160000	0.000000	MP_Vinewood_Tat_013	MP_Vinewood_Tat_013
MP_Vinewood_Tat_014_M	mpVinewood_overlays	update/x64/dlcpacks/mpvinewood/dlc.rpf/common/data/effects/peds/mpvinewood_overlays.xml	ZONE_LEFT_ARM	TYPE_TATTOO	GENDER_MALE	0.480000	0.525000	0.210000	0.210000	0.000000	MP_Vinewood_Tat_014	MP_Vinewood_Tat_014
MP_Vinewood_Tat_014_F	mpVinewood_overlays	update/x64/dlcpacks/mpvinewood/dlc.rpf/common/data/effects/peds/mpvinewood_overlays.xml	ZONE_LEFT_ARM	TYPE_TATTOO	GENDER_FEMALE	0.480000	0.500000	0.210000	0.240000	0.000000	MP_Vinewood_Tat_014	MP_Vinewood_Tat_014
MP_Vinewood_Tat_015_M	mpVinewood_overlays	update/x64/dlcpacks/mpvinewood/dlc.rpf/common/data/effects/peds/mpvinewood_overlays.xml	ZONE_TORSO	TYPE_TATTOO	GENDER_MALE	0.224000	0.480000	0.260000	0.300000	0.000000	MP_Vinewood_Tat_015	MP_Vinewood_Tat_015
MP_Vinewood_Tat_015_F	mpVinewood_overlays	update/x64/dlcpacks/mpvinewood/dlc.rpf/common/data/effects/peds/mpvinewood_overlays.xml	ZONE_TORSO	TYPE_TATTOO	GENDER_FEMALE	0.224000	0.560000	0.260000	0.220000	0.000000	MP_Vinewood_Tat_015	MP_Vinewood_Tat_015
MP_Vinewood_Tat_016_M	mpVinewood_overlays	update/x64/dlcpacks/mpvinewood/dlc.rpf/common/data/effects/peds/mpvinewood_overlays.xml	ZONE_TORSO	TYPE_TATTOO	GENDER_MALE	0.724000	0.320000	0.230000	0.170000	0.000000	MP_Vinewood_Tat_016	MP_Vinewood_Tat_016
MP_Vinewood_Tat_016_F	mpVinewood_overlays	update/x64/dlcpacks/mpvinewood/dlc.rpf/common/data/effects/peds/mpvinewood_overlays.xml	ZONE_TORSO	TYPE_TATTOO	GENDER_FEMALE	0.724000	0.365000	0.230000	0.130000	0.000000	MP_Vinewood_Tat_016	MP_Vinewood_Tat_016
MP_Vinewood_Tat_017_M	mpVinewood_overlays	update/x64/dlcpacks/mpvinewood/dlc.rpf/common/data/effects/peds/mpvinewood_overlays.xml	ZONE_TORSO	TYPE_TATTOO	GENDER_MALE	0.224000	0.500000	0.300000	0.340000	0.000000	MP_Vinewood_Tat_017	MP_Vinewood_Tat_017
MP_Vinewood_Tat_017_F	mpVinewood_overlays	update/x64/dlcpacks/mpvinewood/dlc.rpf/common/data/effects/peds/mpvinewood_overlays.xml	ZONE_TORSO	TYPE_TATTOO	GENDER_FEMALE	0.224000	0.560000	0.300000	0.280000	0.000000	MP_Vinewood_Tat_017	MP_Vinewood_Tat_017
MP_Vinewood_Tat_018_M	mpVinewood_overlays	update/x64/dlcpacks/mpvinewood/dlc.rpf/common/data/effects/peds/mpvinewood_overlays.xml	ZONE_RIGHT_ARM	TYPE_TATTOO	GENDER_MALE	0.470000	0.620000	0.230000	0.300000	0.000000	MP_Vinewood_Tat_018	MP_Vinewood_Tat_018
MP_Vinewood_Tat_018_F	mpVinewood_overlays	update/x64/dlcpacks/mpvinewood/dlc.rpf/common/data/effects/peds/mpvinewood_overlays.xml	ZONE_RIGHT_ARM	TYPE_TATTOO	GENDER_FEMALE	0.470000	0.620000	0.230000	0.320000	0.000000	MP_Vinewood_Tat_018	MP_Vinewood_Tat_018
MP_Vinewood_Tat_019_M	mpVinewood_overlays	update/x64/dlcpacks/mpvinewood/dlc.rpf/common/data/effects/peds/mpvinewood_overlays.xml	ZONE_LEFT_ARM	TYPE_TATTOO	GENDER_MALE	0.480000	0.620000	0.210000	0.300000	0.000000	MP_Vinewood_Tat_019	MP_Vinewood_Tat_019
MP_Vinewood_Tat_019_F	mpVinewood_overlays	update/x64/dlcpacks/mpvinewood/dlc.rpf/common/data/effects/peds/mpvinewood_overlays.xml	ZONE_LEFT_ARM	TYPE_TATTOO	GENDER_FEMALE	0.480000	0.620000	0.210000	0.320000	0.000000	MP_Vinewood_Tat_019	MP_Vinewood_Tat_019
MP_Vinewood_Tat_020_M	mpVinewood_overlays	update/x64/dlcpacks/mpvinewood/dlc.rpf/common/data/effects/peds/mpvinewood_overlays.xml	ZONE_RIGHT_LEG	TYPE_TATTOO	GENDER_MALE	0.770000	0.310000	0.150000	0.160000	0.000000	MP_Vinewood_Tat_020	MP_Vinewood_Tat_020
MP_Vinewood_Tat_020_F	mpVinewood_overlays	update/x64/dlcpacks/mpvinewood/dlc.rpf/common/data/effects/peds/mpvinewood_overlays.xml	ZONE_RIGHT_LEG	TYPE_TATTOO	GENDER_FEMALE	0.770000	0.310000	0.150000	0.160000	0.000000	MP_Vinewood_Tat_020	MP_Vinewood_Tat_020
MP_Vinewood_Tat_021_M	mpVinewood_overlays	update/x64/dlcpacks/mpvinewood/dlc.rpf/common/data/effects/peds/mpvinewood_overlays.xml	ZONE_TORSO	TYPE_TATTOO	GENDER_MALE	0.250000	0.480000	0.260000	0.290000	0.000000	MP_Vinewood_Tat_021	MP_Vinewood_Tat_021
MP_Vinewood_Tat_021_F	mpVinewood_overlays	update/x64/dlcpacks/mpvinewood/dlc.rpf/common/data/effects/peds/mpvinewood_overlays.xml	ZONE_TORSO	TYPE_TATTOO	GENDER_FEMALE	0.250000	0.550000	0.260000	0.220000	0.000000	MP_Vinewood_Tat_021	MP_Vinewood_Tat_021
MP_Vinewood_Tat_022_M	mpVinewood_overlays	update/x64/dlcpacks/mpvinewood/dlc.rpf/common/data/effects/peds/mpvinewood_overlays.xml	ZONE_TORSO	TYPE_TATTOO	GENDER_MALE	0.824000	0.610000	0.140000	0.120000	0.000000	MP_Vinewood_Tat_022	MP_Vinewood_Tat_022
MP_Vinewood_Tat_022_F	mpVinewood_overlays	update/x64/dlcpacks/mpvinewood/dlc.rpf/common/data/effects/peds/mpvinewood_overlays.xml	ZONE_TORSO	TYPE_TATTOO	GENDER_FEMALE	0.824000	0.610000	0.140000	0.100000	0.000000	MP_Vinewood_Tat_022	MP_Vinewood_Tat_022
MP_Vinewood_Tat_023_M	mpVinewood_overlays	update/x64/dlcpacks/mpvinewood/dlc.rpf/common/data/effects/peds/mpvinewood_overlays.xml	ZONE_TORSO	TYPE_TATTOO	GENDER_MALE	0.720000	0.580000	0.210000	0.210000	0.000000	MP_Vinewood_Tat_023	MP_Vinewood_Tat_023
MP_Vinewood_Tat_023_F	mpVinewood_overlays	update/x64/dlcpacks/mpvinewood/dlc.rpf/common/data/effects/peds/mpvinewood_overlays.xml	ZONE_TORSO	TYPE_TATTOO	GENDER_FEMALE	0.741000	0.610000	0.210000	0.180000	0.000000	MP_Vinewood_Tat_023	MP_Vinewood_Tat_023
MP_Vinewood_Tat_024_M	mpVinewood_overlays	update/x64/dlcpacks/mpvinewood/dlc.rpf/common/data/effects/peds/mpvinewood_overlays.xml	ZONE_TORSO	TYPE_TATTOO	GENDER_MALE	0.720000	0.318000	0.200000	0.160000	0.000000	MP_Vinewood_Tat_024	MP_Vinewood_Tat_024
MP_Vinewood_Tat_024_F	mpVinewood_overlays	update/x64/dlcpacks/mpvinewood/dlc.rpf/common/data/effects/peds/mpvinewood_overlays.xml	ZONE_TORSO	TYPE_TATTOO	GENDER_FEMALE	0.720000	0.355000	0.200000	0.130000	0.000000	MP_Vinewood_Tat_024	MP_Vinewood_Tat_024
MP_Vinewood_Tat_025_M	mpVinewood_overlays	update/x64/dlcpacks/mpvinewood/dlc.rpf/common/data/effects/peds/mpvinewood_overlays.xml	ZONE_RIGHT_ARM	TYPE_TATTOO	GENDER_MALE	0.200000	0.460000	0.160000	0.150000	0.000000	MP_Vinewood_Tat_025	MP_Vinewood_Tat_025
MP_Vinewood_Tat_025_F	mpVinewood_overlays	update/x64/dlcpacks/mpvinewood/dlc.rpf/common/data/effects/peds/mpvinewood_overlays.xml	ZONE_RIGHT_ARM	TYPE_TATTOO	GENDER_FEMALE	0.200000	0.440000	0.160000	0.170000	0.000000	MP_Vinewood_Tat_025	MP_Vinewood_Tat_025
MP_Vinewood_Tat_026_M	mpVinewood_overlays	update/x64/dlcpacks/mpvinewood/dlc.rpf/common/data/effects/peds/mpvinewood_overlays.xml	ZONE_LEFT_ARM	TYPE_TATTOO	GENDER_MALE	0.480000	0.630000	0.210000	0.290000	-11.880000	MP_Vinewood_Tat_026	MP_Vinewood_Tat_026
MP_Vinewood_Tat_026_F	mpVinewood_overlays	update/x64/dlcpacks/mpvinewood/dlc.rpf/common/data/effects/peds/mpvinewood_overlays.xml	ZONE_LEFT_ARM	TYPE_TATTOO	GENDER_FEMALE	0.480000	0.620000	0.210000	0.320000	-11.880000	MP_Vinewood_Tat_026	MP_Vinewood_Tat_026
MP_Vinewood_Tat_027_M	mpVinewood_overlays	update/x64/dlcpacks/mpvinewood/dlc.rpf/common/data/effects/peds/mpvinewood_overlays.xml	ZONE_LEFT_LEG	TYPE_TATTOO	GENDER_MALE	0.225000	0.310000	0.280000	0.200000	0.000000	MP_Vinewood_Tat_027	MP_Vinewood_Tat_027
MP_Vinewood_Tat_027_F	mpVinewood_overlays	update/x64/dlcpacks/mpvinewood/dlc.rpf/common/data/effects/peds/mpvinewood_overlays.xml	ZONE_LEFT_LEG	TYPE_TATTOO	GENDER_FEMALE	0.225000	0.310000	0.280000	0.200000	0.000000	MP_Vinewood_Tat_027	MP_Vinewood_Tat_027
MP_Vinewood_Tat_028_M	mpVinewood_overlays	update/x64/dlcpacks/mpvinewood/dlc.rpf/common/data/effects/peds/mpvinewood_overlays.xml	ZONE_RIGHT_ARM	TYPE_TATTOO	GENDER_MALE	0.510000	0.800000	0.140000	0.170000	0.000000	MP_Vinewood_Tat_028	MP_Vinewood_Tat_028
MP_Vinewood_Tat_028_F	mpVinewood_overlays	update/x64/dlcpacks/mpvinewood/dlc.rpf/common/data/effects/peds/mpvinewood_overlays.xml	ZONE_RIGHT_ARM	TYPE_TATTOO	GENDER_FEMALE	0.510000	0.780000	0.140000	0.185000	0.000000	MP_Vinewood_Tat_028	MP_Vinewood_Tat_028
MP_Vinewood_Tat_029_M	mpVinewood_overlays	update/x64/dlcpacks/mpvinewood/dlc.rpf/common/data/effects/peds/mpvinewood_overlays.xml	ZONE_TORSO	TYPE_TATTOO	GENDER_MALE	0.224000	0.480000	0.260000	0.280000	0.000000	MP_Vinewood_Tat_029	MP_Vinewood_Tat_029
MP_Vinewood_Tat_029_F	mpVinewood_overlays	update/x64/dlcpacks/mpvinewood/dlc.rpf/common/data/effects/peds/mpvinewood_overlays.xml	ZONE_TORSO	TYPE_TATTOO	GENDER_FEMALE	0.224000	0.550000	0.240000	0.230000	0.000000	MP_Vinewood_Tat_029	MP_Vinewood_Tat_029
MP_Vinewood_Tat_030_M	mpVinewood_overlays	update/x64/dlcpacks/mpvinewood/dlc.rpf/common/data/effects/peds/mpvinewood_overlays.xml	ZONE_TORSO	TYPE_TATTOO	GENDER_MALE	0.224000	0.490000	0.260000	0.280000	0.000000	MP_Vinewood_Tat_030	MP_Vinewood_Tat_030
MP_Vinewood_Tat_030_F	mpVinewood_overlays	update/x64/dlcpacks/mpvinewood/dlc.rpf/common/data/effects/peds/mpvinewood_overlays.xml	ZONE_TORSO	TYPE_TATTOO	GENDER_FEMALE	0.224000	0.550000	0.260000	0.240000	0.000000	MP_Vinewood_Tat_030	MP_Vinewood_Tat_030
MP_Vinewood_Tat_031_M	mpVinewood_overlays	update/x64/dlcpacks/mpvinewood/dlc.rpf/common/data/effects/peds/mpvinewood_overlays.xml	ZONE_TORSO	TYPE_TATTOO	GENDER_MALE	0.720000	0.320000	0.230000	0.150000	0.000000	MP_Vinewood_Tat_031	MP_Vinewood_Tat_031
MP_Vinewood_Tat_031_F	mpVinewood_overlays	update/x64/dlcpacks/mpvinewood/dlc.rpf/common/data/effects/peds/mpvinewood_overlays.xml	ZONE_TORSO	TYPE_TATTOO	GENDER_FEMALE	0.720000	0.370000	0.230000	0.120000	0.000000	MP_Vinewood_Tat_031	MP_Vinewood_Tat_031
MP_Vinewood_Tat_032_M	mpVinewood_overlays	update/x64/dlcpacks/mpvinewood/dlc.rpf/common/data/effects/peds/mpvinewood_overlays.xml	ZONE_TORSO	TYPE_TATTOO	GENDER_MALE	0.224000	0.500000	0.260000	0.300000	0.000000	MP_Vinewood_Tat_032	MP_Vinewood_Tat_032
MP_Vinewood_Tat_032_F	mpVinewood_overlays	update/x64/dlcpacks/mpvinewood/dlc.rpf/common/data/effects/peds/mpvinewood_overlays.xml	ZONE_TORSO	TYPE_TATTOO	GENDER_FEMALE	0.224000	0.550000	0.240000	0.250000	0.000000	MP_Vinewood_Tat_032	MP_Vinewood_Tat_032
MP_Vinewood_Tee_000_M	mpVinewood_overlays	update/x64/dlcpacks/mpvinewood/dlc.rpf/common/data/effects/peds/mpvinewood_overlays.xml	ZONE_TORSO	TYPE_BADGE	GENDER_MALE	0.737000	0.690000	0.140000	0.140000	0.000000	MP_Vinewood_Tee_000	MP_Vinewood_Tee_000
MP_Vinewood_Tee_000_F	mpVinewood_overlays	update/x64/dlcpacks/mpvinewood/dlc.rpf/common/data/effects/peds/mpvinewood_overlays.xml	ZONE_TORSO	TYPE_BADGE	GENDER_FEMALE	0.735000	0.660000	0.140000	0.140000	0.000000	MP_Vinewood_Tee_000	MP_Vinewood_Tee_000
MP_Vinewood_Tee_001_M	mpVinewood_overlays	update/x64/dlcpacks/mpvinewood/dlc.rpf/common/data/effects/peds/mpvinewood_overlays.xml	ZONE_TORSO	TYPE_BADGE	GENDER_MALE	0.737000	0.690000	0.140000	0.140000	0.000000	MP_Vinewood_Tee_001	MP_Vinewood_Tee_001
MP_Vinewood_Tee_001_F	mpVinewood_overlays	update/x64/dlcpacks/mpvinewood/dlc.rpf/common/data/effects/peds/mpvinewood_overlays.xml	ZONE_TORSO	TYPE_BADGE	GENDER_FEMALE	0.735000	0.660000	0.140000	0.140000	0.000000	MP_Vinewood_Tee_001	MP_Vinewood_Tee_001
MP_Vinewood_Tee_002_M	mpVinewood_overlays	update/x64/dlcpacks/mpvinewood/dlc.rpf/common/data/effects/peds/mpvinewood_overlays.xml	ZONE_TORSO	TYPE_BADGE	GENDER_MALE	0.737000	0.720000	0.140000	0.140000	0.000000	MP_Vinewood_Tee_002	MP_Vinewood_Tee_002
MP_Vinewood_Tee_002_F	mpVinewood_overlays	update/x64/dlcpacks/mpvinewood/dlc.rpf/common/data/effects/peds/mpvinewood_overlays.xml	ZONE_TORSO	TYPE_BADGE	GENDER_FEMALE	0.735000	0.700000	0.140000	0.140000	0.000000	MP_Vinewood_Tee_002	MP_Vinewood_Tee_002
MP_Vinewood_Tee_003_M	mpVinewood_overlays	update/x64/dlcpacks/mpvinewood/dlc.rpf/common/data/effects/peds/mpvinewood_overlays.xml	ZONE_TORSO	TYPE_BADGE	GENDER_MALE	0.737000	0.720000	0.140000	0.140000	0.000000	MP_Vinewood_Tee_003	MP_Vinewood_Tee_003
MP_Vinewood_Tee_003_F	mpVinewood_overlays	update/x64/dlcpacks/mpvinewood/dlc.rpf/common/data/effects/peds/mpvinewood_overlays.xml	ZONE_TORSO	TYPE_BADGE	GENDER_FEMALE	0.735000	0.710000	0.140000	0.140000	0.000000	MP_Vinewood_Tee_003	MP_Vinewood_Tee_003
MP_Vinewood_Tee_004_M	mpVinewood_overlays	update/x64/dlcpacks/mpvinewood/dlc.rpf/common/data/effects/peds/mpvinewood_overlays.xml	ZONE_TORSO	TYPE_BADGE	GENDER_MALE	0.737000	0.720000	0.160000	0.160000	0.000000	MP_Vinewood_Tee_004	MP_Vinewood_Tee_004
MP_Vinewood_Tee_004_F	mpVinewood_overlays	update/x64/dlcpacks/mpvinewood/dlc.rpf/common/data/effects/peds/mpvinewood_overlays.xml	ZONE_TORSO	TYPE_BADGE	GENDER_FEMALE	0.735000	0.710000	0.140000	0.140000	0.000000	MP_Vinewood_Tee_004	MP_Vinewood_Tee_004
MP_Vinewood_Tee_005_M	mpVinewood_overlays	update/x64/dlcpacks/mpvinewood/dlc.rpf/common/data/effects/peds/mpvinewood_overlays.xml	ZONE_TORSO	TYPE_BADGE	GENDER_MALE	0.737000	0.660000	0.140000	0.140000	0.000000	MP_Vinewood_Tee_005	MP_Vinewood_Tee_005
MP_Vinewood_Tee_005_F	mpVinewood_overlays	update/x64/dlcpacks/mpvinewood/dlc.rpf/common/data/effects/peds/mpvinewood_overlays.xml	ZONE_TORSO	TYPE_BADGE	GENDER_FEMALE	0.735000	0.650000	0.120000	0.120000	0.000000	MP_Vinewood_Tee_005	MP_Vinewood_Tee_005
MP_Vinewood_Tee_006_M	mpVinewood_overlays	update/x64/dlcpacks/mpvinewood/dlc.rpf/common/data/effects/peds/mpvinewood_overlays.xml	ZONE_TORSO	TYPE_BADGE	GENDER_MALE	0.737000	0.720000	0.140000	0.140000	0.000000	MP_Vinewood_Tee_006	MP_Vinewood_Tee_006
MP_Vinewood_Tee_006_F	mpVinewood_overlays	update/x64/dlcpacks/mpvinewood/dlc.rpf/common/data/effects/peds/mpvinewood_overlays.xml	ZONE_TORSO	TYPE_BADGE	GENDER_FEMALE	0.735000	0.710000	0.130000	0.130000	0.000000	MP_Vinewood_Tee_006	MP_Vinewood_Tee_006
MP_Vinewood_Tee_007_M	mpVinewood_overlays	update/x64/dlcpacks/mpvinewood/dlc.rpf/common/data/effects/peds/mpvinewood_overlays.xml	ZONE_TORSO	TYPE_BADGE	GENDER_MALE	0.737000	0.720000	0.140000	0.140000	0.000000	MP_Vinewood_Tee_007	MP_Vinewood_Tee_007
MP_Vinewood_Tee_007_F	mpVinewood_overlays	update/x64/dlcpacks/mpvinewood/dlc.rpf/common/data/effects/peds/mpvinewood_overlays.xml	ZONE_TORSO	TYPE_BADGE	GENDER_FEMALE	0.735000	0.710000	0.120000	0.120000	0.000000	MP_Vinewood_Tee_007	MP_Vinewood_Tee_007
MP_Vinewood_Tee_008_M	mpVinewood_overlays	update/x64/dlcpacks/mpvinewood/dlc.rpf/common/data/effects/peds/mpvinewood_overlays.xml	ZONE_TORSO	TYPE_BADGE	GENDER_MALE	0.737000	0.720000	0.140000	0.140000	0.000000	MP_Vinewood_Tee_008	MP_Vinewood_Tee_008
MP_Vinewood_Tee_008_F	mpVinewood_overlays	update/x64/dlcpacks/mpvinewood/dlc.rpf/common/data/effects/peds/mpvinewood_overlays.xml	ZONE_TORSO	TYPE_BADGE	GENDER_FEMALE	0.735000	0.710000	0.120000	0.120000	0.000000	MP_Vinewood_Tee_008	MP_Vinewood_Tee_008
MP_Vinewood_Tee_009_M	mpVinewood_overlays	update/x64/dlcpacks/mpvinewood/dlc.rpf/common/data/effects/peds/mpvinewood_overlays.xml	ZONE_TORSO	TYPE_BADGE	GENDER_MALE	0.737000	0.680000	0.130000	0.130000	0.000000	MP_Vinewood_Tee_009	MP_Vinewood_Tee_009
MP_Vinewood_Tee_009_F	mpVinewood_overlays	update/x64/dlcpacks/mpvinewood/dlc.rpf/common/data/effects/peds/mpvinewood_overlays.xml	ZONE_TORSO	TYPE_BADGE	GENDER_FEMALE	0.735000	0.690000	0.090000	0.100000	0.000000	MP_Vinewood_Tee_009	MP_Vinewood_Tee_009
MP_Vinewood_Tee_010_M	mpVinewood_overlays	update/x64/dlcpacks/mpvinewood/dlc.rpf/common/data/effects/peds/mpvinewood_overlays.xml	ZONE_TORSO	TYPE_BADGE	GENDER_MALE	0.737000	0.680000	0.130000	0.130000	0.000000	MP_Vinewood_Tee_010	MP_Vinewood_Tee_010
MP_Vinewood_Tee_010_F	mpVinewood_overlays	update/x64/dlcpacks/mpvinewood/dlc.rpf/common/data/effects/peds/mpvinewood_overlays.xml	ZONE_TORSO	TYPE_BADGE	GENDER_FEMALE	0.735000	0.690000	0.090000	0.100000	0.000000	MP_Vinewood_Tee_010	MP_Vinewood_Tee_010
MP_Vinewood_Tee_011_M	mpVinewood_overlays	update/x64/dlcpacks/mpvinewood/dlc.rpf/common/data/effects/peds/mpvinewood_overlays.xml	ZONE_TORSO	TYPE_BADGE	GENDER_MALE	0.790000	0.730000	0.130000	0.130000	-25.000000	MP_Vinewood_Tee_011	MP_Vinewood_Tee_011
MP_Vinewood_Tee_011_F	mpVinewood_overlays	update/x64/dlcpacks/mpvinewood/dlc.rpf/common/data/effects/peds/mpvinewood_overlays.xml	ZONE_TORSO	TYPE_BADGE	GENDER_FEMALE	0.780000	0.720000	0.110000	0.110000	-25.000000	MP_Vinewood_Tee_011	MP_Vinewood_Tee_011
MP_Vinewood_Tee_012_M	mpVinewood_overlays	update/x64/dlcpacks/mpvinewood/dlc.rpf/common/data/effects/peds/mpvinewood_overlays.xml	ZONE_TORSO	TYPE_BADGE	GENDER_MALE	0.790000	0.730000	0.130000	0.130000	-25.000000	MP_Vinewood_Tee_012	MP_Vinewood_Tee_012
MP_Vinewood_Tee_012_F	mpVinewood_overlays	update/x64/dlcpacks/mpvinewood/dlc.rpf/common/data/effects/peds/mpvinewood_overlays.xml	ZONE_TORSO	TYPE_BADGE	GENDER_FEMALE	0.780000	0.720000	0.110000	0.110000	-25.000000	MP_Vinewood_Tee_012	MP_Vinewood_Tee_012
MP_Vinewood_Tee_013_M	mpVinewood_overlays	update/x64/dlcpacks/mpvinewood/dlc.rpf/common/data/effects/peds/mpvinewood_overlays.xml	ZONE_TORSO	TYPE_BADGE	GENDER_MALE	0.790000	0.730000	0.130000	0.130000	-25.000000	MP_Vinewood_Tee_013	MP_Vinewood_Tee_013
MP_Vinewood_Tee_013_F	mpVinewood_overlays	update/x64/dlcpacks/mpvinewood/dlc.rpf/common/data/effects/peds/mpvinewood_overlays.xml	ZONE_TORSO	TYPE_BADGE	GENDER_FEMALE	0.780000	0.720000	0.110000	0.110000	-25.000000	MP_Vinewood_Tee_013	MP_Vinewood_Tee_013
MP_Vinewood_Tee_014_M	mpVinewood_overlays	update/x64/dlcpacks/mpvinewood/dlc.rpf/common/data/effects/peds/mpvinewood_overlays.xml	ZONE_TORSO	TYPE_BADGE	GENDER_MALE	0.790000	0.730000	0.130000	0.130000	-25.000000	MP_Vinewood_Tee_014	MP_Vinewood_Tee_014
MP_Vinewood_Tee_014_F	mpVinewood_overlays	update/x64/dlcpacks/mpvinewood/dlc.rpf/common/data/effects/peds/mpvinewood_overlays.xml	ZONE_TORSO	TYPE_BADGE	GENDER_FEMALE	0.780000	0.720000	0.110000	0.110000	-25.000000	MP_Vinewood_Tee_014	MP_Vinewood_Tee_014
MP_Vinewood_Tee_015_M	mpVinewood_overlays	update/x64/dlcpacks/mpvinewood/dlc.rpf/common/data/effects/peds/mpvinewood_overlays.xml	ZONE_TORSO	TYPE_BADGE	GENDER_MALE	0.737000	0.720000	0.140000	0.140000	0.000000	MP_Vinewood_Tee_015	MP_Vinewood_Tee_015
MP_Vinewood_Tee_015_F	mpVinewood_overlays	update/x64/dlcpacks/mpvinewood/dlc.rpf/common/data/effects/peds/mpvinewood_overlays.xml	ZONE_TORSO	TYPE_BADGE	GENDER_FEMALE	0.735000	0.710000	0.130000	0.130000	0.000000	MP_Vinewood_Tee_015	MP_Vinewood_Tee_015
MP_Vinewood_Tee_016_M	mpVinewood_overlays	update/x64/dlcpacks/mpvinewood/dlc.rpf/common/data/effects/peds/mpvinewood_overlays.xml	ZONE_TORSO	TYPE_BADGE	GENDER_MALE	0.737000	0.720000	0.140000	0.140000	0.000000	MP_Vinewood_Tee_016	MP_Vinewood_Tee_016
MP_Vinewood_Tee_016_F	mpVinewood_overlays	update/x64/dlcpacks/mpvinewood/dlc.rpf/common/data/effects/peds/mpvinewood_overlays.xml	ZONE_TORSO	TYPE_BADGE	GENDER_FEMALE	0.735000	0.710000	0.130000	0.130000	0.000000	MP_Vinewood_Tee_016	MP_Vinewood_Tee_016
MP_Vinewood_Tee_017_M	mpVinewood_overlays	update/x64/dlcpacks/mpvinewood/dlc.rpf/common/data/effects/peds/mpvinewood_overlays.xml	ZONE_TORSO	TYPE_BADGE	GENDER_MALE	0.737000	0.700000	0.140000	0.140000	0.000000	MP_Vinewood_Tee_017	MP_Vinewood_Tee_017
MP_Vinewood_Tee_017_F	mpVinewood_overlays	update/x64/dlcpacks/mpvinewood/dlc.rpf/common/data/effects/peds/mpvinewood_overlays.xml	ZONE_TORSO	TYPE_BADGE	GENDER_FEMALE	0.735000	0.700000	0.120000	0.120000	0.000000	MP_Vinewood_Tee_017	MP_Vinewood_Tee_017
MP_Vinewood_Tee_018_M	mpVinewood_overlays	update/x64/dlcpacks/mpvinewood/dlc.rpf/common/data/effects/peds/mpvinewood_overlays.xml	ZONE_TORSO	TYPE_BADGE	GENDER_MALE	0.737000	0.700000	0.140000	0.140000	0.000000	MP_Vinewood_Tee_018	MP_Vinewood_Tee_018
MP_Vinewood_Tee_018_F	mpVinewood_overlays	update/x64/dlcpacks/mpvinewood/dlc.rpf/common/data/effects/peds/mpvinewood_overlays.xml	ZONE_TORSO	TYPE_BADGE	GENDER_FEMALE	0.735000	0.700000	0.120000	0.120000	0.000000	MP_Vinewood_Tee_018	MP_Vinewood_Tee_018
MP_Vinewood_Tee_019_M	mpVinewood_overlays	update/x64/dlcpacks/mpvinewood/dlc.rpf/common/data/effects/peds/mpvinewood_overlays.xml	ZONE_TORSO	TYPE_BADGE	GENDER_MALE	0.737000	0.670000	0.140000	0.140000	0.000000	MP_Vinewood_Tee_019	MP_Vinewood_Tee_019
MP_Vinewood_Tee_019_F	mpVinewood_overlays	update/x64/dlcpacks/mpvinewood/dlc.rpf/common/data/effects/peds/mpvinewood_overlays.xml	ZONE_TORSO	TYPE_BADGE	GENDER_FEMALE	0.735000	0.670000	0.130000	0.130000	0.000000	MP_Vinewood_Tee_019	MP_Vinewood_Tee_019
MP_Vinewood_Tee_020_M	mpVinewood_overlays	update/x64/dlcpacks/mpvinewood/dlc.rpf/common/data/effects/peds/mpvinewood_overlays.xml	ZONE_TORSO	TYPE_BADGE	GENDER_MALE	0.737000	0.700000	0.160000	0.160000	0.000000	MP_Vinewood_Tee_020	MP_Vinewood_Tee_020
MP_Vinewood_Tee_020_F	mpVinewood_overlays	update/x64/dlcpacks/mpvinewood/dlc.rpf/common/data/effects/peds/mpvinewood_overlays.xml	ZONE_TORSO	TYPE_BADGE	GENDER_FEMALE	0.727000	0.690000	0.130000	0.130000	0.000000	MP_Vinewood_Tee_020	MP_Vinewood_Tee_020
MP_Vinewood_Tee_021_M	mpVinewood_overlays	update/x64/dlcpacks/mpvinewood/dlc.rpf/common/data/effects/peds/mpvinewood_overlays.xml	ZONE_TORSO	TYPE_BADGE	GENDER_MALE	0.737000	0.700000	0.140000	0.140000	0.000000	MP_Vinewood_Tee_021	MP_Vinewood_Tee_021
MP_Vinewood_Tee_021_F	mpVinewood_overlays	update/x64/dlcpacks/mpvinewood/dlc.rpf/common/data/effects/peds/mpvinewood_overlays.xml	ZONE_TORSO	TYPE_BADGE	GENDER_FEMALE	0.735000	0.700000	0.130000	0.130000	0.000000	MP_Vinewood_Tee_021	MP_Vinewood_Tee_021
MP_Vinewood_Tee_022_M	mpVinewood_overlays	update/x64/dlcpacks/mpvinewood/dlc.rpf/common/data/effects/peds/mpvinewood_overlays.xml	ZONE_TORSO	TYPE_BADGE	GENDER_MALE	0.737000	0.700000	0.130000	0.130000	0.000000	MP_Vinewood_Tee_022	MP_Vinewood_Tee_022
MP_Vinewood_Tee_022_F	mpVinewood_overlays	update/x64/dlcpacks/mpvinewood/dlc.rpf/common/data/effects/peds/mpvinewood_overlays.xml	ZONE_TORSO	TYPE_BADGE	GENDER_FEMALE	0.735000	0.700000	0.100000	0.100000	0.000000	MP_Vinewood_Tee_022	MP_Vinewood_Tee_022
MP_Vinewood_Tee_023_M	mpVinewood_overlays	update/x64/dlcpacks/mpvinewood/dlc.rpf/common/data/effects/peds/mpvinewood_overlays.xml	ZONE_TORSO	TYPE_BADGE	GENDER_MALE	0.737000	0.690000	0.140000	0.140000	0.000000	MP_Vinewood_Tee_023	MP_Vinewood_Tee_023
MP_Vinewood_Tee_023_F	mpVinewood_overlays	update/x64/dlcpacks/mpvinewood/dlc.rpf/common/data/effects/peds/mpvinewood_overlays.xml	ZONE_TORSO	TYPE_BADGE	GENDER_FEMALE	0.735000	0.680000	0.130000	0.130000	0.000000	MP_Vinewood_Tee_023	MP_Vinewood_Tee_023
MP_Vinewood_Tee_024_M	mpVinewood_overlays	update/x64/dlcpacks/mpvinewood/dlc.rpf/common/data/effects/peds/mpvinewood_overlays.xml	ZONE_TORSO	TYPE_BADGE	GENDER_MALE	0.737000	0.700000	0.140000	0.140000	0.000000	MP_Vinewood_Tee_024	MP_Vinewood_Tee_024
MP_Vinewood_Tee_024_F	mpVinewood_overlays	update/x64/dlcpacks/mpvinewood/dlc.rpf/common/data/effects/peds/mpvinewood_overlays.xml	ZONE_TORSO	TYPE_BADGE	GENDER_FEMALE	0.735000	0.700000	0.130000	0.130000	0.000000	MP_Vinewood_Tee_024	MP_Vinewood_Tee_024
MP_Vinewood_Tee_025_M	mpVinewood_overlays	update/x64/dlcpacks/mpvinewood/dlc.rpf/common/data/effects/peds/mpvinewood_overlays.xml	ZONE_TORSO	TYPE_BADGE	GENDER_MALE	0.737000	0.720000	0.140000	0.140000	0.000000	MP_Vinewood_Tee_025	MP_Vinewood_Tee_025
MP_Vinewood_Tee_025_F	mpVinewood_overlays	update/x64/dlcpacks/mpvinewood/dlc.rpf/common/data/effects/peds/mpvinewood_overlays.xml	ZONE_TORSO	TYPE_BADGE	GENDER_FEMALE	0.735000	0.700000	0.130000	0.130000	0.000000	MP_Vinewood_Tee_025	MP_Vinewood_Tee_025
MP_Vinewood_Tee_026_M	mpVinewood_overlays	update/x64/dlcpacks/mpvinewood/dlc.rpf/common/data/effects/peds/mpvinewood_overlays.xml	ZONE_TORSO	TYPE_BADGE	GENDER_MALE	0.737000	0.680000	0.110000	0.110000	0.000000	MP_Vinewood_Tee_026	MP_Vinewood_Tee_026
MP_Vinewood_Tee_026_F	mpVinewood_overlays	update/x64/dlcpacks/mpvinewood/dlc.rpf/common/data/effects/peds/mpvinewood_overlays.xml	ZONE_TORSO	TYPE_BADGE	GENDER_FEMALE	0.735000	0.690000	0.110000	0.110000	0.000000	MP_Vinewood_Tee_026	MP_Vinewood_Tee_026
MP_Vinewood_Tee_027_M	mpVinewood_overlays	update/x64/dlcpacks/mpvinewood/dlc.rpf/common/data/effects/peds/mpvinewood_overlays.xml	ZONE_TORSO	TYPE_BADGE	GENDER_MALE	0.737000	0.690000	0.140000	0.140000	0.000000	MP_Vinewood_Tee_027	MP_Vinewood_Tee_027
MP_Vinewood_Tee_027_F	mpVinewood_overlays	update/x64/dlcpacks/mpvinewood/dlc.rpf/common/data/effects/peds/mpvinewood_overlays.xml	ZONE_TORSO	TYPE_BADGE	GENDER_FEMALE	0.735000	0.690000	0.120000	0.120000	0.000000	MP_Vinewood_Tee_027	MP_Vinewood_Tee_027
MP_Vinewood_Tee_028_M	mpVinewood_overlays	update/x64/dlcpacks/mpvinewood/dlc.rpf/common/data/effects/peds/mpvinewood_overlays.xml	ZONE_TORSO	TYPE_BADGE	GENDER_MALE	0.737000	0.720000	0.140000	0.140000	0.000000	MP_Vinewood_Tee_028	MP_Vinewood_Tee_028
MP_Vinewood_Tee_028_F	mpVinewood_overlays	update/x64/dlcpacks/mpvinewood/dlc.rpf/common/data/effects/peds/mpvinewood_overlays.xml	ZONE_TORSO	TYPE_BADGE	GENDER_FEMALE	0.735000	0.710000	0.130000	0.130000	0.000000	MP_Vinewood_Tee_028	MP_Vinewood_Tee_028
MP_Vinewood_Tee_029_M	mpVinewood_overlays	update/x64/dlcpacks/mpvinewood/dlc.rpf/common/data/effects/peds/mpvinewood_overlays.xml	ZONE_TORSO	TYPE_BADGE	GENDER_MALE	0.737000	0.700000	0.140000	0.140000	0.000000	MP_Vinewood_Tee_029	MP_Vinewood_Tee_029
MP_Vinewood_Tee_029_F	mpVinewood_overlays	update/x64/dlcpacks/mpvinewood/dlc.rpf/common/data/effects/peds/mpvinewood_overlays.xml	ZONE_TORSO	TYPE_BADGE	GENDER_FEMALE	0.735000	0.690000	0.130000	0.130000	0.000000	MP_Vinewood_Tee_029	MP_Vinewood_Tee_029
MP_IHeartLC_000_M	mpxmas_604490_overlays	update/x64/dlcpacks/mpxmas_604490/dlc.rpf/common/data/effects/peds/mpxmas_604490_overlays.xml	ZONE_TORSO	TYPE_BADGE	GENDER_MALE	0.740000	0.630000	0.10000000	0.100000	0.000000	I_Heart_LC	I_Heart_LC
MP_IHeartLC_001_F	mpxmas_604490_overlays	update/x64/dlcpacks/mpxmas_604490/dlc.rpf/common/data/effects/peds/mpxmas_604490_overlays.xml	ZONE_TORSO	TYPE_BADGE	GENDER_FEMALE	0.724000	0.655000	0.08000	0.080000	0.000000	I_Heart_LC	I_Heart_LC
Hair_014_Fix	mpxmas_604490_overlays	update/x64/dlcpacks/mpxmas_604490/dlc.rpf/common/data/effects/peds/mpxmas_604490_overlays.xml	ZONE_HEAD	TYPE_TATTOO	GENDER_FEMALE	0.500000	0.500000	0.600000	0.500000	0.000000	MP_Hair_014_Fix	MP_Hair_014_Fix
MP_Bea_F_Back_000	mpBeach_overlays	x64w.rpf/dlcpacks/mpbeach/dlc.rpf/common/data/effects/peds/mpbeach_overlays.xml	ZONE_TORSO	TYPE_TATTOO	GENDER_FEMALE	0.220000	0.380000	0.240000	0.200000	0.000000	mp_bea_tat_f_003	mp_bea_tat_f_003
MP_Bea_F_Back_001	mpBeach_overlays	x64w.rpf/dlcpacks/mpbeach/dlc.rpf/common/data/effects/peds/mpbeach_overlays.xml	ZONE_TORSO	TYPE_TATTOO	GENDER_FEMALE	0.320000	0.700000	0.120000	0.120000	0.000000	mp_bea_tat_f_001	mp_bea_tat_f_001
MP_Bea_F_Back_002	mpBeach_overlays	x64w.rpf/dlcpacks/mpbeach/dlc.rpf/common/data/effects/peds/mpbeach_overlays.xml	ZONE_TORSO	TYPE_TATTOO	GENDER_FEMALE	0.220000	0.330000	0.120000	0.080000	0.000000	mp_bea_tat_f_005	mp_bea_tat_f_005
MP_Bea_F_Chest_000	mpBeach_overlays	x64w.rpf/dlcpacks/mpbeach/dlc.rpf/common/data/effects/peds/mpbeach_overlays.xml	ZONE_TORSO	TYPE_TATTOO	GENDER_FEMALE	0.850000	0.680000	0.060000	0.060000	-45.000000	mp_bea_tat_f_012	mp_bea_tat_f_012
MP_Bea_F_Chest_001	mpBeach_overlays	x64w.rpf/dlcpacks/mpbeach/dlc.rpf/common/data/effects/peds/mpbeach_overlays.xml	ZONE_TORSO	TYPE_TATTOO	GENDER_FEMALE	0.620000	0.680000	0.060000	0.060000	45.000000	mp_bea_tat_f_012	mp_bea_tat_f_012
MP_Bea_F_Chest_002	mpBeach_overlays	x64w.rpf/dlcpacks/mpbeach/dlc.rpf/common/data/effects/peds/mpbeach_overlays.xml	ZONE_TORSO	TYPE_TATTOO	GENDER_FEMALE	0.735000	0.600000	0.100000	0.100000	0.000000	mp_bea_tat_f_000	mp_bea_tat_f_000
MP_Bea_F_RSide_000	mpBeach_overlays	x64w.rpf/dlcpacks/mpbeach/dlc.rpf/common/data/effects/peds/mpbeach_overlays.xml	ZONE_TORSO	TYPE_TATTOO	GENDER_FEMALE	0.450000	0.400000	0.180000	0.160000	0.000000	mp_bea_tat_f_006	mp_bea_tat_f_006
MP_Bea_F_RLeg_000	mpBeach_overlays	x64w.rpf/dlcpacks/mpbeach/dlc.rpf/common/data/effects/peds/mpbeach_overlays.xml	ZONE_RIGHT_LEG	TYPE_TATTOO	GENDER_FEMALE	0.750000	0.360000	0.200000	0.200000	0.000000	mp_bea_tat_f_007	mp_bea_tat_f_007
MP_Bea_F_RArm_001	mpBeach_overlays	x64w.rpf/dlcpacks/mpbeach/dlc.rpf/common/data/effects/peds/mpbeach_overlays.xml	ZONE_RIGHT_ARM	TYPE_TATTOO	GENDER_FEMALE	0.520000	0.800000	0.120000	0.120000	7.000000	mp_bea_tat_f_014	mp_bea_tat_f_014
MP_Bea_F_Neck_000	mpBeach_overlays	x64w.rpf/dlcpacks/mpbeach/dlc.rpf/common/data/effects/peds/mpbeach_overlays.xml	ZONE_HEAD	TYPE_TATTOO	GENDER_FEMALE	0.175000	0.380000	0.140000	0.110000	0.000000	mp_bea_tat_f_008	mp_bea_tat_f_008
MP_Bea_F_Should_000	mpBeach_overlays	x64w.rpf/dlcpacks/mpbeach/dlc.rpf/common/data/effects/peds/mpbeach_overlays.xml	ZONE_TORSO	TYPE_TATTOO	GENDER_FEMALE	0.235000	0.700000	0.210000	0.180000	0.000000	mp_bea_tat_f_011	mp_bea_tat_f_011
MP_Bea_F_Should_001	mpBeach_overlays	x64w.rpf/dlcpacks/mpbeach/dlc.rpf/common/data/effects/peds/mpbeach_overlays.xml	ZONE_TORSO	TYPE_TATTOO	GENDER_FEMALE	1.150000	0.720000	0.110000	0.120000	37.080002	mp_bea_tat_f_004	mp_bea_tat_f_004
MP_Bea_F_Stom_000	mpBeach_overlays	x64w.rpf/dlcpacks/mpbeach/dlc.rpf/common/data/effects/peds/mpbeach_overlays.xml	ZONE_TORSO	TYPE_TATTOO	GENDER_FEMALE	0.840000	0.340000	0.070000	0.070000	28.080000	mp_bea_tat_f_013	mp_bea_tat_f_013
MP_Bea_F_Stom_001	mpBeach_overlays	x64w.rpf/dlcpacks/mpbeach/dlc.rpf/common/data/effects/peds/mpbeach_overlays.xml	ZONE_TORSO	TYPE_TATTOO	GENDER_FEMALE	0.650000	0.290000	0.060000	0.060000	-45.000000	mp_bea_tat_f_009	mp_bea_tat_f_009
MP_Bea_F_Stom_002	mpBeach_overlays	x64w.rpf/dlcpacks/mpbeach/dlc.rpf/common/data/effects/peds/mpbeach_overlays.xml	ZONE_TORSO	TYPE_TATTOO	GENDER_FEMALE	0.830000	0.310000	0.080000	0.080000	40.000000	mp_bea_tat_f_010	mp_bea_tat_f_010
MP_Bea_F_LArm_000	mpBeach_overlays	x64w.rpf/dlcpacks/mpbeach/dlc.rpf/common/data/effects/peds/mpbeach_overlays.xml	ZONE_LEFT_ARM	TYPE_TATTOO	GENDER_FEMALE	0.700000	0.500000	0.060000	0.060000	7.000000	mp_bea_tat_f_002	mp_bea_tat_f_002
MP_Bea_F_LArm_001	mpBeach_overlays	x64w.rpf/dlcpacks/mpbeach/dlc.rpf/common/data/effects/peds/mpbeach_overlays.xml	ZONE_LEFT_ARM	TYPE_TATTOO	GENDER_FEMALE	0.500000	0.800000	0.150000	0.150000	7.000000	mp_bea_tat_f_015	mp_bea_tat_f_015
MP_Bea_M_Back_000	mpBeach_overlays	x64w.rpf/dlcpacks/mpbeach/dlc.rpf/common/data/effects/peds/mpbeach_overlays.xml	ZONE_TORSO	TYPE_TATTOO	GENDER_MALE	0.236000	0.550000	0.180000	0.240000	0.000000	mp_bea_tat_m_001	mp_bea_tat_m_001
MP_Bea_M_Chest_000	mpBeach_overlays	x64w.rpf/dlcpacks/mpbeach/dlc.rpf/common/data/effects/peds/mpbeach_overlays.xml	ZONE_TORSO	TYPE_TATTOO	GENDER_MALE	0.820000	0.585000	0.100000	0.120000	0.000000	mp_bea_tat_m_002	mp_bea_tat_m_002
MP_Bea_M_Chest_001	mpBeach_overlays	x64w.rpf/dlcpacks/mpbeach/dlc.rpf/common/data/effects/peds/mpbeach_overlays.xml	ZONE_TORSO	TYPE_TATTOO	GENDER_MALE	0.610000	0.600000	0.100000	0.120000	-9.360000	mp_bea_tat_m_003	mp_bea_tat_m_003
MP_Bea_M_Head_000	mpBeach_overlays	x64w.rpf/dlcpacks/mpbeach/dlc.rpf/common/data/effects/peds/mpbeach_overlays.xml	ZONE_HEAD	TYPE_TATTOO	GENDER_MALE	0.500000	0.680000	0.350000	0.220000	0.000000	mp_bea_tat_m_004	mp_bea_tat_m_004
MP_Bea_M_Head_001	mpBeach_overlays	x64w.rpf/dlcpacks/mpbeach/dlc.rpf/common/data/effects/peds/mpbeach_overlays.xml	ZONE_HEAD	TYPE_TATTOO	GENDER_MALE	0.840000	0.680000	0.100000	0.100000	-71.279999	mp_bea_tat_m_005	mp_bea_tat_m_005
MP_Bea_M_Head_002	mpBeach_overlays	x64w.rpf/dlcpacks/mpbeach/dlc.rpf/common/data/effects/peds/mpbeach_overlays.xml	ZONE_HEAD	TYPE_TATTOO	GENDER_MALE	0.150000	0.670000	-0.100000	0.120000	-17.000000	mp_bea_tat_m_014	mp_bea_tat_m_014
MP_Bea_M_Lleg_000	mpBeach_overlays	x64w.rpf/dlcpacks/mpbeach/dlc.rpf/common/data/effects/peds/mpbeach_overlays.xml	ZONE_LEFT_LEG	TYPE_TATTOO	GENDER_MALE	0.200000	0.340000	0.150000	0.180000	0.000000	mp_bea_tat_m_010	mp_bea_tat_m_010
MP_Bea_M_Rleg_000	mpBeach_overlays	x64w.rpf/dlcpacks/mpbeach/dlc.rpf/common/data/effects/peds/mpbeach_overlays.xml	ZONE_RIGHT_LEG	TYPE_TATTOO	GENDER_MALE	0.750000	0.340000	0.200000	0.200000	0.000000	mp_bea_tat_m_008	mp_bea_tat_m_008
MP_Bea_M_RArm_000	mpBeach_overlays	x64w.rpf/dlcpacks/mpbeach/dlc.rpf/common/data/effects/peds/mpbeach_overlays.xml	ZONE_RIGHT_ARM	TYPE_TATTOO	GENDER_MALE	0.500000	0.830000	0.100000	0.150000	0.000000	mp_bea_tat_m_009	mp_bea_tat_m_009
MP_Bea_M_LArm_000	mpBeach_overlays	x64w.rpf/dlcpacks/mpbeach/dlc.rpf/common/data/effects/peds/mpbeach_overlays.xml	ZONE_LEFT_ARM	TYPE_TATTOO	GENDER_MALE	0.500000	0.850000	0.100000	0.120000	0.000000	mp_bea_tat_m_007	mp_bea_tat_m_007
MP_Bea_M_LArm_001	mpBeach_overlays	x64w.rpf/dlcpacks/mpbeach/dlc.rpf/common/data/effects/peds/mpbeach_overlays.xml	ZONE_LEFT_ARM	TYPE_TATTOO	GENDER_MALE	0.500000	0.880000	0.070000	0.100000	0.000000	mp_bea_tat_m_000	mp_bea_tat_m_000
MP_Bea_M_Neck_000	mpBeach_overlays	x64w.rpf/dlcpacks/mpbeach/dlc.rpf/common/data/effects/peds/mpbeach_overlays.xml	ZONE_HEAD	TYPE_TATTOO	GENDER_MALE	0.800000	0.350000	0.100000	0.100000	0.000000	mp_bea_tat_m_011	mp_bea_tat_m_011
MP_Bea_M_Neck_001	mpBeach_overlays	x64w.rpf/dlcpacks/mpbeach/dlc.rpf/common/data/effects/peds/mpbeach_overlays.xml	ZONE_HEAD	TYPE_TATTOO	GENDER_MALE	0.300000	0.300000	0.180000	0.120000	-23.400000	mp_bea_tat_m_012	mp_bea_tat_m_012
MP_Bea_M_RArm_001	mpBeach_overlays	x64w.rpf/dlcpacks/mpbeach/dlc.rpf/common/data/effects/peds/mpbeach_overlays.xml	ZONE_RIGHT_ARM	TYPE_TATTOO	GENDER_MALE	0.500000	0.840000	0.100000	0.140000	0.000000	mp_bea_tat_m_013	mp_bea_tat_m_013
MP_Bea_M_Stom_000	mpBeach_overlays	x64w.rpf/dlcpacks/mpbeach/dlc.rpf/common/data/effects/peds/mpbeach_overlays.xml	ZONE_TORSO	TYPE_TATTOO	GENDER_MALE	0.840000	0.220000	0.100000	0.100000	30.000000	mp_bea_tat_m_006	mp_bea_tat_m_006
MP_Bea_M_Stom_001	mpBeach_overlays	x64w.rpf/dlcpacks/mpbeach/dlc.rpf/common/data/effects/peds/mpbeach_overlays.xml	ZONE_TORSO	TYPE_TATTOO	GENDER_MALE	0.740000	0.320000	0.200000	0.200000	0.000000	mp_bea_tat_m_015	mp_bea_tat_m_015
FM_Hair_Fuzz	mpBeach_overlays	x64w.rpf/dlcpacks/mpbeach/dlc.rpf/common/data/effects/peds/mpbeach_overlays.xml	ZONE_HEAD	TYPE_TATTOO	GENDER_DONTCARE	0.500000	0.500000	0.600000	0.500000	0.000000	mp_hair_fuzz	mp_hair_fuzz
MP_Buis_M_Neck_000	mpBusiness_overlays	x64w.rpf/dlcpacks/mpbusiness/dlc.rpf/common/data/effects/peds/mpbusiness_overlays.xml	ZONE_HEAD	TYPE_TATTOO	GENDER_MALE	0.525000	0.220000	0.300000	0.200000	0.000000	MP_Bus_Tat_M_000	MP_Bus_Tat_M_000
MP_Buis_M_Neck_001	mpBusiness_overlays	x64w.rpf/dlcpacks/mpbusiness/dlc.rpf/common/data/effects/peds/mpbusiness_overlays.xml	ZONE_HEAD	TYPE_TATTOO	GENDER_MALE	0.230000	0.350000	0.070000	0.070000	0.000000	MP_Bus_Tat_M_004	MP_Bus_Tat_M_004
MP_Buis_M_Neck_002	mpBusiness_overlays	x64w.rpf/dlcpacks/mpbusiness/dlc.rpf/common/data/effects/peds/mpbusiness_overlays.xml	ZONE_HEAD	TYPE_TATTOO	GENDER_MALE	0.830000	0.350000	0.100000	0.100000	0.000000	MP_Bus_Tat_M_005	MP_Bus_Tat_M_005
MP_Buis_M_Neck_003	mpBusiness_overlays	x64w.rpf/dlcpacks/mpbusiness/dlc.rpf/common/data/effects/peds/mpbusiness_overlays.xml	ZONE_HEAD	TYPE_TATTOO	GENDER_MALE	0.000000	0.450000	0.150000	0.150000	0.000000	MP_Bus_Tat_M_006	MP_Bus_Tat_M_006
MP_Buis_M_LeftArm_000	mpBusiness_overlays	x64w.rpf/dlcpacks/mpbusiness/dlc.rpf/common/data/effects/peds/mpbusiness_overlays.xml	ZONE_LEFT_ARM	TYPE_TATTOO	GENDER_MALE	0.800000	0.460000	0.130000	0.160000	90.000000	MP_Bus_Tat_M_001	MP_Bus_Tat_M_001
MP_Buis_M_LeftArm_001	mpBusiness_overlays	x64w.rpf/dlcpacks/mpbusiness/dlc.rpf/common/data/effects/peds/mpbusiness_overlays.xml	ZONE_LEFT_ARM	TYPE_TATTOO	GENDER_MALE	0.300000	0.620000	0.100000	0.100000	0.000000	MP_Bus_Tat_M_010	MP_Bus_Tat_M_010
MP_Buis_M_RightArm_000	mpBusiness_overlays	x64w.rpf/dlcpacks/mpbusiness/dlc.rpf/common/data/effects/peds/mpbusiness_overlays.xml	ZONE_RIGHT_ARM	TYPE_TATTOO	GENDER_MALE	0.500000	0.860000	0.070000	0.100000	0.000000	MP_Bus_Tat_M_007	MP_Bus_Tat_M_007
MP_Buis_M_RightArm_001	mpBusiness_overlays	x64w.rpf/dlcpacks/mpbusiness/dlc.rpf/common/data/effects/peds/mpbusiness_overlays.xml	ZONE_RIGHT_ARM	TYPE_TATTOO	GENDER_MALE	0.150000	0.450000	0.170000	0.170000	90.000000	MP_Bus_Tat_M_011	MP_Bus_Tat_M_011
MP_Buis_M_Stomach_000	mpBusiness_overlays	x64w.rpf/dlcpacks/mpbusiness/dlc.rpf/common/data/effects/peds/mpbusiness_overlays.xml	ZONE_TORSO	TYPE_TATTOO	GENDER_MALE	0.725000	0.390000	0.200000	0.220000	0.000000	MP_Bus_Tat_M_002	MP_Bus_Tat_M_002
MP_Buis_M_Chest_000	mpBusiness_overlays	x64w.rpf/dlcpacks/mpbusiness/dlc.rpf/common/data/effects/peds/mpbusiness_overlays.xml	ZONE_TORSO	TYPE_TATTOO	GENDER_MALE	0.820000	0.600000	0.100000	0.100000	0.000000	MP_Bus_Tat_M_008	MP_Bus_Tat_M_008
MP_Buis_M_Chest_001	mpBusiness_overlays	x64w.rpf/dlcpacks/mpbusiness/dlc.rpf/common/data/effects/peds/mpbusiness_overlays.xml	ZONE_TORSO	TYPE_TATTOO	GENDER_MALE	-0.360000	0.600000	0.100000	0.150000	0.000000	MP_Bus_Tat_M_009	MP_Bus_Tat_M_009
MP_Buis_M_Back_000	mpBusiness_overlays	x64w.rpf/dlcpacks/mpbusiness/dlc.rpf/common/data/effects/peds/mpbusiness_overlays.xml	ZONE_TORSO	TYPE_TATTOO	GENDER_MALE	0.225000	0.240000	0.180000	0.270000	0.000000	MP_Bus_Tat_M_003	MP_Bus_Tat_M_003
MP_Buis_F_Chest_000	mpBusiness_overlays	x64w.rpf/dlcpacks/mpbusiness/dlc.rpf/common/data/effects/peds/mpbusiness_overlays.xml	ZONE_TORSO	TYPE_TATTOO	GENDER_FEMALE	0.735000	0.640000	0.180000	0.200000	0.000000	MP_Bus_Tat_F_000	MP_Bus_Tat_F_000
MP_Buis_F_Chest_001	mpBusiness_overlays	x64w.rpf/dlcpacks/mpbusiness/dlc.rpf/common/data/effects/peds/mpbusiness_overlays.xml	ZONE_TORSO	TYPE_TATTOO	GENDER_FEMALE	0.740000	0.610000	0.200000	0.200000	0.000000	MP_Bus_Tat_F_008	MP_Bus_Tat_F_008
MP_Buis_F_Chest_002	mpBusiness_overlays	x64w.rpf/dlcpacks/mpbusiness/dlc.rpf/common/data/effects/peds/mpbusiness_overlays.xml	ZONE_TORSO	TYPE_TATTOO	GENDER_FEMALE	0.840000	0.700000	0.050000	0.050000	0.000000	MP_Bus_Tat_F_011	MP_Bus_Tat_F_011
MP_Buis_F_Stom_000	mpBusiness_overlays	x64w.rpf/dlcpacks/mpbusiness/dlc.rpf/common/data/effects/peds/mpbusiness_overlays.xml	ZONE_TORSO	TYPE_TATTOO	GENDER_FEMALE	0.720000	0.410000	0.200000	0.180000	0.000000	MP_Bus_Tat_F_007	MP_Bus_Tat_F_007
MP_Buis_F_Stom_001	mpBusiness_overlays	x64w.rpf/dlcpacks/mpbusiness/dlc.rpf/common/data/effects/peds/mpbusiness_overlays.xml	ZONE_TORSO	TYPE_TATTOO	GENDER_FEMALE	0.820000	0.270000	0.050000	0.050000	0.000000	MP_Bus_Tat_F_012	MP_Bus_Tat_F_012
MP_Buis_F_Stom_002	mpBusiness_overlays	x64w.rpf/dlcpacks/mpbusiness/dlc.rpf/common/data/effects/peds/mpbusiness_overlays.xml	ZONE_TORSO	TYPE_TATTOO	GENDER_FEMALE	0.620000	0.280000	0.050000	0.050000	0.000000	MP_Bus_Tat_F_013	MP_Bus_Tat_F_013
MP_Buis_F_Back_000	mpBusiness_overlays	x64w.rpf/dlcpacks/mpbusiness/dlc.rpf/common/data/effects/peds/mpbusiness_overlays.xml	ZONE_TORSO	TYPE_TATTOO	GENDER_FEMALE	0.220000	0.350000	0.250000	0.200000	0.000000	MP_Bus_Tat_F_001	MP_Bus_Tat_F_001
MP_Buis_F_Back_001	mpBusiness_overlays	x64w.rpf/dlcpacks/mpbusiness/dlc.rpf/common/data/effects/peds/mpbusiness_overlays.xml	ZONE_TORSO	TYPE_TATTOO	GENDER_FEMALE	0.235000	0.300000	0.100000	0.100000	0.000000	MP_Bus_Tat_F_009	MP_Bus_Tat_F_009
MP_Buis_F_Neck_000	mpBusiness_overlays	x64w.rpf/dlcpacks/mpbusiness/dlc.rpf/common/data/effects/peds/mpbusiness_overlays.xml	ZONE_HEAD	TYPE_TATTOO	GENDER_FEMALE	0.180000	0.350000	0.110000	0.110000	0.000000	MP_Bus_Tat_F_003	MP_Bus_Tat_F_003
MP_Buis_F_Neck_001	mpBusiness_overlays	x64w.rpf/dlcpacks/mpbusiness/dlc.rpf/common/data/effects/peds/mpbusiness_overlays.xml	ZONE_HEAD	TYPE_TATTOO	GENDER_FEMALE	0.820000	0.370000	0.100000	0.080000	30.000000	MP_Bus_Tat_F_004	MP_Bus_Tat_F_004
MP_Buis_F_RArm_000	mpBusiness_overlays	x64w.rpf/dlcpacks/mpbusiness/dlc.rpf/common/data/effects/peds/mpbusiness_overlays.xml	ZONE_RIGHT_ARM	TYPE_TATTOO	GENDER_FEMALE	0.230000	0.480000	0.080000	0.080000	-4.680000	MP_Bus_Tat_F_006	MP_Bus_Tat_F_006
MP_Buis_F_LArm_000	mpBusiness_overlays	x64w.rpf/dlcpacks/mpbusiness/dlc.rpf/common/data/effects/peds/mpbusiness_overlays.xml	ZONE_LEFT_ARM	TYPE_TATTOO	GENDER_FEMALE	0.740000	0.400000	0.130000	0.230000	93.000000	MP_Bus_Tat_F_010	MP_Bus_Tat_F_010
MP_Buis_F_LLeg_000	mpBusiness_overlays	x64w.rpf/dlcpacks/mpbusiness/dlc.rpf/common/data/effects/peds/mpbusiness_overlays.xml	ZONE_LEFT_LEG	TYPE_TATTOO	GENDER_FEMALE	0.200000	0.370000	0.100000	0.100000	30.000000	MP_Bus_Tat_F_002	MP_Bus_Tat_F_002
MP_Buis_F_RLeg_000	mpBusiness_overlays	x64w.rpf/dlcpacks/mpbusiness/dlc.rpf/common/data/effects/peds/mpbusiness_overlays.xml	ZONE_RIGHT_LEG	TYPE_TATTOO	GENDER_FEMALE	0.800000	0.370000	0.100000	0.100000	30.000000	MP_Bus_Tat_F_005	MP_Bus_Tat_F_005
MP_Male_Crew_Tat_000	mpBusiness_overlays	x64w.rpf/dlcpacks/mpbusiness/dlc.rpf/common/data/effects/peds/mpbusiness_overlays.xml	ZONE_TORSO	TYPE_TATTOO	GENDER_MALE	-0.170000	0.615000	0.070000	0.070000	-15.000000	CREW_EMBLEM_TEXTURE	CREW_EMBLEM_TEXTURE
MP_Male_Crew_Tat_001	mpBusiness_overlays	x64w.rpf/dlcpacks/mpbusiness/dlc.rpf/common/data/effects/peds/mpbusiness_overlays.xml	ZONE_RIGHT_ARM	TYPE_TATTOO	GENDER_MALE	0.500000	0.880000	0.040000	0.060000	0.000000	CREW_EMBLEM_TEXTURE	CREW_EMBLEM_TEXTURE
MP_Female_Crew_Tat_000	mpBusiness_overlays	x64w.rpf/dlcpacks/mpbusiness/dlc.rpf/common/data/effects/peds/mpbusiness_overlays.xml	ZONE_TORSO	TYPE_TATTOO	GENDER_FEMALE	-0.170000	0.670000	0.060000	0.060000	-15.000000	CREW_EMBLEM_TEXTURE	CREW_EMBLEM_TEXTURE
MP_Female_Crew_Tat_001	mpBusiness_overlays	x64w.rpf/dlcpacks/mpbusiness/dlc.rpf/common/data/effects/peds/mpbusiness_overlays.xml	ZONE_RIGHT_ARM	TYPE_TATTOO	GENDER_FEMALE	0.500000	0.900000	0.060000	0.060000	0.000000	CREW_EMBLEM_TEXTURE	CREW_EMBLEM_TEXTURE
FM_Bus_F_Hair_a	mpBusiness_overlays	x64w.rpf/dlcpacks/mpbusiness/dlc.rpf/common/data/effects/peds/mpbusiness_overlays.xml	ZONE_HEAD	TYPE_TATTOO	GENDER_FEMALE	0.500000	0.500000	0.600000	0.500000	0.000000	mp_bus_f_hair_000_a	mp_bus_f_hair_000_a
FM_Bus_F_Hair_b	mpBusiness_overlays	x64w.rpf/dlcpacks/mpbusiness/dlc.rpf/common/data/effects/peds/mpbusiness_overlays.xml	ZONE_HEAD	TYPE_TATTOO	GENDER_FEMALE	0.500000	0.500000	0.600000	0.500000	0.000000	mp_bus_f_hair_000_b	mp_bus_f_hair_000_b
FM_Bus_F_Hair_c	mpBusiness_overlays	x64w.rpf/dlcpacks/mpbusiness/dlc.rpf/common/data/effects/peds/mpbusiness_overlays.xml	ZONE_HEAD	TYPE_TATTOO	GENDER_FEMALE	0.500000	0.500000	0.600000	0.500000	0.000000	mp_bus_f_hair_000_c	mp_bus_f_hair_000_c
FM_Bus_F_Hair_d	mpBusiness_overlays	x64w.rpf/dlcpacks/mpbusiness/dlc.rpf/common/data/effects/peds/mpbusiness_overlays.xml	ZONE_HEAD	TYPE_TATTOO	GENDER_FEMALE	0.500000	0.500000	0.600000	0.500000	0.000000	mp_bus_f_hair_000_d	mp_bus_f_hair_000_d
FM_Bus_F_Hair_e	mpBusiness_overlays	x64w.rpf/dlcpacks/mpbusiness/dlc.rpf/common/data/effects/peds/mpbusiness_overlays.xml	ZONE_HEAD	TYPE_TATTOO	GENDER_FEMALE	0.500000	0.500000	0.600000	0.500000	0.000000	mp_bus_f_hair_000_e	mp_bus_f_hair_000_e
FM_Bus_M_Hair_000_a	mpBusiness_overlays	x64w.rpf/dlcpacks/mpbusiness/dlc.rpf/common/data/effects/peds/mpbusiness_overlays.xml	ZONE_HEAD	TYPE_TATTOO	GENDER_MALE	0.500000	0.500000	0.600000	0.500000	0.000000	MP_Bus_M_Hair_000_a	MP_Bus_M_Hair_000_a
FM_Bus_M_Hair_000_b	mpBusiness_overlays	x64w.rpf/dlcpacks/mpbusiness/dlc.rpf/common/data/effects/peds/mpbusiness_overlays.xml	ZONE_HEAD	TYPE_TATTOO	GENDER_MALE	0.500000	0.500000	0.600000	0.500000	0.000000	MP_Bus_M_Hair_000_b	MP_Bus_M_Hair_000_b
FM_Bus_M_Hair_000_c	mpBusiness_overlays	x64w.rpf/dlcpacks/mpbusiness/dlc.rpf/common/data/effects/peds/mpbusiness_overlays.xml	ZONE_HEAD	TYPE_TATTOO	GENDER_MALE	0.500000	0.500000	0.600000	0.500000	0.000000	MP_Bus_M_Hair_000_c	MP_Bus_M_Hair_000_c
FM_Bus_M_Hair_000_d	mpBusiness_overlays	x64w.rpf/dlcpacks/mpbusiness/dlc.rpf/common/data/effects/peds/mpbusiness_overlays.xml	ZONE_HEAD	TYPE_TATTOO	GENDER_MALE	0.500000	0.500000	0.600000	0.500000	0.000000	MP_Bus_M_Hair_000_d	MP_Bus_M_Hair_000_d
FM_Bus_M_Hair_000_e	mpBusiness_overlays	x64w.rpf/dlcpacks/mpbusiness/dlc.rpf/common/data/effects/peds/mpbusiness_overlays.xml	ZONE_HEAD	TYPE_TATTOO	GENDER_MALE	0.500000	0.500000	0.600000	0.500000	0.000000	MP_Bus_M_Hair_000_e	MP_Bus_M_Hair_000_e
FM_Bus_M_Hair_001_a	mpBusiness_overlays	x64w.rpf/dlcpacks/mpbusiness/dlc.rpf/common/data/effects/peds/mpbusiness_overlays.xml	ZONE_HEAD	TYPE_TATTOO	GENDER_MALE	0.500000	0.500000	0.600000	0.500000	0.000000	MP_Bus_M_Hair_001_a	MP_Bus_M_Hair_001_a
FM_Bus_M_Hair_001_b	mpBusiness_overlays	x64w.rpf/dlcpacks/mpbusiness/dlc.rpf/common/data/effects/peds/mpbusiness_overlays.xml	ZONE_HEAD	TYPE_TATTOO	GENDER_MALE	0.500000	0.500000	0.600000	0.500000	0.000000	MP_Bus_M_Hair_001_b	MP_Bus_M_Hair_001_b
FM_Bus_M_Hair_001_c	mpBusiness_overlays	x64w.rpf/dlcpacks/mpbusiness/dlc.rpf/common/data/effects/peds/mpbusiness_overlays.xml	ZONE_HEAD	TYPE_TATTOO	GENDER_MALE	0.500000	0.500000	0.600000	0.500000	0.000000	MP_Bus_M_Hair_001_c	MP_Bus_M_Hair_001_c
FM_Bus_M_Hair_001_d	mpBusiness_overlays	x64w.rpf/dlcpacks/mpbusiness/dlc.rpf/common/data/effects/peds/mpbusiness_overlays.xml	ZONE_HEAD	TYPE_TATTOO	GENDER_MALE	0.500000	0.500000	0.600000	0.500000	0.000000	MP_Bus_M_Hair_001_d	MP_Bus_M_Hair_001_d
FM_Bus_M_Hair_001_e	mpBusiness_overlays	x64w.rpf/dlcpacks/mpbusiness/dlc.rpf/common/data/effects/peds/mpbusiness_overlays.xml	ZONE_HEAD	TYPE_TATTOO	GENDER_MALE	0.500000	0.500000	0.600000	0.500000	0.000000	MP_Bus_M_Hair_001_e	MP_Bus_M_Hair_001_e
FM_Hip_M_Hair_000_a	mpHipster_overlays	x64w.rpf/dlcpacks/mphipster/dlc.rpf/common/data/effects/peds/mphipster_overlays.xml	ZONE_HEAD	TYPE_TATTOO	GENDER_MALE	0.500000	0.500000	0.600000	0.500000	0.000000	M_Hipster_Hair_000_A	M_Hipster_Hair_000_A
FM_Hip_M_Hair_000_b	mpHipster_overlays	x64w.rpf/dlcpacks/mphipster/dlc.rpf/common/data/effects/peds/mphipster_overlays.xml	ZONE_HEAD	TYPE_TATTOO	GENDER_MALE	0.500000	0.500000	0.600000	0.500000	0.000000	M_Hipster_Hair_000_B	M_Hipster_Hair_000_B
FM_Hip_M_Hair_000_c	mpHipster_overlays	x64w.rpf/dlcpacks/mphipster/dlc.rpf/common/data/effects/peds/mphipster_overlays.xml	ZONE_HEAD	TYPE_TATTOO	GENDER_MALE	0.500000	0.500000	0.600000	0.500000	0.000000	M_Hipster_Hair_000_C	M_Hipster_Hair_000_C
FM_Hip_M_Hair_000_d	mpHipster_overlays	x64w.rpf/dlcpacks/mphipster/dlc.rpf/common/data/effects/peds/mphipster_overlays.xml	ZONE_HEAD	TYPE_TATTOO	GENDER_MALE	0.500000	0.500000	0.600000	0.500000	0.000000	M_Hipster_Hair_000_D	M_Hipster_Hair_000_D
FM_Hip_M_Hair_000_e	mpHipster_overlays	x64w.rpf/dlcpacks/mphipster/dlc.rpf/common/data/effects/peds/mphipster_overlays.xml	ZONE_HEAD	TYPE_TATTOO	GENDER_MALE	0.500000	0.500000	0.600000	0.500000	0.000000	M_Hipster_Hair_000_E	M_Hipster_Hair_000_E
FM_Hip_M_Hair_001_a	mpHipster_overlays	x64w.rpf/dlcpacks/mphipster/dlc.rpf/common/data/effects/peds/mphipster_overlays.xml	ZONE_HEAD	TYPE_TATTOO	GENDER_MALE	0.500000	0.500000	0.600000	0.500000	0.000000	M_Hipster_Hair_001_A	M_Hipster_Hair_001_A
FM_Hip_M_Hair_001_b	mpHipster_overlays	x64w.rpf/dlcpacks/mphipster/dlc.rpf/common/data/effects/peds/mphipster_overlays.xml	ZONE_HEAD	TYPE_TATTOO	GENDER_MALE	0.500000	0.500000	0.600000	0.500000	0.000000	M_Hipster_Hair_001_B	M_Hipster_Hair_001_B
FM_Hip_M_Hair_001_c	mpHipster_overlays	x64w.rpf/dlcpacks/mphipster/dlc.rpf/common/data/effects/peds/mphipster_overlays.xml	ZONE_HEAD	TYPE_TATTOO	GENDER_MALE	0.500000	0.500000	0.600000	0.500000	0.000000	M_Hipster_Hair_001_C	M_Hipster_Hair_001_C
FM_Hip_M_Hair_001_d	mpHipster_overlays	x64w.rpf/dlcpacks/mphipster/dlc.rpf/common/data/effects/peds/mphipster_overlays.xml	ZONE_HEAD	TYPE_TATTOO	GENDER_MALE	0.500000	0.500000	0.600000	0.500000	0.000000	M_Hipster_Hair_001_D	M_Hipster_Hair_001_D
FM_Hip_M_Hair_001_e	mpHipster_overlays	x64w.rpf/dlcpacks/mphipster/dlc.rpf/common/data/effects/peds/mphipster_overlays.xml	ZONE_HEAD	TYPE_TATTOO	GENDER_MALE	0.500000	0.500000	0.600000	0.500000	0.000000	M_Hipster_Hair_001_E	M_Hipster_Hair_001_E
FM_Hip_F_Hair_000_a	mpHipster_overlays	x64w.rpf/dlcpacks/mphipster/dlc.rpf/common/data/effects/peds/mphipster_overlays.xml	ZONE_HEAD	TYPE_TATTOO	GENDER_FEMALE	0.500000	0.500000	0.600000	0.500000	0.000000	F_Hipster_Hair_000_A	F_Hipster_Hair_000_A
FM_Hip_F_Hair_000_b	mpHipster_overlays	x64w.rpf/dlcpacks/mphipster/dlc.rpf/common/data/effects/peds/mphipster_overlays.xml	ZONE_HEAD	TYPE_TATTOO	GENDER_FEMALE	0.500000	0.500000	0.600000	0.500000	0.000000	F_Hipster_Hair_000_B	F_Hipster_Hair_000_B
FM_Hip_F_Hair_000_c	mpHipster_overlays	x64w.rpf/dlcpacks/mphipster/dlc.rpf/common/data/effects/peds/mphipster_overlays.xml	ZONE_HEAD	TYPE_TATTOO	GENDER_FEMALE	0.500000	0.500000	0.600000	0.500000	0.000000	F_Hipster_Hair_000_C	F_Hipster_Hair_000_C
FM_Hip_F_Hair_000_d	mpHipster_overlays	x64w.rpf/dlcpacks/mphipster/dlc.rpf/common/data/effects/peds/mphipster_overlays.xml	ZONE_HEAD	TYPE_TATTOO	GENDER_FEMALE	0.500000	0.500000	0.600000	0.500000	0.000000	F_Hipster_Hair_000_D	F_Hipster_Hair_000_D
FM_Hip_F_Hair_000_e	mpHipster_overlays	x64w.rpf/dlcpacks/mphipster/dlc.rpf/common/data/effects/peds/mphipster_overlays.xml	ZONE_HEAD	TYPE_TATTOO	GENDER_FEMALE	0.500000	0.500000	0.600000	0.500000	0.000000	F_Hipster_Hair_000_E	F_Hipster_Hair_000_E
FM_Hip_M_Tat_000	mpHipster_overlays	x64w.rpf/dlcpacks/mphipster/dlc.rpf/common/data/effects/peds/mphipster_overlays.xml	ZONE_TORSO	TYPE_TATTOO	GENDER_MALE	0.230000	0.700000	0.150000	0.100000	0.000000	MP_Hip_Tat_000	MP_Hip_Tat_000
FM_Hip_M_Tat_001	mpHipster_overlays	x64w.rpf/dlcpacks/mphipster/dlc.rpf/common/data/effects/peds/mphipster_overlays.xml	ZONE_RIGHT_ARM	TYPE_TATTOO	GENDER_MALE	0.700000	0.750000	0.120000	0.120000	0.000000	MP_Hip_Tat_001	MP_Hip_Tat_001
FM_Hip_M_Tat_002	mpHipster_overlays	x64w.rpf/dlcpacks/mphipster/dlc.rpf/common/data/effects/peds/mphipster_overlays.xml	ZONE_TORSO	TYPE_TATTOO	GENDER_MALE	0.820000	0.620000	0.090000	0.070000	0.000000	MP_Hip_Tat_002	MP_Hip_Tat_002
FM_Hip_M_Tat_003	mpHipster_overlays	x64w.rpf/dlcpacks/mphipster/dlc.rpf/common/data/effects/peds/mphipster_overlays.xml	ZONE_LEFT_ARM	TYPE_TATTOO	GENDER_MALE	0.310000	0.520000	0.100000	0.100000	0.000000	MP_Hip_Tat_003	MP_Hip_Tat_003
FM_Hip_M_Tat_004	mpHipster_overlays	x64w.rpf/dlcpacks/mphipster/dlc.rpf/common/data/effects/peds/mphipster_overlays.xml	ZONE_RIGHT_ARM	TYPE_TATTOO	GENDER_MALE	0.130000	0.480000	0.070000	0.120000	-15.500000	MP_Hip_Tat_004	MP_Hip_Tat_004
FM_Hip_M_Tat_005	mpHipster_overlays	x64w.rpf/dlcpacks/mphipster/dlc.rpf/common/data/effects/peds/mphipster_overlays.xml	ZONE_HEAD	TYPE_TATTOO	GENDER_MALE	0.770000	0.350000	-0.120000	0.120000	0.000000	MP_Hip_Tat_005	MP_Hip_Tat_005
FM_Hip_M_Tat_006	mpHipster_overlays	x64w.rpf/dlcpacks/mphipster/dlc.rpf/common/data/effects/peds/mphipster_overlays.xml	ZONE_TORSO	TYPE_TATTOO	GENDER_MALE	0.460000	0.340000	0.300000	0.160000	0.000000	MP_Hip_Tat_006	MP_Hip_Tat_006
FM_Hip_M_Tat_007	mpHipster_overlays	x64w.rpf/dlcpacks/mphipster/dlc.rpf/common/data/effects/peds/mphipster_overlays.xml	ZONE_LEFT_ARM	TYPE_TATTOO	GENDER_MALE	0.470000	0.250000	0.070000	0.080000	0.000000	MP_Hip_Tat_007	MP_Hip_Tat_007
FM_Hip_M_Tat_008	mpHipster_overlays	x64w.rpf/dlcpacks/mphipster/dlc.rpf/common/data/effects/peds/mphipster_overlays.xml	ZONE_RIGHT_ARM	TYPE_TATTOO	GENDER_MALE	0.500000	0.900000	0.050000	0.070000	0.000000	MP_Hip_Tat_008	MP_Hip_Tat_008
FM_Hip_M_Tat_009	mpHipster_overlays	x64w.rpf/dlcpacks/mphipster/dlc.rpf/common/data/effects/peds/mphipster_overlays.xml	ZONE_LEFT_LEG	TYPE_TATTOO	GENDER_MALE	0.250000	0.400000	0.100000	0.100000	0.000000	MP_Hip_Tat_009	MP_Hip_Tat_009
FM_Hip_M_Tat_010	mpHipster_overlays	x64w.rpf/dlcpacks/mphipster/dlc.rpf/common/data/effects/peds/mphipster_overlays.xml	ZONE_RIGHT_ARM	TYPE_TATTOO	GENDER_MALE	0.560000	0.260000	0.050000	0.050000	0.000000	MP_Hip_Tat_010	MP_Hip_Tat_010
FM_Hip_M_Tat_011	mpHipster_overlays	x64w.rpf/dlcpacks/mphipster/dlc.rpf/common/data/effects/peds/mphipster_overlays.xml	ZONE_TORSO	TYPE_TATTOO	GENDER_MALE	0.226000	0.770000	0.050000	0.050000	0.000000	MP_Hip_Tat_011	MP_Hip_Tat_011
FM_Hip_M_Tat_012	mpHipster_overlays	x64w.rpf/dlcpacks/mphipster/dlc.rpf/common/data/effects/peds/mphipster_overlays.xml	ZONE_TORSO	TYPE_TATTOO	GENDER_MALE	0.226000	0.700000	0.100000	0.100000	0.000000	MP_Hip_Tat_012	MP_Hip_Tat_012
FM_Hip_M_Tat_013	mpHipster_overlays	x64w.rpf/dlcpacks/mphipster/dlc.rpf/common/data/effects/peds/mphipster_overlays.xml	ZONE_TORSO	TYPE_TATTOO	GENDER_MALE	0.725000	0.600000	0.150000	0.150000	0.000000	MP_Hip_Tat_013	MP_Hip_Tat_013
FM_Hip_M_Tat_014	mpHipster_overlays	x64w.rpf/dlcpacks/mphipster/dlc.rpf/common/data/effects/peds/mphipster_overlays.xml	ZONE_RIGHT_ARM	TYPE_TATTOO	GENDER_MALE	0.200000	0.520000	0.100000	0.100000	0.000000	MP_Hip_Tat_014	MP_Hip_Tat_014
FM_Hip_M_Tat_015	mpHipster_overlays	x64w.rpf/dlcpacks/mphipster/dlc.rpf/common/data/effects/peds/mphipster_overlays.xml	ZONE_LEFT_ARM	TYPE_TATTOO	GENDER_MALE	-0.120000	0.750000	0.080000	0.080000	90.000000	MP_Hip_Tat_015	MP_Hip_Tat_015
FM_Hip_M_Tat_016	mpHipster_overlays	x64w.rpf/dlcpacks/mphipster/dlc.rpf/common/data/effects/peds/mphipster_overlays.xml	ZONE_LEFT_ARM	TYPE_TATTOO	GENDER_MALE	0.800000	0.500000	0.100000	0.100000	0.000000	MP_Hip_Tat_016	MP_Hip_Tat_016
FM_Hip_M_Tat_017	mpHipster_overlays	x64w.rpf/dlcpacks/mphipster/dlc.rpf/common/data/effects/peds/mphipster_overlays.xml	ZONE_RIGHT_ARM	TYPE_TATTOO	GENDER_MALE	-0.250000	0.540000	0.100000	0.100000	180.000000	MP_Hip_Tat_017	MP_Hip_Tat_017
FM_Hip_M_Tat_018	mpHipster_overlays	x64w.rpf/dlcpacks/mphipster/dlc.rpf/common/data/effects/peds/mphipster_overlays.xml	ZONE_RIGHT_ARM	TYPE_TATTOO	GENDER_MALE	0.000000	0.370000	0.050000	0.034000	0.000000	MP_Hip_Tat_018	MP_Hip_Tat_018
FM_Hip_M_Tat_019	mpHipster_overlays	x64w.rpf/dlcpacks/mphipster/dlc.rpf/common/data/effects/peds/mphipster_overlays.xml	ZONE_LEFT_LEG	TYPE_TATTOO	GENDER_MALE	0.200000	0.350000	0.170000	0.150000	0.000000	MP_Hip_Tat_019	MP_Hip_Tat_019
FM_Hip_M_Tat_020	mpHipster_overlays	x64w.rpf/dlcpacks/mphipster/dlc.rpf/common/data/effects/peds/mphipster_overlays.xml	ZONE_RIGHT_ARM	TYPE_TATTOO	GENDER_MALE	0.775000	0.625000	0.100000	0.100000	0.000000	MP_Hip_Tat_020	MP_Hip_Tat_020
FM_Hip_M_Tat_021	mpHipster_overlays	x64w.rpf/dlcpacks/mphipster/dlc.rpf/common/data/effects/peds/mphipster_overlays.xml	ZONE_HEAD	TYPE_TATTOO	GENDER_MALE	0.240000	0.320000	0.080000	0.100000	42.120000	MP_Hip_Tat_021	MP_Hip_Tat_021
FM_Hip_M_Tat_022	mpHipster_overlays	x64w.rpf/dlcpacks/mphipster/dlc.rpf/common/data/effects/peds/mphipster_overlays.xml	ZONE_RIGHT_ARM	TYPE_TATTOO	GENDER_MALE	0.440000	0.550000	0.060000	0.060000	0.000000	MP_Hip_Tat_022	MP_Hip_Tat_022
FM_Hip_M_Tat_023	mpHipster_overlays	x64w.rpf/dlcpacks/mphipster/dlc.rpf/common/data/effects/peds/mphipster_overlays.xml	ZONE_RIGHT_ARM	TYPE_TATTOO	GENDER_MALE	0.520000	0.250000	0.050000	0.050000	0.000000	MP_Hip_Tat_023	MP_Hip_Tat_023
FM_Hip_M_Tat_024	mpHipster_overlays	x64w.rpf/dlcpacks/mphipster/dlc.rpf/common/data/effects/peds/mphipster_overlays.xml	ZONE_TORSO	TYPE_TATTOO	GENDER_MALE	0.320000	0.650000	0.070000	0.070000	0.000000	MP_Hip_Tat_024	MP_Hip_Tat_024
FM_Hip_M_Tat_025	mpHipster_overlays	x64w.rpf/dlcpacks/mphipster/dlc.rpf/common/data/effects/peds/mphipster_overlays.xml	ZONE_TORSO	TYPE_TATTOO	GENDER_MALE	0.170000	0.650000	0.120000	0.120000	0.000000	MP_Hip_Tat_025	MP_Hip_Tat_025
FM_Hip_M_Tat_026	mpHipster_overlays	x64w.rpf/dlcpacks/mphipster/dlc.rpf/common/data/effects/peds/mphipster_overlays.xml	ZONE_LEFT_ARM	TYPE_TATTOO	GENDER_MALE	0.500000	0.870000	0.050000	0.050000	0.000000	MP_Hip_Tat_026	MP_Hip_Tat_026
FM_Hip_M_Tat_027	mpHipster_overlays	x64w.rpf/dlcpacks/mphipster/dlc.rpf/common/data/effects/peds/mphipster_overlays.xml	ZONE_LEFT_ARM	TYPE_TATTOO	GENDER_MALE	0.000000	0.400000	0.080000	0.080000	0.000000	MP_Hip_Tat_027	MP_Hip_Tat_027
FM_Hip_M_Tat_028	mpHipster_overlays	x64w.rpf/dlcpacks/mphipster/dlc.rpf/common/data/effects/peds/mphipster_overlays.xml	ZONE_LEFT_ARM	TYPE_TATTOO	GENDER_MALE	0.250000	0.500000	0.080000	0.100000	0.000000	MP_Hip_Tat_028	MP_Hip_Tat_028
FM_Hip_M_Tat_029	mpHipster_overlays	x64w.rpf/dlcpacks/mphipster/dlc.rpf/common/data/effects/peds/mphipster_overlays.xml	ZONE_TORSO	TYPE_TATTOO	GENDER_MALE	-0.100000	0.240000	0.080000	0.080000	0.000000	MP_Hip_Tat_029	MP_Hip_Tat_029
FM_Hip_M_Tat_030	mpHipster_overlays	x64w.rpf/dlcpacks/mphipster/dlc.rpf/common/data/effects/peds/mphipster_overlays.xml	ZONE_TORSO	TYPE_TATTOO	GENDER_MALE	0.220000	0.200000	0.080000	0.080000	0.000000	MP_Hip_Tat_030	MP_Hip_Tat_030
FM_Hip_M_Tat_031	mpHipster_overlays	x64w.rpf/dlcpacks/mphipster/dlc.rpf/common/data/effects/peds/mphipster_overlays.xml	ZONE_TORSO	TYPE_TATTOO	GENDER_MALE	0.220000	0.700000	0.080000	0.080000	0.000000	MP_Hip_Tat_031	MP_Hip_Tat_031
FM_Hip_M_Tat_032	mpHipster_overlays	x64w.rpf/dlcpacks/mphipster/dlc.rpf/common/data/effects/peds/mphipster_overlays.xml	ZONE_TORSO	TYPE_TATTOO	GENDER_MALE	0.300000	0.650000	0.100000	0.100000	0.000000	MP_Hip_Tat_032	MP_Hip_Tat_032
FM_Hip_M_Tat_033	mpHipster_overlays	x64w.rpf/dlcpacks/mphipster/dlc.rpf/common/data/effects/peds/mphipster_overlays.xml	ZONE_TORSO	TYPE_TATTOO	GENDER_MALE	0.735000	0.550000	0.140000	0.100000	0.000000	MP_Hip_Tat_033	MP_Hip_Tat_033
FM_Hip_M_Tat_034	mpHipster_overlays	x64w.rpf/dlcpacks/mphipster/dlc.rpf/common/data/effects/peds/mphipster_overlays.xml	ZONE_LEFT_ARM	TYPE_TATTOO	GENDER_MALE	0.450000	0.250000	0.050000	0.050000	0.000000	MP_Hip_Tat_034	MP_Hip_Tat_034
FM_Hip_M_Tat_035	mpHipster_overlays	x64w.rpf/dlcpacks/mphipster/dlc.rpf/common/data/effects/peds/mphipster_overlays.xml	ZONE_TORSO	TYPE_TATTOO	GENDER_MALE	0.900000	0.250000	0.120000	0.120000	0.000000	MP_Hip_Tat_035	MP_Hip_Tat_035
FM_Hip_M_Tat_036	mpHipster_overlays	x64w.rpf/dlcpacks/mphipster/dlc.rpf/common/data/effects/peds/mphipster_overlays.xml	ZONE_RIGHT_ARM	TYPE_TATTOO	GENDER_MALE	0.500000	0.850000	0.070000	0.100000	0.000000	MP_Hip_Tat_036	MP_Hip_Tat_036
FM_Hip_M_Tat_037	mpHipster_overlays	x64w.rpf/dlcpacks/mphipster/dlc.rpf/common/data/effects/peds/mphipster_overlays.xml	ZONE_LEFT_ARM	TYPE_TATTOO	GENDER_MALE	0.500000	0.900000	0.070000	0.100000	0.000000	MP_Hip_Tat_037	MP_Hip_Tat_037
FM_Hip_M_Tat_038	mpHipster_overlays	x64w.rpf/dlcpacks/mphipster/dlc.rpf/common/data/effects/peds/mphipster_overlays.xml	ZONE_RIGHT_LEG	TYPE_TATTOO	GENDER_MALE	0.500000	0.300000	0.070000	0.100000	0.000000	MP_Hip_Tat_038	MP_Hip_Tat_038
FM_Hip_M_Tat_039	mpHipster_overlays	x64w.rpf/dlcpacks/mphipster/dlc.rpf/common/data/effects/peds/mphipster_overlays.xml	ZONE_LEFT_ARM	TYPE_TATTOO	GENDER_MALE	0.530000	0.600000	0.300000	0.300000	0.000000	MP_Hip_Tat_039	MP_Hip_Tat_039
FM_Hip_M_Tat_040	mpHipster_overlays	x64w.rpf/dlcpacks/mphipster/dlc.rpf/common/data/effects/peds/mphipster_overlays.xml	ZONE_LEFT_LEG	TYPE_TATTOO	GENDER_MALE	0.230000	0.400000	0.070000	0.070000	0.000000	MP_Hip_Tat_040	MP_Hip_Tat_040
FM_Hip_M_Tat_041	mpHipster_overlays	x64w.rpf/dlcpacks/mphipster/dlc.rpf/common/data/effects/peds/mphipster_overlays.xml	ZONE_TORSO	TYPE_TATTOO	GENDER_MALE	0.100000	0.250000	0.070000	0.100000	0.000000	MP_Hip_Tat_041	MP_Hip_Tat_041
FM_Hip_M_Tat_042	mpHipster_overlays	x64w.rpf/dlcpacks/mphipster/dlc.rpf/common/data/effects/peds/mphipster_overlays.xml	ZONE_RIGHT_LEG	TYPE_TATTOO	GENDER_MALE	0.750000	0.350000	0.150000	0.150000	0.000000	MP_Hip_Tat_042	MP_Hip_Tat_042
FM_Hip_M_Tat_043	mpHipster_overlays	x64w.rpf/dlcpacks/mphipster/dlc.rpf/common/data/effects/peds/mphipster_overlays.xml	ZONE_LEFT_ARM	TYPE_TATTOO	GENDER_MALE	0.527000	0.900000	0.050000	0.050000	0.000000	MP_Hip_Tat_043	MP_Hip_Tat_043
FM_Hip_M_Tat_044	mpHipster_overlays	x64w.rpf/dlcpacks/mphipster/dlc.rpf/common/data/effects/peds/mphipster_overlays.xml	ZONE_RIGHT_ARM	TYPE_TATTOO	GENDER_MALE	0.527000	0.900000	0.050000	0.050000	0.000000	MP_Hip_Tat_044	MP_Hip_Tat_044
FM_Hip_M_Tat_045	mpHipster_overlays	x64w.rpf/dlcpacks/mphipster/dlc.rpf/common/data/effects/peds/mphipster_overlays.xml	ZONE_RIGHT_ARM	TYPE_TATTOO	GENDER_MALE	0.527000	0.550000	0.170000	0.250000	0.000000	MP_Hip_Tat_045	MP_Hip_Tat_045
FM_Hip_M_Tat_046	mpHipster_overlays	x64w.rpf/dlcpacks/mphipster/dlc.rpf/common/data/effects/peds/mphipster_overlays.xml	ZONE_TORSO	TYPE_TATTOO	GENDER_MALE	0.227000	0.740000	0.070000	0.070000	0.000000	MP_Hip_Tat_046	MP_Hip_Tat_046
FM_Hip_M_Tat_047	mpHipster_overlays	x64w.rpf/dlcpacks/mphipster/dlc.rpf/common/data/effects/peds/mphipster_overlays.xml	ZONE_TORSO	TYPE_TATTOO	GENDER_MALE	-0.173000	0.610000	0.100000	0.100000	0.000000	MP_Hip_Tat_047	MP_Hip_Tat_047
FM_Hip_M_Tat_048	mpHipster_overlays	x64w.rpf/dlcpacks/mphipster/dlc.rpf/common/data/effects/peds/mphipster_overlays.xml	ZONE_LEFT_ARM	TYPE_TATTOO	GENDER_MALE	0.430000	0.260000	0.050000	0.050000	0.000000	MP_Hip_Tat_048	MP_Hip_Tat_048
FM_Hip_F_Tat_000	mpHipster_overlays	x64w.rpf/dlcpacks/mphipster/dlc.rpf/common/data/effects/peds/mphipster_overlays.xml	ZONE_TORSO	TYPE_TATTOO	GENDER_FEMALE	0.230000	0.700000	0.150000	0.100000	0.000000	MP_Hip_Tat_000	MP_Hip_Tat_000
FM_Hip_F_Tat_001	mpHipster_overlays	x64w.rpf/dlcpacks/mphipster/dlc.rpf/common/data/effects/peds/mphipster_overlays.xml	ZONE_RIGHT_ARM	TYPE_TATTOO	GENDER_FEMALE	0.750000	0.750000	0.120000	0.120000	0.000000	MP_Hip_Tat_001	MP_Hip_Tat_001
FM_Hip_F_Tat_002	mpHipster_overlays	x64w.rpf/dlcpacks/mphipster/dlc.rpf/common/data/effects/peds/mphipster_overlays.xml	ZONE_TORSO	TYPE_TATTOO	GENDER_FEMALE	0.820000	0.620000	0.090000	0.070000	0.000000	MP_Hip_Tat_002	MP_Hip_Tat_002
FM_Hip_F_Tat_003	mpHipster_overlays	x64w.rpf/dlcpacks/mphipster/dlc.rpf/common/data/effects/peds/mphipster_overlays.xml	ZONE_LEFT_ARM	TYPE_TATTOO	GENDER_FEMALE	0.310000	0.520000	0.100000	0.100000	0.000000	MP_Hip_Tat_003	MP_Hip_Tat_003
FM_Hip_F_Tat_004	mpHipster_overlays	x64w.rpf/dlcpacks/mphipster/dlc.rpf/common/data/effects/peds/mphipster_overlays.xml	ZONE_RIGHT_ARM	TYPE_TATTOO	GENDER_FEMALE	0.230000	0.400000	0.070000	0.120000	-15.500000	MP_Hip_Tat_004	MP_Hip_Tat_004
FM_Hip_F_Tat_005	mpHipster_overlays	x64w.rpf/dlcpacks/mphipster/dlc.rpf/common/data/effects/peds/mphipster_overlays.xml	ZONE_HEAD	TYPE_TATTOO	GENDER_FEMALE	0.770000	0.350000	-0.120000	0.120000	0.000000	MP_Hip_Tat_005	MP_Hip_Tat_005
FM_Hip_F_Tat_006	mpHipster_overlays	x64w.rpf/dlcpacks/mphipster/dlc.rpf/common/data/effects/peds/mphipster_overlays.xml	ZONE_TORSO	TYPE_TATTOO	GENDER_FEMALE	0.460000	0.450000	0.300000	0.160000	0.000000	MP_Hip_Tat_006	MP_Hip_Tat_006
FM_Hip_F_Tat_007	mpHipster_overlays	x64w.rpf/dlcpacks/mphipster/dlc.rpf/common/data/effects/peds/mphipster_overlays.xml	ZONE_LEFT_ARM	TYPE_TATTOO	GENDER_FEMALE	0.400000	0.220000	0.070000	0.080000	0.000000	MP_Hip_Tat_007	MP_Hip_Tat_007
FM_Hip_F_Tat_008	mpHipster_overlays	x64w.rpf/dlcpacks/mphipster/dlc.rpf/common/data/effects/peds/mphipster_overlays.xml	ZONE_RIGHT_ARM	TYPE_TATTOO	GENDER_FEMALE	0.500000	0.900000	0.050000	0.070000	0.000000	MP_Hip_Tat_008	MP_Hip_Tat_008
FM_Hip_F_Tat_009	mpHipster_overlays	x64w.rpf/dlcpacks/mphipster/dlc.rpf/common/data/effects/peds/mphipster_overlays.xml	ZONE_LEFT_LEG	TYPE_TATTOO	GENDER_FEMALE	0.250000	0.400000	0.100000	0.100000	0.000000	MP_Hip_Tat_009	MP_Hip_Tat_009
FM_Hip_F_Tat_010	mpHipster_overlays	x64w.rpf/dlcpacks/mphipster/dlc.rpf/common/data/effects/peds/mphipster_overlays.xml	ZONE_RIGHT_ARM	TYPE_TATTOO	GENDER_FEMALE	0.560000	0.220000	0.050000	0.050000	0.000000	MP_Hip_Tat_010	MP_Hip_Tat_010
FM_Hip_F_Tat_011	mpHipster_overlays	x64w.rpf/dlcpacks/mphipster/dlc.rpf/common/data/effects/peds/mphipster_overlays.xml	ZONE_TORSO	TYPE_TATTOO	GENDER_FEMALE	0.235000	0.790000	0.050000	0.050000	0.000000	MP_Hip_Tat_011	MP_Hip_Tat_011
FM_Hip_F_Tat_012	mpHipster_overlays	x64w.rpf/dlcpacks/mphipster/dlc.rpf/common/data/effects/peds/mphipster_overlays.xml	ZONE_TORSO	TYPE_TATTOO	GENDER_FEMALE	0.235000	0.770000	0.100000	0.100000	0.000000	MP_Hip_Tat_012	MP_Hip_Tat_012
FM_Hip_F_Tat_013	mpHipster_overlays	x64w.rpf/dlcpacks/mphipster/dlc.rpf/common/data/effects/peds/mphipster_overlays.xml	ZONE_TORSO	TYPE_TATTOO	GENDER_FEMALE	0.740000	0.600000	0.150000	0.150000	0.000000	MP_Hip_Tat_013	MP_Hip_Tat_013
FM_Hip_F_Tat_014	mpHipster_overlays	x64w.rpf/dlcpacks/mphipster/dlc.rpf/common/data/effects/peds/mphipster_overlays.xml	ZONE_RIGHT_ARM	TYPE_TATTOO	GENDER_FEMALE	0.200000	0.520000	0.100000	0.100000	0.000000	MP_Hip_Tat_014	MP_Hip_Tat_014
FM_Hip_F_Tat_015	mpHipster_overlays	x64w.rpf/dlcpacks/mphipster/dlc.rpf/common/data/effects/peds/mphipster_overlays.xml	ZONE_LEFT_ARM	TYPE_TATTOO	GENDER_FEMALE	-0.120000	0.720000	0.080000	0.080000	90.000000	MP_Hip_Tat_015	MP_Hip_Tat_015
FM_Hip_F_Tat_016	mpHipster_overlays	x64w.rpf/dlcpacks/mphipster/dlc.rpf/common/data/effects/peds/mphipster_overlays.xml	ZONE_LEFT_ARM	TYPE_TATTOO	GENDER_FEMALE	0.800000	0.460000	0.100000	0.100000	0.000000	MP_Hip_Tat_016	MP_Hip_Tat_016
FM_Hip_F_Tat_017	mpHipster_overlays	x64w.rpf/dlcpacks/mphipster/dlc.rpf/common/data/effects/peds/mphipster_overlays.xml	ZONE_RIGHT_ARM	TYPE_TATTOO	GENDER_FEMALE	-0.250000	0.540000	0.100000	0.100000	180.000000	MP_Hip_Tat_017	MP_Hip_Tat_017
FM_Hip_F_Tat_018	mpHipster_overlays	x64w.rpf/dlcpacks/mphipster/dlc.rpf/common/data/effects/peds/mphipster_overlays.xml	ZONE_RIGHT_ARM	TYPE_TATTOO	GENDER_FEMALE	0.000000	0.300000	0.050000	0.034000	0.000000	MP_Hip_Tat_018	MP_Hip_Tat_018
FM_Hip_F_Tat_019	mpHipster_overlays	x64w.rpf/dlcpacks/mphipster/dlc.rpf/common/data/effects/peds/mphipster_overlays.xml	ZONE_LEFT_LEG	TYPE_TATTOO	GENDER_FEMALE	0.200000	0.350000	0.170000	0.150000	0.000000	MP_Hip_Tat_019	MP_Hip_Tat_019
FM_Hip_F_Tat_020	mpHipster_overlays	x64w.rpf/dlcpacks/mphipster/dlc.rpf/common/data/effects/peds/mphipster_overlays.xml	ZONE_RIGHT_ARM	TYPE_TATTOO	GENDER_FEMALE	0.775000	0.625000	0.100000	0.100000	0.000000	MP_Hip_Tat_020	MP_Hip_Tat_020
FM_Hip_F_Tat_021	mpHipster_overlays	x64w.rpf/dlcpacks/mphipster/dlc.rpf/common/data/effects/peds/mphipster_overlays.xml	ZONE_HEAD	TYPE_TATTOO	GENDER_FEMALE	0.240000	0.320000	0.080000	0.100000	42.120000	MP_Hip_Tat_021	MP_Hip_Tat_021
FM_Hip_F_Tat_022	mpHipster_overlays	x64w.rpf/dlcpacks/mphipster/dlc.rpf/common/data/effects/peds/mphipster_overlays.xml	ZONE_RIGHT_ARM	TYPE_TATTOO	GENDER_FEMALE	0.540000	0.550000	0.060000	0.060000	0.000000	MP_Hip_Tat_022	MP_Hip_Tat_022
FM_Hip_F_Tat_023	mpHipster_overlays	x64w.rpf/dlcpacks/mphipster/dlc.rpf/common/data/effects/peds/mphipster_overlays.xml	ZONE_RIGHT_ARM	TYPE_TATTOO	GENDER_FEMALE	0.600000	0.220000	0.050000	0.050000	0.000000	MP_Hip_Tat_023	MP_Hip_Tat_023
FM_Hip_F_Tat_024	mpHipster_overlays	x64w.rpf/dlcpacks/mphipster/dlc.rpf/common/data/effects/peds/mphipster_overlays.xml	ZONE_TORSO	TYPE_TATTOO	GENDER_FEMALE	0.320000	0.720000	0.070000	0.070000	0.000000	MP_Hip_Tat_024	MP_Hip_Tat_024
FM_Hip_F_Tat_025	mpHipster_overlays	x64w.rpf/dlcpacks/mphipster/dlc.rpf/common/data/effects/peds/mphipster_overlays.xml	ZONE_TORSO	TYPE_TATTOO	GENDER_FEMALE	0.170000	0.720000	0.120000	0.120000	0.000000	MP_Hip_Tat_025	MP_Hip_Tat_025
FM_Hip_F_Tat_026	mpHipster_overlays	x64w.rpf/dlcpacks/mphipster/dlc.rpf/common/data/effects/peds/mphipster_overlays.xml	ZONE_LEFT_ARM	TYPE_TATTOO	GENDER_FEMALE	0.500000	0.870000	0.050000	0.050000	0.000000	MP_Hip_Tat_026	MP_Hip_Tat_026
FM_Hip_F_Tat_027	mpHipster_overlays	x64w.rpf/dlcpacks/mphipster/dlc.rpf/common/data/effects/peds/mphipster_overlays.xml	ZONE_LEFT_ARM	TYPE_TATTOO	GENDER_FEMALE	0.000000	0.340000	0.070000	0.070000	0.000000	MP_Hip_Tat_027	MP_Hip_Tat_027
FM_Hip_F_Tat_028	mpHipster_overlays	x64w.rpf/dlcpacks/mphipster/dlc.rpf/common/data/effects/peds/mphipster_overlays.xml	ZONE_LEFT_ARM	TYPE_TATTOO	GENDER_FEMALE	0.250000	0.500000	0.080000	0.100000	0.000000	MP_Hip_Tat_028	MP_Hip_Tat_028
FM_Hip_F_Tat_029	mpHipster_overlays	x64w.rpf/dlcpacks/mphipster/dlc.rpf/common/data/effects/peds/mphipster_overlays.xml	ZONE_TORSO	TYPE_TATTOO	GENDER_FEMALE	-0.120000	0.350000	0.080000	0.050000	0.000000	MP_Hip_Tat_029	MP_Hip_Tat_029
FM_Hip_F_Tat_030	mpHipster_overlays	x64w.rpf/dlcpacks/mphipster/dlc.rpf/common/data/effects/peds/mphipster_overlays.xml	ZONE_TORSO	TYPE_TATTOO	GENDER_FEMALE	0.220000	0.360000	0.080000	0.080000	0.000000	MP_Hip_Tat_030	MP_Hip_Tat_030
FM_Hip_F_Tat_031	mpHipster_overlays	x64w.rpf/dlcpacks/mphipster/dlc.rpf/common/data/effects/peds/mphipster_overlays.xml	ZONE_TORSO	TYPE_TATTOO	GENDER_FEMALE	0.220000	0.740000	0.080000	0.080000	0.000000	MP_Hip_Tat_031	MP_Hip_Tat_031
FM_Hip_F_Tat_032	mpHipster_overlays	x64w.rpf/dlcpacks/mphipster/dlc.rpf/common/data/effects/peds/mphipster_overlays.xml	ZONE_TORSO	TYPE_TATTOO	GENDER_FEMALE	0.300000	0.700000	0.100000	0.100000	0.000000	MP_Hip_Tat_032	MP_Hip_Tat_032
FM_Hip_F_Tat_033	mpHipster_overlays	x64w.rpf/dlcpacks/mphipster/dlc.rpf/common/data/effects/peds/mphipster_overlays.xml	ZONE_TORSO	TYPE_TATTOO	GENDER_FEMALE	0.745000	0.550000	0.140000	0.100000	0.000000	MP_Hip_Tat_033	MP_Hip_Tat_033
FM_Hip_F_Tat_034	mpHipster_overlays	x64w.rpf/dlcpacks/mphipster/dlc.rpf/common/data/effects/peds/mphipster_overlays.xml	ZONE_LEFT_ARM	TYPE_TATTOO	GENDER_FEMALE	0.400000	0.220000	0.050000	0.050000	0.000000	MP_Hip_Tat_034	MP_Hip_Tat_034
FM_Hip_F_Tat_035	mpHipster_overlays	x64w.rpf/dlcpacks/mphipster/dlc.rpf/common/data/effects/peds/mphipster_overlays.xml	ZONE_TORSO	TYPE_TATTOO	GENDER_FEMALE	0.900000	0.350000	0.120000	0.120000	12.500000	MP_Hip_Tat_035	MP_Hip_Tat_035
FM_Hip_F_Tat_036	mpHipster_overlays	x64w.rpf/dlcpacks/mphipster/dlc.rpf/common/data/effects/peds/mphipster_overlays.xml	ZONE_RIGHT_ARM	TYPE_TATTOO	GENDER_FEMALE	0.500000	0.850000	0.070000	0.100000	0.000000	MP_Hip_Tat_036	MP_Hip_Tat_036
FM_Hip_F_Tat_037	mpHipster_overlays	x64w.rpf/dlcpacks/mphipster/dlc.rpf/common/data/effects/peds/mphipster_overlays.xml	ZONE_LEFT_ARM	TYPE_TATTOO	GENDER_FEMALE	0.500000	0.900000	0.070000	0.100000	0.000000	MP_Hip_Tat_037	MP_Hip_Tat_037
FM_Hip_F_Tat_038	mpHipster_overlays	x64w.rpf/dlcpacks/mphipster/dlc.rpf/common/data/effects/peds/mphipster_overlays.xml	ZONE_RIGHT_LEG	TYPE_TATTOO	GENDER_FEMALE	0.500000	0.300000	0.070000	0.100000	0.000000	MP_Hip_Tat_038	MP_Hip_Tat_038
FM_Hip_F_Tat_039	mpHipster_overlays	x64w.rpf/dlcpacks/mphipster/dlc.rpf/common/data/effects/peds/mphipster_overlays.xml	ZONE_LEFT_ARM	TYPE_TATTOO	GENDER_FEMALE	0.530000	0.600000	0.300000	0.300000	0.000000	MP_Hip_Tat_039	MP_Hip_Tat_039
FM_Hip_F_Tat_040	mpHipster_overlays	x64w.rpf/dlcpacks/mphipster/dlc.rpf/common/data/effects/peds/mphipster_overlays.xml	ZONE_LEFT_LEG	TYPE_TATTOO	GENDER_FEMALE	0.230000	0.400000	0.070000	0.070000	0.000000	MP_Hip_Tat_040	MP_Hip_Tat_040
FM_Hip_F_Tat_041	mpHipster_overlays	x64w.rpf/dlcpacks/mphipster/dlc.rpf/common/data/effects/peds/mphipster_overlays.xml	ZONE_TORSO	TYPE_TATTOO	GENDER_FEMALE	0.100000	0.370000	0.070000	0.070000	0.000000	MP_Hip_Tat_041	MP_Hip_Tat_041
FM_Hip_F_Tat_042	mpHipster_overlays	x64w.rpf/dlcpacks/mphipster/dlc.rpf/common/data/effects/peds/mphipster_overlays.xml	ZONE_RIGHT_LEG	TYPE_TATTOO	GENDER_FEMALE	0.750000	0.350000	0.150000	0.150000	0.000000	MP_Hip_Tat_042	MP_Hip_Tat_042
FM_Hip_F_Tat_043	mpHipster_overlays	x64w.rpf/dlcpacks/mphipster/dlc.rpf/common/data/effects/peds/mphipster_overlays.xml	ZONE_LEFT_ARM	TYPE_TATTOO	GENDER_FEMALE	0.527000	0.900000	0.050000	0.050000	0.000000	MP_Hip_Tat_043	MP_Hip_Tat_043
FM_Hip_F_Tat_044	mpHipster_overlays	x64w.rpf/dlcpacks/mphipster/dlc.rpf/common/data/effects/peds/mphipster_overlays.xml	ZONE_RIGHT_ARM	TYPE_TATTOO	GENDER_FEMALE	0.527000	0.900000	0.050000	0.050000	0.000000	MP_Hip_Tat_044	MP_Hip_Tat_044
FM_Hip_F_Tat_045	mpHipster_overlays	x64w.rpf/dlcpacks/mphipster/dlc.rpf/common/data/effects/peds/mphipster_overlays.xml	ZONE_RIGHT_ARM	TYPE_TATTOO	GENDER_FEMALE	0.527000	0.550000	0.170000	0.250000	0.000000	MP_Hip_Tat_045	MP_Hip_Tat_045
FM_Hip_F_Tat_046	mpHipster_overlays	x64w.rpf/dlcpacks/mphipster/dlc.rpf/common/data/effects/peds/mphipster_overlays.xml	ZONE_TORSO	TYPE_TATTOO	GENDER_FEMALE	0.227000	0.740000	0.070000	0.070000	0.000000	MP_Hip_Tat_046	MP_Hip_Tat_046
FM_Hip_F_Tat_047	mpHipster_overlays	x64w.rpf/dlcpacks/mphipster/dlc.rpf/common/data/effects/peds/mphipster_overlays.xml	ZONE_TORSO	TYPE_TATTOO	GENDER_FEMALE	-0.173000	0.610000	0.100000	0.100000	0.000000	MP_Hip_Tat_047	MP_Hip_Tat_047
FM_Hip_F_Tat_048	mpHipster_overlays	x64w.rpf/dlcpacks/mphipster/dlc.rpf/common/data/effects/peds/mphipster_overlays.xml	ZONE_LEFT_ARM	TYPE_TATTOO	GENDER_FEMALE	0.400000	0.220000	0.050000	0.050000	0.000000	MP_Hip_Tat_048	MP_Hip_Tat_048
FM_Hip_M_Tshirt_000	mpHipster_overlays	x64w.rpf/dlcpacks/mphipster/dlc.rpf/common/data/effects/peds/mphipster_overlays.xml	ZONE_TORSO	TYPE_BADGE	GENDER_MALE	0.738000	0.590000	0.300000	0.300000	0.000000	MP_Hip_Tshirt_011	MP_Hip_Tshirt_011
FM_Hip_M_Tshirt_001	mpHipster_overlays	x64w.rpf/dlcpacks/mphipster/dlc.rpf/common/data/effects/peds/mphipster_overlays.xml	ZONE_TORSO	TYPE_BADGE	GENDER_MALE	0.738000	0.590000	0.200000	0.180000	0.000000	MP_Hip_Tshirt_012	MP_Hip_Tshirt_012
FM_Hip_M_Tshirt_002	mpHipster_overlays	x64w.rpf/dlcpacks/mphipster/dlc.rpf/common/data/effects/peds/mphipster_overlays.xml	ZONE_TORSO	TYPE_BADGE	GENDER_MALE	0.738000	0.600000	0.150000	0.150000	0.000000	MP_Hip_Tshirt_013	MP_Hip_Tshirt_013
FM_Hip_M_Tshirt_003	mpHipster_overlays	x64w.rpf/dlcpacks/mphipster/dlc.rpf/common/data/effects/peds/mphipster_overlays.xml	ZONE_TORSO	TYPE_BADGE	GENDER_MALE	0.738000	0.540000	0.210000	0.210000	0.000000	MP_Hip_Tshirt_014	MP_Hip_Tshirt_014
FM_Hip_M_Tshirt_004	mpHipster_overlays	x64w.rpf/dlcpacks/mphipster/dlc.rpf/common/data/effects/peds/mphipster_overlays.xml	ZONE_TORSO	TYPE_BADGE	GENDER_MALE	0.738000	0.640000	0.160000	0.160000	0.000000	MP_Hip_Tshirt_015	MP_Hip_Tshirt_015
FM_Hip_M_Tshirt_005	mpHipster_overlays	x64w.rpf/dlcpacks/mphipster/dlc.rpf/common/data/effects/peds/mphipster_overlays.xml	ZONE_TORSO	TYPE_BADGE	GENDER_MALE	0.738000	0.590000	0.200000	0.200000	0.000000	MP_Hip_Tshirt_016	MP_Hip_Tshirt_016
FM_Hip_M_Tshirt_006	mpHipster_overlays	x64w.rpf/dlcpacks/mphipster/dlc.rpf/common/data/effects/peds/mphipster_overlays.xml	ZONE_TORSO	TYPE_BADGE	GENDER_MALE	0.738000	0.550000	0.260000	0.260000	0.000000	MP_Hip_Tshirt_017	MP_Hip_Tshirt_017
FM_Hip_M_Tshirt_007	mpHipster_overlays	x64w.rpf/dlcpacks/mphipster/dlc.rpf/common/data/effects/peds/mphipster_overlays.xml	ZONE_TORSO	TYPE_BADGE	GENDER_MALE	0.738000	0.620000	0.180000	0.180000	0.000000	MP_Hip_Tshirt_018	MP_Hip_Tshirt_018
FM_Hip_M_Tshirt_008	mpHipster_overlays	x64w.rpf/dlcpacks/mphipster/dlc.rpf/common/data/effects/peds/mphipster_overlays.xml	ZONE_TORSO	TYPE_BADGE	GENDER_MALE	0.738000	0.580000	0.180000	0.180000	0.000000	MP_Hip_Tshirt_009	MP_Hip_Tshirt_009
FM_Hip_M_Tshirt_009	mpHipster_overlays	x64w.rpf/dlcpacks/mphipster/dlc.rpf/common/data/effects/peds/mphipster_overlays.xml	ZONE_TORSO	TYPE_BADGE	GENDER_MALE	0.738000	0.580000	0.180000	0.180000	0.000000	MP_Hip_Tshirt_003	MP_Hip_Tshirt_003
FM_Hip_M_Tshirt_010	mpHipster_overlays	x64w.rpf/dlcpacks/mphipster/dlc.rpf/common/data/effects/peds/mphipster_overlays.xml	ZONE_TORSO	TYPE_BADGE	GENDER_MALE	0.738000	0.600000	0.180000	0.180000	0.000000	MP_Hip_Tshirt_022	MP_Hip_Tshirt_022
FM_Hip_M_Tshirt_011	mpHipster_overlays	x64w.rpf/dlcpacks/mphipster/dlc.rpf/common/data/effects/peds/mphipster_overlays.xml	ZONE_TORSO	TYPE_BADGE	GENDER_MALE	0.738000	0.620000	0.180000	0.180000	0.000000	MP_Hip_Tshirt_006	MP_Hip_Tshirt_006
FM_Hip_M_Tshirt_012	mpHipster_overlays	x64w.rpf/dlcpacks/mphipster/dlc.rpf/common/data/effects/peds/mphipster_overlays.xml	ZONE_TORSO	TYPE_BADGE	GENDER_MALE	0.738000	0.560000	0.180000	0.180000	0.000000	MP_Hip_Tshirt_001	MP_Hip_Tshirt_001
FM_Hip_M_Tshirt_013	mpHipster_overlays	x64w.rpf/dlcpacks/mphipster/dlc.rpf/common/data/effects/peds/mphipster_overlays.xml	ZONE_TORSO	TYPE_BADGE	GENDER_MALE	0.738000	0.560000	0.180000	0.180000	0.000000	MP_Hip_Tshirt_000	MP_Hip_Tshirt_000
FM_Hip_M_Tshirt_014	mpHipster_overlays	x64w.rpf/dlcpacks/mphipster/dlc.rpf/common/data/effects/peds/mphipster_overlays.xml	ZONE_TORSO	TYPE_BADGE	GENDER_MALE	0.738000	0.570000	0.250000	0.250000	0.000000	MP_Hip_Tshirt_008	MP_Hip_Tshirt_008
FM_Hip_M_Tshirt_015	mpHipster_overlays	x64w.rpf/dlcpacks/mphipster/dlc.rpf/common/data/effects/peds/mphipster_overlays.xml	ZONE_TORSO	TYPE_BADGE	GENDER_MALE	0.738000	0.570000	0.200000	0.200000	0.000000	MP_Hip_Tshirt_007	MP_Hip_Tshirt_007
FM_Hip_M_Tshirt_016	mpHipster_overlays	x64w.rpf/dlcpacks/mphipster/dlc.rpf/common/data/effects/peds/mphipster_overlays.xml	ZONE_TORSO	TYPE_BADGE	GENDER_MALE	0.738000	0.630000	0.200000	0.200000	0.000000	MP_Hip_Tshirt_010	MP_Hip_Tshirt_010
FM_Hip_M_Tshirt_017	mpHipster_overlays	x64w.rpf/dlcpacks/mphipster/dlc.rpf/common/data/effects/peds/mphipster_overlays.xml	ZONE_TORSO	TYPE_BADGE	GENDER_MALE	0.738000	0.600000	0.200000	0.200000	0.000000	MP_Hip_Tshirt_005	MP_Hip_Tshirt_005
FM_Hip_M_Tshirt_018	mpHipster_overlays	x64w.rpf/dlcpacks/mphipster/dlc.rpf/common/data/effects/peds/mphipster_overlays.xml	ZONE_TORSO	TYPE_BADGE	GENDER_MALE	0.738000	0.600000	0.300000	0.260000	0.000000	MP_Hip_Tshirt_004	MP_Hip_Tshirt_004
FM_Hip_M_Tshirt_019	mpHipster_overlays	x64w.rpf/dlcpacks/mphipster/dlc.rpf/common/data/effects/peds/mphipster_overlays.xml	ZONE_TORSO	TYPE_BADGE	GENDER_MALE	0.738000	0.600000	0.170000	0.170000	0.000000	MP_Hip_Tshirt_020	MP_Hip_Tshirt_020
FM_Hip_M_Tshirt_020	mpHipster_overlays	x64w.rpf/dlcpacks/mphipster/dlc.rpf/common/data/effects/peds/mphipster_overlays.xml	ZONE_TORSO	TYPE_BADGE	GENDER_MALE	0.800000	0.500000	0.270000	0.270000	0.000000	MP_Hip_Tshirt_021	MP_Hip_Tshirt_021
FM_Hip_M_Tshirt_021	mpHipster_overlays	x64w.rpf/dlcpacks/mphipster/dlc.rpf/common/data/effects/peds/mphipster_overlays.xml	ZONE_TORSO	TYPE_BADGE	GENDER_MALE	0.738000	0.630000	0.180000	0.180000	0.000000	MP_Hip_Tshirt_019	MP_Hip_Tshirt_019
FM_Hip_M_Tshirt_022	mpHipster_overlays	x64w.rpf/dlcpacks/mphipster/dlc.rpf/common/data/effects/peds/mphipster_overlays.xml	ZONE_TORSO	TYPE_BADGE	GENDER_MALE	0.738000	0.600000	0.180000	0.180000	0.000000	MP_Hip_Tshirt_002	MP_Hip_Tshirt_002
FM_Hip_F_Tshirt_000	mpHipster_overlays	x64w.rpf/dlcpacks/mphipster/dlc.rpf/common/data/effects/peds/mphipster_overlays.xml	ZONE_TORSO	TYPE_BADGE	GENDER_FEMALE	0.710000	0.560000	0.300000	0.300000	0.000000	MP_Hip_Tshirt_011	MP_Hip_Tshirt_011
FM_Hip_F_Tshirt_001	mpHipster_overlays	x64w.rpf/dlcpacks/mphipster/dlc.rpf/common/data/effects/peds/mphipster_overlays.xml	ZONE_TORSO	TYPE_BADGE	GENDER_FEMALE	0.714000	0.590000	0.200000	0.180000	0.000000	MP_Hip_Tshirt_012	MP_Hip_Tshirt_012
FM_Hip_F_Tshirt_002	mpHipster_overlays	x64w.rpf/dlcpacks/mphipster/dlc.rpf/common/data/effects/peds/mphipster_overlays.xml	ZONE_TORSO	TYPE_BADGE	GENDER_FEMALE	0.710000	0.600000	0.150000	0.150000	0.000000	MP_Hip_Tshirt_013	MP_Hip_Tshirt_013
FM_Hip_F_Tshirt_003	mpHipster_overlays	x64w.rpf/dlcpacks/mphipster/dlc.rpf/common/data/effects/peds/mphipster_overlays.xml	ZONE_TORSO	TYPE_BADGE	GENDER_FEMALE	0.714000	0.540000	0.220000	0.220000	0.000000	MP_Hip_Tshirt_014	MP_Hip_Tshirt_014
FM_Hip_F_Tshirt_004	mpHipster_overlays	x64w.rpf/dlcpacks/mphipster/dlc.rpf/common/data/effects/peds/mphipster_overlays.xml	ZONE_TORSO	TYPE_BADGE	GENDER_FEMALE	0.714000	0.660000	0.160000	0.160000	0.000000	MP_Hip_Tshirt_015	MP_Hip_Tshirt_015
FM_Hip_F_Tshirt_005	mpHipster_overlays	x64w.rpf/dlcpacks/mphipster/dlc.rpf/common/data/effects/peds/mphipster_overlays.xml	ZONE_TORSO	TYPE_BADGE	GENDER_FEMALE	0.714000	0.590000	0.200000	0.200000	0.000000	MP_Hip_Tshirt_016	MP_Hip_Tshirt_016
FM_Hip_F_Tshirt_006	mpHipster_overlays	x64w.rpf/dlcpacks/mphipster/dlc.rpf/common/data/effects/peds/mphipster_overlays.xml	ZONE_TORSO	TYPE_BADGE	GENDER_FEMALE	0.714000	0.570000	0.260000	0.280000	0.000000	MP_Hip_Tshirt_017	MP_Hip_Tshirt_017
FM_Hip_F_Tshirt_007	mpHipster_overlays	x64w.rpf/dlcpacks/mphipster/dlc.rpf/common/data/effects/peds/mphipster_overlays.xml	ZONE_TORSO	TYPE_BADGE	GENDER_FEMALE	0.714000	0.620000	0.180000	0.180000	0.000000	MP_Hip_Tshirt_018	MP_Hip_Tshirt_018
FM_Hip_F_Tshirt_008	mpHipster_overlays	x64w.rpf/dlcpacks/mphipster/dlc.rpf/common/data/effects/peds/mphipster_overlays.xml	ZONE_TORSO	TYPE_BADGE	GENDER_FEMALE	0.714000	0.580000	0.180000	0.180000	0.000000	MP_Hip_Tshirt_009	MP_Hip_Tshirt_009
FM_Hip_F_Tshirt_009	mpHipster_overlays	x64w.rpf/dlcpacks/mphipster/dlc.rpf/common/data/effects/peds/mphipster_overlays.xml	ZONE_TORSO	TYPE_BADGE	GENDER_FEMALE	0.714000	0.580000	0.180000	0.180000	0.000000	MP_Hip_Tshirt_003	MP_Hip_Tshirt_003
FM_Hip_F_Tshirt_010	mpHipster_overlays	x64w.rpf/dlcpacks/mphipster/dlc.rpf/common/data/effects/peds/mphipster_overlays.xml	ZONE_TORSO	TYPE_BADGE	GENDER_FEMALE	0.714000	0.600000	0.180000	0.180000	0.000000	MP_Hip_Tshirt_022	MP_Hip_Tshirt_022
FM_Hip_F_Tshirt_011	mpHipster_overlays	x64w.rpf/dlcpacks/mphipster/dlc.rpf/common/data/effects/peds/mphipster_overlays.xml	ZONE_TORSO	TYPE_BADGE	GENDER_FEMALE	0.714000	0.620000	0.180000	0.180000	0.000000	MP_Hip_Tshirt_006	MP_Hip_Tshirt_006
FM_Hip_F_Tshirt_012	mpHipster_overlays	x64w.rpf/dlcpacks/mphipster/dlc.rpf/common/data/effects/peds/mphipster_overlays.xml	ZONE_TORSO	TYPE_BADGE	GENDER_FEMALE	0.714000	0.560000	0.180000	0.180000	0.000000	MP_Hip_Tshirt_001	MP_Hip_Tshirt_001
FM_Hip_F_Tshirt_013	mpHipster_overlays	x64w.rpf/dlcpacks/mphipster/dlc.rpf/common/data/effects/peds/mphipster_overlays.xml	ZONE_TORSO	TYPE_BADGE	GENDER_FEMALE	0.714000	0.560000	0.180000	0.180000	0.000000	MP_Hip_Tshirt_000	MP_Hip_Tshirt_000
FM_Hip_F_Tshirt_014	mpHipster_overlays	x64w.rpf/dlcpacks/mphipster/dlc.rpf/common/data/effects/peds/mphipster_overlays.xml	ZONE_TORSO	TYPE_BADGE	GENDER_FEMALE	0.714000	0.570000	0.250000	0.250000	0.000000	MP_Hip_Tshirt_008	MP_Hip_Tshirt_008
FM_Hip_F_Tshirt_015	mpHipster_overlays	x64w.rpf/dlcpacks/mphipster/dlc.rpf/common/data/effects/peds/mphipster_overlays.xml	ZONE_TORSO	TYPE_BADGE	GENDER_FEMALE	0.714000	0.570000	0.200000	0.200000	0.000000	MP_Hip_Tshirt_007	MP_Hip_Tshirt_007
FM_Hip_F_Tshirt_016	mpHipster_overlays	x64w.rpf/dlcpacks/mphipster/dlc.rpf/common/data/effects/peds/mphipster_overlays.xml	ZONE_TORSO	TYPE_BADGE	GENDER_FEMALE	0.714000	0.630000	0.200000	0.200000	0.000000	MP_Hip_Tshirt_010	MP_Hip_Tshirt_010
FM_Hip_F_Tshirt_017	mpHipster_overlays	x64w.rpf/dlcpacks/mphipster/dlc.rpf/common/data/effects/peds/mphipster_overlays.xml	ZONE_TORSO	TYPE_BADGE	GENDER_FEMALE	0.714000	0.600000	0.200000	0.200000	0.000000	MP_Hip_Tshirt_005	MP_Hip_Tshirt_005
FM_Hip_F_Tshirt_018	mpHipster_overlays	x64w.rpf/dlcpacks/mphipster/dlc.rpf/common/data/effects/peds/mphipster_overlays.xml	ZONE_TORSO	TYPE_BADGE	GENDER_FEMALE	0.714000	0.600000	0.300000	0.260000	0.000000	MP_Hip_Tshirt_004	MP_Hip_Tshirt_004
FM_Hip_F_Tshirt_019	mpHipster_overlays	x64w.rpf/dlcpacks/mphipster/dlc.rpf/common/data/effects/peds/mphipster_overlays.xml	ZONE_TORSO	TYPE_BADGE	GENDER_FEMALE	0.714000	0.600000	0.170000	0.170000	0.000000	MP_Hip_Tshirt_020	MP_Hip_Tshirt_020
FM_Hip_F_Tshirt_020	mpHipster_overlays	x64w.rpf/dlcpacks/mphipster/dlc.rpf/common/data/effects/peds/mphipster_overlays.xml	ZONE_TORSO	TYPE_BADGE	GENDER_FEMALE	0.780000	0.500000	0.270000	0.270000	0.000000	MP_Hip_Tshirt_021	MP_Hip_Tshirt_021
FM_Hip_F_Tshirt_021	mpHipster_overlays	x64w.rpf/dlcpacks/mphipster/dlc.rpf/common/data/effects/peds/mphipster_overlays.xml	ZONE_TORSO	TYPE_BADGE	GENDER_FEMALE	0.714000	0.630000	0.180000	0.180000	0.000000	MP_Hip_Tshirt_019	MP_Hip_Tshirt_019
FM_Hip_F_Tshirt_022	mpHipster_overlays	x64w.rpf/dlcpacks/mphipster/dlc.rpf/common/data/effects/peds/mphipster_overlays.xml	ZONE_TORSO	TYPE_BADGE	GENDER_FEMALE	0.714000	0.600000	0.180000	0.180000	0.000000	MP_Hip_Tshirt_002	MP_Hip_Tshirt_002
FM_Hip_M_Retro_000	mpHipster_overlays	x64w.rpf/dlcpacks/mphipster/dlc.rpf/common/data/effects/peds/mphipster_overlays.xml	ZONE_TORSO	TYPE_BADGE	GENDER_MALE	0.738000	0.550000	0.250000	0.200000	0.000000	MP_Hip_OBrands_000	MP_Hip_OBrands_000
FM_Hip_M_Retro_001	mpHipster_overlays	x64w.rpf/dlcpacks/mphipster/dlc.rpf/common/data/effects/peds/mphipster_overlays.xml	ZONE_TORSO	TYPE_BADGE	GENDER_MALE	0.738000	0.590000	0.170000	0.170000	0.000000	MP_Hip_OBrands_001	MP_Hip_OBrands_001
FM_Hip_M_Retro_002	mpHipster_overlays	x64w.rpf/dlcpacks/mphipster/dlc.rpf/common/data/effects/peds/mphipster_overlays.xml	ZONE_TORSO	TYPE_BADGE	GENDER_MALE	0.738000	0.650000	0.200000	0.150000	0.000000	MP_Hip_OBrands_002	MP_Hip_OBrands_002
FM_Hip_M_Retro_003	mpHipster_overlays	x64w.rpf/dlcpacks/mphipster/dlc.rpf/common/data/effects/peds/mphipster_overlays.xml	ZONE_TORSO	TYPE_BADGE	GENDER_MALE	0.738000	0.650000	0.150000	0.150000	0.000000	MP_Hip_OBrands_003	MP_Hip_OBrands_003
FM_Hip_M_Retro_004	mpHipster_overlays	x64w.rpf/dlcpacks/mphipster/dlc.rpf/common/data/effects/peds/mphipster_overlays.xml	ZONE_TORSO	TYPE_BADGE	GENDER_MALE	0.738000	0.650000	0.150000	0.170000	0.000000	MP_Hip_OBrands_004	MP_Hip_OBrands_004
FM_Hip_M_Retro_005	mpHipster_overlays	x64w.rpf/dlcpacks/mphipster/dlc.rpf/common/data/effects/peds/mphipster_overlays.xml	ZONE_TORSO	TYPE_BADGE	GENDER_MALE	0.738000	0.650000	0.150000	0.170000	0.000000	MP_Hip_OBrands_005	MP_Hip_OBrands_005
FM_Hip_M_Retro_006	mpHipster_overlays	x64w.rpf/dlcpacks/mphipster/dlc.rpf/common/data/effects/peds/mphipster_overlays.xml	ZONE_TORSO	TYPE_BADGE	GENDER_MALE	0.750000	0.610000	0.150000	0.170000	0.000000	MP_Hip_OBrands_006	MP_Hip_OBrands_006
FM_Hip_M_Retro_007	mpHipster_overlays	x64w.rpf/dlcpacks/mphipster/dlc.rpf/common/data/effects/peds/mphipster_overlays.xml	ZONE_TORSO	TYPE_BADGE	GENDER_MALE	0.850000	0.520000	0.250000	0.300000	-90.000000	MP_Hip_OBrands_007	MP_Hip_OBrands_007
FM_Hip_M_Retro_008	mpHipster_overlays	x64w.rpf/dlcpacks/mphipster/dlc.rpf/common/data/effects/peds/mphipster_overlays.xml	ZONE_TORSO	TYPE_BADGE	GENDER_MALE	0.738000	0.620000	0.200000	0.200000	0.000000	MP_Hip_OBrands_008	MP_Hip_OBrands_008
FM_Hip_M_Retro_009	mpHipster_overlays	x64w.rpf/dlcpacks/mphipster/dlc.rpf/common/data/effects/peds/mphipster_overlays.xml	ZONE_TORSO	TYPE_BADGE	GENDER_MALE	0.738000	0.620000	0.150000	0.150000	0.000000	MP_Hip_OBrands_009	MP_Hip_OBrands_009
FM_Hip_M_Retro_010	mpHipster_overlays	x64w.rpf/dlcpacks/mphipster/dlc.rpf/common/data/effects/peds/mphipster_overlays.xml	ZONE_TORSO	TYPE_BADGE	GENDER_MALE	0.738000	0.620000	0.200000	0.200000	0.000000	MP_Hip_OBrands_010	MP_Hip_OBrands_010
FM_Hip_M_Retro_011	mpHipster_overlays	x64w.rpf/dlcpacks/mphipster/dlc.rpf/common/data/effects/peds/mphipster_overlays.xml	ZONE_TORSO	TYPE_BADGE	GENDER_MALE	0.738000	0.620000	0.200000	0.200000	0.000000	MP_Hip_OBrands_011	MP_Hip_OBrands_011
FM_Hip_M_Retro_012	mpHipster_overlays	x64w.rpf/dlcpacks/mphipster/dlc.rpf/common/data/effects/peds/mphipster_overlays.xml	ZONE_TORSO	TYPE_BADGE	GENDER_MALE	0.738000	0.610000	0.170000	0.170000	0.000000	MP_Hip_OBrands_012	MP_Hip_OBrands_012
FM_Hip_M_Retro_013	mpHipster_overlays	x64w.rpf/dlcpacks/mphipster/dlc.rpf/common/data/effects/peds/mphipster_overlays.xml	ZONE_TORSO	TYPE_BADGE	GENDER_MALE	0.738000	0.610000	0.150000	0.150000	0.000000	MP_Hip_OBrands_013	MP_Hip_OBrands_013
FM_Hip_F_Retro_000	mpHipster_overlays	x64w.rpf/dlcpacks/mphipster/dlc.rpf/common/data/effects/peds/mphipster_overlays.xml	ZONE_TORSO	TYPE_BADGE	GENDER_FEMALE	0.718000	0.550000	0.250000	0.200000	0.000000	MP_Hip_OBrands_000	MP_Hip_OBrands_000
FM_Hip_F_Retro_001	mpHipster_overlays	x64w.rpf/dlcpacks/mphipster/dlc.rpf/common/data/effects/peds/mphipster_overlays.xml	ZONE_TORSO	TYPE_BADGE	GENDER_FEMALE	0.718000	0.620000	0.170000	0.170000	0.000000	MP_Hip_OBrands_001	MP_Hip_OBrands_001
FM_Hip_F_Retro_002	mpHipster_overlays	x64w.rpf/dlcpacks/mphipster/dlc.rpf/common/data/effects/peds/mphipster_overlays.xml	ZONE_TORSO	TYPE_BADGE	GENDER_FEMALE	0.718000	0.680000	0.200000	0.150000	0.000000	MP_Hip_OBrands_002	MP_Hip_OBrands_002
FM_Hip_F_Retro_003	mpHipster_overlays	x64w.rpf/dlcpacks/mphipster/dlc.rpf/common/data/effects/peds/mphipster_overlays.xml	ZONE_TORSO	TYPE_BADGE	GENDER_FEMALE	0.718000	0.650000	0.150000	0.150000	0.000000	MP_Hip_OBrands_003	MP_Hip_OBrands_003
FM_Hip_F_Retro_004	mpHipster_overlays	x64w.rpf/dlcpacks/mphipster/dlc.rpf/common/data/effects/peds/mphipster_overlays.xml	ZONE_TORSO	TYPE_BADGE	GENDER_FEMALE	0.718000	0.650000	0.150000	0.170000	0.000000	MP_Hip_OBrands_004	MP_Hip_OBrands_004
FM_Hip_F_Retro_005	mpHipster_overlays	x64w.rpf/dlcpacks/mphipster/dlc.rpf/common/data/effects/peds/mphipster_overlays.xml	ZONE_TORSO	TYPE_BADGE	GENDER_FEMALE	0.718000	0.650000	0.150000	0.170000	0.000000	MP_Hip_OBrands_005	MP_Hip_OBrands_005
FM_Hip_F_Retro_006	mpHipster_overlays	x64w.rpf/dlcpacks/mphipster/dlc.rpf/common/data/effects/peds/mphipster_overlays.xml	ZONE_TORSO	TYPE_BADGE	GENDER_FEMALE	0.730000	0.610000	0.150000	0.170000	0.000000	MP_Hip_OBrands_006	MP_Hip_OBrands_006
FM_Hip_F_Retro_007	mpHipster_overlays	x64w.rpf/dlcpacks/mphipster/dlc.rpf/common/data/effects/peds/mphipster_overlays.xml	ZONE_TORSO	TYPE_BADGE	GENDER_FEMALE	0.850000	0.520000	0.250000	0.300000	-90.000000	MP_Hip_OBrands_007	MP_Hip_OBrands_007
FM_Hip_F_Retro_008	mpHipster_overlays	x64w.rpf/dlcpacks/mphipster/dlc.rpf/common/data/effects/peds/mphipster_overlays.xml	ZONE_TORSO	TYPE_BADGE	GENDER_FEMALE	0.718000	0.650000	0.200000	0.200000	0.000000	MP_Hip_OBrands_008	MP_Hip_OBrands_008
FM_Hip_F_Retro_009	mpHipster_overlays	x64w.rpf/dlcpacks/mphipster/dlc.rpf/common/data/effects/peds/mphipster_overlays.xml	ZONE_TORSO	TYPE_BADGE	GENDER_FEMALE	0.718000	0.650000	0.150000	0.150000	0.000000	MP_Hip_OBrands_009	MP_Hip_OBrands_009
FM_Hip_F_Retro_010	mpHipster_overlays	x64w.rpf/dlcpacks/mphipster/dlc.rpf/common/data/effects/peds/mphipster_overlays.xml	ZONE_TORSO	TYPE_BADGE	GENDER_FEMALE	0.718000	0.650000	0.200000	0.200000	0.000000	MP_Hip_OBrands_010	MP_Hip_OBrands_010
FM_Hip_F_Retro_011	mpHipster_overlays	x64w.rpf/dlcpacks/mphipster/dlc.rpf/common/data/effects/peds/mphipster_overlays.xml	ZONE_TORSO	TYPE_BADGE	GENDER_FEMALE	0.718000	0.650000	0.200000	0.200000	0.000000	MP_Hip_OBrands_011	MP_Hip_OBrands_011
FM_Hip_F_Retro_012	mpHipster_overlays	x64w.rpf/dlcpacks/mphipster/dlc.rpf/common/data/effects/peds/mphipster_overlays.xml	ZONE_TORSO	TYPE_BADGE	GENDER_FEMALE	0.718000	0.630000	0.170000	0.170000	0.000000	MP_Hip_OBrands_012	MP_Hip_OBrands_012
FM_Hip_F_Retro_013	mpHipster_overlays	x64w.rpf/dlcpacks/mphipster/dlc.rpf/common/data/effects/peds/mphipster_overlays.xml	ZONE_TORSO	TYPE_BADGE	GENDER_FEMALE	0.718000	0.610000	0.150000	0.150000	0.000000	MP_Hip_OBrands_013	MP_Hip_OBrands_013
FM_F_Hair_017_a	mpHipster_overlays	x64w.rpf/dlcpacks/mphipster/dlc.rpf/common/data/effects/peds/mphipster_overlays.xml	ZONE_HEAD	TYPE_TATTOO	GENDER_FEMALE	0.500000	0.500000	0.600000	0.500000	0.000000	F_Beach_Hair_001_A	F_Beach_Hair_001_A
FM_F_Hair_017_b	mpHipster_overlays	x64w.rpf/dlcpacks/mphipster/dlc.rpf/common/data/effects/peds/mphipster_overlays.xml	ZONE_HEAD	TYPE_TATTOO	GENDER_FEMALE	0.500000	0.500000	0.600000	0.500000	0.000000	F_Beach_Hair_001_B	F_Beach_Hair_001_B
FM_F_Hair_017_c	mpHipster_overlays	x64w.rpf/dlcpacks/mphipster/dlc.rpf/common/data/effects/peds/mphipster_overlays.xml	ZONE_HEAD	TYPE_TATTOO	GENDER_FEMALE	0.500000	0.500000	0.600000	0.500000	0.000000	F_Beach_Hair_001_C	F_Beach_Hair_001_C
FM_F_Hair_017_d	mpHipster_overlays	x64w.rpf/dlcpacks/mphipster/dlc.rpf/common/data/effects/peds/mphipster_overlays.xml	ZONE_HEAD	TYPE_TATTOO	GENDER_FEMALE	0.500000	0.500000	0.600000	0.500000	0.000000	F_Beach_Hair_001_D	F_Beach_Hair_001_D
FM_F_Hair_017_e	mpHipster_overlays	x64w.rpf/dlcpacks/mphipster/dlc.rpf/common/data/effects/peds/mphipster_overlays.xml	ZONE_HEAD	TYPE_TATTOO	GENDER_FEMALE	0.500000	0.500000	0.600000	0.500000	0.000000	F_Beach_Hair_001_E	F_Beach_Hair_001_E
FM_F_Hair_020_a	mpHipster_overlays	x64w.rpf/dlcpacks/mphipster/dlc.rpf/common/data/effects/peds/mphipster_overlays.xml	ZONE_HEAD	TYPE_TATTOO	GENDER_FEMALE	0.500000	0.500000	0.600000	0.500000	0.000000	F_Business_Hair_001_A	F_Business_Hair_001_A
FM_F_Hair_020_b	mpHipster_overlays	x64w.rpf/dlcpacks/mphipster/dlc.rpf/common/data/effects/peds/mphipster_overlays.xml	ZONE_HEAD	TYPE_TATTOO	GENDER_FEMALE	0.500000	0.500000	0.600000	0.500000	0.000000	F_Business_Hair_001_B	F_Business_Hair_001_B
FM_F_Hair_020_c	mpHipster_overlays	x64w.rpf/dlcpacks/mphipster/dlc.rpf/common/data/effects/peds/mphipster_overlays.xml	ZONE_HEAD	TYPE_TATTOO	GENDER_FEMALE	0.500000	0.500000	0.600000	0.500000	0.000000	F_Business_Hair_001_C	F_Business_Hair_001_C
FM_F_Hair_020_d	mpHipster_overlays	x64w.rpf/dlcpacks/mphipster/dlc.rpf/common/data/effects/peds/mphipster_overlays.xml	ZONE_HEAD	TYPE_TATTOO	GENDER_FEMALE	0.500000	0.500000	0.600000	0.500000	0.000000	F_Business_Hair_001_D	F_Business_Hair_001_D
FM_F_Hair_020_e	mpHipster_overlays	x64w.rpf/dlcpacks/mphipster/dlc.rpf/common/data/effects/peds/mphipster_overlays.xml	ZONE_HEAD	TYPE_TATTOO	GENDER_FEMALE	0.500000	0.500000	0.600000	0.500000	0.000000	F_Business_Hair_001_E	F_Business_Hair_001_E
FM_Disc_M_Hair_001_a	mpHipster_overlays	x64w.rpf/dlcpacks/mphipster/dlc.rpf/common/data/effects/peds/mphipster_overlays.xml	ZONE_HEAD	TYPE_TATTOO	GENDER_MALE	0.500000	0.500000	0.600000	0.500000	0.000000	M_Disc_Hair_001_A	M_Disc_Hair_001_A
FM_Disc_M_Hair_001_b	mpHipster_overlays	x64w.rpf/dlcpacks/mphipster/dlc.rpf/common/data/effects/peds/mphipster_overlays.xml	ZONE_HEAD	TYPE_TATTOO	GENDER_MALE	0.500000	0.500000	0.600000	0.500000	0.000000	M_Disc_Hair_001_B	M_Disc_Hair_001_B
FM_Disc_M_Hair_001_c	mpHipster_overlays	x64w.rpf/dlcpacks/mphipster/dlc.rpf/common/data/effects/peds/mphipster_overlays.xml	ZONE_HEAD	TYPE_TATTOO	GENDER_MALE	0.500000	0.500000	0.600000	0.500000	0.000000	M_Disc_Hair_001_C	M_Disc_Hair_001_C
FM_Disc_M_Hair_001_d	mpHipster_overlays	x64w.rpf/dlcpacks/mphipster/dlc.rpf/common/data/effects/peds/mphipster_overlays.xml	ZONE_HEAD	TYPE_TATTOO	GENDER_MALE	0.500000	0.500000	0.600000	0.500000	0.000000	M_Disc_Hair_001_D	M_Disc_Hair_001_D
FM_Disc_M_Hair_001_e	mpHipster_overlays	x64w.rpf/dlcpacks/mphipster/dlc.rpf/common/data/effects/peds/mphipster_overlays.xml	ZONE_HEAD	TYPE_TATTOO	GENDER_MALE	0.500000	0.500000	0.600000	0.500000	0.000000	M_Disc_Hair_001_E	M_Disc_Hair_001_E
FM_Rstar_M_Tshirt_000	mpHipster_overlays	x64w.rpf/dlcpacks/mphipster/dlc.rpf/common/data/effects/peds/mphipster_overlays.xml	ZONE_TORSO	TYPE_BADGE	GENDER_MALE	0.738000	0.580000	0.180000	0.180000	0.000000	mp_Rstar_tshirt_000	mp_Rstar_tshirt_000
FM_Rstar_M_Tshirt_001	mpHipster_overlays	x64w.rpf/dlcpacks/mphipster/dlc.rpf/common/data/effects/peds/mphipster_overlays.xml	ZONE_TORSO	TYPE_BADGE	GENDER_MALE	0.738000	0.580000	0.180000	0.180000	0.000000	mp_Rstar_tshirt_001	mp_Rstar_tshirt_001
FM_Rstar_M_Tshirt_002	mpHipster_overlays	x64w.rpf/dlcpacks/mphipster/dlc.rpf/common/data/effects/peds/mphipster_overlays.xml	ZONE_TORSO	TYPE_BADGE	GENDER_MALE	0.738000	0.600000	0.140000	0.140000	0.000000	mp_Rstar_tshirt_002	mp_Rstar_tshirt_002
FM_Rstar_F_Tshirt_000	mpHipster_overlays	x64w.rpf/dlcpacks/mphipster/dlc.rpf/common/data/effects/peds/mphipster_overlays.xml	ZONE_TORSO	TYPE_BADGE	GENDER_FEMALE	0.720000	0.580000	0.180000	0.180000	0.000000	mp_Rstar_tshirt_000	mp_Rstar_tshirt_000
FM_Rstar_F_Tshirt_001	mpHipster_overlays	x64w.rpf/dlcpacks/mphipster/dlc.rpf/common/data/effects/peds/mphipster_overlays.xml	ZONE_TORSO	TYPE_BADGE	GENDER_FEMALE	0.720000	0.580000	0.180000	0.180000	0.000000	mp_Rstar_tshirt_001	mp_Rstar_tshirt_001
FM_Rstar_F_Tshirt_002	mpHipster_overlays	x64w.rpf/dlcpacks/mphipster/dlc.rpf/common/data/effects/peds/mphipster_overlays.xml	ZONE_TORSO	TYPE_BADGE	GENDER_FEMALE	0.720000	0.620000	0.120000	0.120000	0.000000	mp_Rstar_tshirt_002	mp_Rstar_tshirt_002
FM_Ind_M_Award_000	mpIndependance_overlays	x64w.rpf/dlcpacks/mpindependence/dlc.rpf/common/data/effects/peds/mpindependence_overlays.xml	ZONE_TORSO	TYPE_BADGE	GENDER_MALE	0.740000	0.550000	0.200000	0.220000	0.000000	MP_Ind_Award_Tshirt_000	MP_Ind_Award_Tshirt_000
FM_Ind_F_Award_000	mpIndependance_overlays	x64w.rpf/dlcpacks/mpindependence/dlc.rpf/common/data/effects/peds/mpindependence_overlays.xml	ZONE_TORSO	TYPE_BADGE	GENDER_FEMALE	0.740000	0.550000	0.200000	0.220000	0.000000	MP_Ind_Award_Tshirt_000	MP_Ind_Award_Tshirt_000
FM_Ind_M_Tshirt_000	mpIndependance_overlays	x64w.rpf/dlcpacks/mpindependence/dlc.rpf/common/data/effects/peds/mpindependence_overlays.xml	ZONE_TORSO	TYPE_BADGE	GENDER_MALE	0.740000	0.550000	0.160000	0.160000	0.000000	MP_Ind_Tshirt_000	MP_Ind_Tshirt_000
FM_Ind_M_Tshirt_001	mpIndependance_overlays	x64w.rpf/dlcpacks/mpindependence/dlc.rpf/common/data/effects/peds/mpindependence_overlays.xml	ZONE_TORSO	TYPE_BADGE	GENDER_MALE	0.740000	0.650000	0.160000	0.160000	0.000000	MP_Ind_Tshirt_001	MP_Ind_Tshirt_001
FM_Ind_M_Tshirt_002	mpIndependance_overlays	x64w.rpf/dlcpacks/mpindependence/dlc.rpf/common/data/effects/peds/mpindependence_overlays.xml	ZONE_TORSO	TYPE_BADGE	GENDER_MALE	0.740000	0.630000	0.160000	0.160000	0.000000	MP_Ind_Tshirt_002	MP_Ind_Tshirt_002
FM_Ind_M_Tshirt_003	mpIndependance_overlays	x64w.rpf/dlcpacks/mpindependence/dlc.rpf/common/data/effects/peds/mpindependence_overlays.xml	ZONE_TORSO	TYPE_BADGE	GENDER_MALE	0.740000	0.630000	0.160000	0.160000	0.000000	MP_Ind_Tshirt_003	MP_Ind_Tshirt_003
FM_Ind_M_Tshirt_004	mpIndependance_overlays	x64w.rpf/dlcpacks/mpindependence/dlc.rpf/common/data/effects/peds/mpindependence_overlays.xml	ZONE_TORSO	TYPE_BADGE	GENDER_MALE	0.740000	0.620000	0.160000	0.160000	0.000000	MP_Ind_Tshirt_004	MP_Ind_Tshirt_004
FM_Ind_M_Tshirt_005	mpIndependance_overlays	x64w.rpf/dlcpacks/mpindependence/dlc.rpf/common/data/effects/peds/mpindependence_overlays.xml	ZONE_TORSO	TYPE_BADGE	GENDER_MALE	0.726000	0.620000	0.160000	0.160000	0.000000	MP_Ind_Tshirt_005	MP_Ind_Tshirt_005
FM_Ind_M_Tshirt_006	mpIndependance_overlays	x64w.rpf/dlcpacks/mpindependence/dlc.rpf/common/data/effects/peds/mpindependence_overlays.xml	ZONE_TORSO	TYPE_BADGE	GENDER_MALE	0.738000	0.620000	0.160000	0.140000	0.000000	MP_Ind_Tshirt_006	MP_Ind_Tshirt_006
FM_Ind_M_Tshirt_007	mpIndependance_overlays	x64w.rpf/dlcpacks/mpindependence/dlc.rpf/common/data/effects/peds/mpindependence_overlays.xml	ZONE_TORSO	TYPE_BADGE	GENDER_MALE	0.726000	0.620000	0.160000	0.140000	0.000000	MP_Ind_Tshirt_007	MP_Ind_Tshirt_007
FM_Ind_M_Tshirt_008	mpIndependance_overlays	x64w.rpf/dlcpacks/mpindependence/dlc.rpf/common/data/effects/peds/mpindependence_overlays.xml	ZONE_TORSO	TYPE_BADGE	GENDER_MALE	0.736000	0.620000	0.160000	0.140000	0.000000	MP_Ind_Tshirt_008	MP_Ind_Tshirt_008
FM_Ind_M_Tshirt_009	mpIndependance_overlays	x64w.rpf/dlcpacks/mpindependence/dlc.rpf/common/data/effects/peds/mpindependence_overlays.xml	ZONE_TORSO	TYPE_BADGE	GENDER_MALE	0.736000	0.620000	0.160000	0.140000	0.000000	MP_Ind_Tshirt_009	MP_Ind_Tshirt_009
FM_Ind_M_Tshirt_010	mpIndependance_overlays	x64w.rpf/dlcpacks/mpindependence/dlc.rpf/common/data/effects/peds/mpindependence_overlays.xml	ZONE_TORSO	TYPE_BADGE	GENDER_MALE	0.736000	0.620000	0.160000	0.140000	0.000000	MP_Ind_Tshirt_010	MP_Ind_Tshirt_010
FM_Ind_M_Tshirt_011	mpIndependance_overlays	x64w.rpf/dlcpacks/mpindependence/dlc.rpf/common/data/effects/peds/mpindependence_overlays.xml	ZONE_TORSO	TYPE_BADGE	GENDER_MALE	0.736000	0.620000	0.160000	0.140000	0.000000	MP_Ind_Tshirt_011	MP_Ind_Tshirt_011
FM_Ind_M_Tshirt_012	mpIndependance_overlays	x64w.rpf/dlcpacks/mpindependence/dlc.rpf/common/data/effects/peds/mpindependence_overlays.xml	ZONE_TORSO	TYPE_BADGE	GENDER_MALE	0.736000	0.620000	0.180000	0.160000	0.000000	MP_Ind_Tshirt_012	MP_Ind_Tshirt_012
FM_Ind_M_Tshirt_013	mpIndependance_overlays	x64w.rpf/dlcpacks/mpindependence/dlc.rpf/common/data/effects/peds/mpindependence_overlays.xml	ZONE_TORSO	TYPE_BADGE	GENDER_MALE	0.736000	0.620000	0.180000	0.160000	0.000000	MP_Ind_Tshirt_013	MP_Ind_Tshirt_013
FM_Ind_M_Tshirt_014	mpIndependance_overlays	x64w.rpf/dlcpacks/mpindependence/dlc.rpf/common/data/effects/peds/mpindependence_overlays.xml	ZONE_TORSO	TYPE_BADGE	GENDER_MALE	0.734000	0.600000	0.140000	0.140000	0.000000	MP_Ind_Tshirt_014	MP_Ind_Tshirt_014
FM_Ind_M_Tshirt_015	mpIndependance_overlays	x64w.rpf/dlcpacks/mpindependence/dlc.rpf/common/data/effects/peds/mpindependence_overlays.xml	ZONE_TORSO	TYPE_BADGE	GENDER_MALE	0.734000	0.600000	0.180000	0.150000	0.000000	MP_Ind_Tshirt_015	MP_Ind_Tshirt_015
FM_Ind_M_Tshirt_016	mpIndependance_overlays	x64w.rpf/dlcpacks/mpindependence/dlc.rpf/common/data/effects/peds/mpindependence_overlays.xml	ZONE_TORSO	TYPE_BADGE	GENDER_MALE	0.734000	0.600000	0.180000	0.150000	0.000000	MP_Ind_Tshirt_016	MP_Ind_Tshirt_016
FM_Ind_M_Tshirt_017	mpIndependance_overlays	x64w.rpf/dlcpacks/mpindependence/dlc.rpf/common/data/effects/peds/mpindependence_overlays.xml	ZONE_TORSO	TYPE_BADGE	GENDER_MALE	0.734000	0.580000	0.180000	0.150000	0.000000	MP_Ind_Tshirt_017	MP_Ind_Tshirt_017
FM_Ind_M_Tshirt_018	mpIndependance_overlays	x64w.rpf/dlcpacks/mpindependence/dlc.rpf/common/data/effects/peds/mpindependence_overlays.xml	ZONE_TORSO	TYPE_BADGE	GENDER_MALE	0.734000	0.580000	0.180000	0.150000	0.000000	MP_Ind_Tshirt_018	MP_Ind_Tshirt_018
FM_Ind_M_Tshirt_019	mpIndependance_overlays	x64w.rpf/dlcpacks/mpindependence/dlc.rpf/common/data/effects/peds/mpindependence_overlays.xml	ZONE_TORSO	TYPE_BADGE	GENDER_MALE	0.714000	0.620000	0.180000	0.150000	0.000000	MP_Ind_Tshirt_019	MP_Ind_Tshirt_019
FM_Ind_M_Tshirt_020	mpIndependance_overlays	x64w.rpf/dlcpacks/mpindependence/dlc.rpf/common/data/effects/peds/mpindependence_overlays.xml	ZONE_TORSO	TYPE_BADGE	GENDER_MALE	0.734000	0.660000	0.180000	0.150000	0.000000	MP_Ind_Tshirt_020	MP_Ind_Tshirt_020
FM_Ind_M_Tshirt_021	mpIndependance_overlays	x64w.rpf/dlcpacks/mpindependence/dlc.rpf/common/data/effects/peds/mpindependence_overlays.xml	ZONE_TORSO	TYPE_BADGE	GENDER_MALE	0.734000	0.600000	0.140000	0.140000	0.000000	MP_Ind_Tshirt_021	MP_Ind_Tshirt_021
FM_Ind_M_Tshirt_022	mpIndependance_overlays	x64w.rpf/dlcpacks/mpindependence/dlc.rpf/common/data/effects/peds/mpindependence_overlays.xml	ZONE_TORSO	TYPE_BADGE	GENDER_MALE	0.734000	0.650000	0.150000	0.150000	0.000000	MP_Ind_Tshirt_022	MP_Ind_Tshirt_022
FM_Ind_M_Tshirt_023	mpIndependance_overlays	x64w.rpf/dlcpacks/mpindependence/dlc.rpf/common/data/effects/peds/mpindependence_overlays.xml	ZONE_TORSO	TYPE_BADGE	GENDER_MALE	0.743000	0.600000	0.150000	0.150000	0.000000	MP_Ind_Tshirt_023	MP_Ind_Tshirt_023
FM_Ind_M_Tshirt_024	mpIndependance_overlays	x64w.rpf/dlcpacks/mpindependence/dlc.rpf/common/data/effects/peds/mpindependence_overlays.xml	ZONE_TORSO	TYPE_BADGE	GENDER_MALE	0.743000	0.600000	0.150000	0.150000	0.000000	MP_Ind_Tshirt_024	MP_Ind_Tshirt_024
FM_Ind_M_Tshirt_025	mpIndependance_overlays	x64w.rpf/dlcpacks/mpindependence/dlc.rpf/common/data/effects/peds/mpindependence_overlays.xml	ZONE_TORSO	TYPE_BADGE	GENDER_MALE	0.736000	0.640000	0.150000	0.150000	0.000000	MP_Ind_Tshirt_025	MP_Ind_Tshirt_025
FM_Ind_M_Tshirt_026	mpIndependance_overlays	x64w.rpf/dlcpacks/mpindependence/dlc.rpf/common/data/effects/peds/mpindependence_overlays.xml	ZONE_TORSO	TYPE_BADGE	GENDER_MALE	0.743000	0.600000	0.150000	0.150000	0.000000	MP_Ind_Tshirt_026	MP_Ind_Tshirt_026
FM_Ind_F_Tshirt_000	mpIndependance_overlays	x64w.rpf/dlcpacks/mpindependence/dlc.rpf/common/data/effects/peds/mpindependence_overlays.xml	ZONE_TORSO	TYPE_BADGE	GENDER_FEMALE	0.726000	0.570000	0.160000	0.160000	0.000000	MP_Ind_Tshirt_000	MP_Ind_Tshirt_000
FM_Ind_F_Tshirt_001	mpIndependance_overlays	x64w.rpf/dlcpacks/mpindependence/dlc.rpf/common/data/effects/peds/mpindependence_overlays.xml	ZONE_TORSO	TYPE_BADGE	GENDER_FEMALE	0.726000	0.650000	0.160000	0.160000	0.000000	MP_Ind_Tshirt_001	MP_Ind_Tshirt_001
FM_Ind_F_Tshirt_002	mpIndependance_overlays	x64w.rpf/dlcpacks/mpindependence/dlc.rpf/common/data/effects/peds/mpindependence_overlays.xml	ZONE_TORSO	TYPE_BADGE	GENDER_FEMALE	0.722000	0.630000	0.160000	0.160000	0.000000	MP_Ind_Tshirt_002	MP_Ind_Tshirt_002
FM_Ind_F_Tshirt_003	mpIndependance_overlays	x64w.rpf/dlcpacks/mpindependence/dlc.rpf/common/data/effects/peds/mpindependence_overlays.xml	ZONE_TORSO	TYPE_BADGE	GENDER_FEMALE	0.722000	0.630000	0.160000	0.160000	0.000000	MP_Ind_Tshirt_003	MP_Ind_Tshirt_003
FM_Ind_F_Tshirt_004	mpIndependance_overlays	x64w.rpf/dlcpacks/mpindependence/dlc.rpf/common/data/effects/peds/mpindependence_overlays.xml	ZONE_TORSO	TYPE_BADGE	GENDER_FEMALE	0.726000	0.600000	0.160000	0.160000	0.000000	MP_Ind_Tshirt_004	MP_Ind_Tshirt_004
FM_Ind_F_Tshirt_005	mpIndependance_overlays	x64w.rpf/dlcpacks/mpindependence/dlc.rpf/common/data/effects/peds/mpindependence_overlays.xml	ZONE_TORSO	TYPE_BADGE	GENDER_FEMALE	0.710000	0.620000	0.160000	0.160000	0.000000	MP_Ind_Tshirt_005	MP_Ind_Tshirt_005
FM_Ind_F_Tshirt_006	mpIndependance_overlays	x64w.rpf/dlcpacks/mpindependence/dlc.rpf/common/data/effects/peds/mpindependence_overlays.xml	ZONE_TORSO	TYPE_BADGE	GENDER_FEMALE	0.726000	0.620000	0.160000	0.140000	0.000000	MP_Ind_Tshirt_006	MP_Ind_Tshirt_006
FM_Ind_F_Tshirt_007	mpIndependance_overlays	x64w.rpf/dlcpacks/mpindependence/dlc.rpf/common/data/effects/peds/mpindependence_overlays.xml	ZONE_TORSO	TYPE_BADGE	GENDER_FEMALE	0.726000	0.620000	0.160000	0.140000	0.000000	MP_Ind_Tshirt_007	MP_Ind_Tshirt_007
FM_Ind_F_Tshirt_008	mpIndependance_overlays	x64w.rpf/dlcpacks/mpindependence/dlc.rpf/common/data/effects/peds/mpindependence_overlays.xml	ZONE_TORSO	TYPE_BADGE	GENDER_FEMALE	0.710000	0.620000	0.160000	0.140000	0.000000	MP_Ind_Tshirt_008	MP_Ind_Tshirt_008
FM_Ind_F_Tshirt_009	mpIndependance_overlays	x64w.rpf/dlcpacks/mpindependence/dlc.rpf/common/data/effects/peds/mpindependence_overlays.xml	ZONE_TORSO	TYPE_BADGE	GENDER_FEMALE	0.710000	0.620000	0.160000	0.140000	0.000000	MP_Ind_Tshirt_009	MP_Ind_Tshirt_009
FM_Ind_F_Tshirt_010	mpIndependance_overlays	x64w.rpf/dlcpacks/mpindependence/dlc.rpf/common/data/effects/peds/mpindependence_overlays.xml	ZONE_TORSO	TYPE_BADGE	GENDER_FEMALE	0.710000	0.620000	0.160000	0.140000	0.000000	MP_Ind_Tshirt_010	MP_Ind_Tshirt_010
FM_Ind_F_Tshirt_011	mpIndependance_overlays	x64w.rpf/dlcpacks/mpindependence/dlc.rpf/common/data/effects/peds/mpindependence_overlays.xml	ZONE_TORSO	TYPE_BADGE	GENDER_FEMALE	0.710000	0.620000	0.160000	0.140000	0.000000	MP_Ind_Tshirt_011	MP_Ind_Tshirt_011
FM_Ind_F_Tshirt_012	mpIndependance_overlays	x64w.rpf/dlcpacks/mpindependence/dlc.rpf/common/data/effects/peds/mpindependence_overlays.xml	ZONE_TORSO	TYPE_BADGE	GENDER_FEMALE	0.726000	0.620000	0.180000	0.160000	0.000000	MP_Ind_Tshirt_012	MP_Ind_Tshirt_012
FM_Ind_F_Tshirt_013	mpIndependance_overlays	x64w.rpf/dlcpacks/mpindependence/dlc.rpf/common/data/effects/peds/mpindependence_overlays.xml	ZONE_TORSO	TYPE_BADGE	GENDER_FEMALE	0.726000	0.620000	0.180000	0.160000	0.000000	MP_Ind_Tshirt_013	MP_Ind_Tshirt_013
FM_Ind_F_Tshirt_014	mpIndependance_overlays	x64w.rpf/dlcpacks/mpindependence/dlc.rpf/common/data/effects/peds/mpindependence_overlays.xml	ZONE_TORSO	TYPE_BADGE	GENDER_FEMALE	0.710000	0.640000	0.100000	0.100000	0.000000	MP_Ind_Tshirt_014	MP_Ind_Tshirt_014
FM_Ind_F_Tshirt_015	mpIndependance_overlays	x64w.rpf/dlcpacks/mpindependence/dlc.rpf/common/data/effects/peds/mpindependence_overlays.xml	ZONE_TORSO	TYPE_BADGE	GENDER_FEMALE	0.726000	0.600000	0.180000	0.150000	0.000000	MP_Ind_Tshirt_015	MP_Ind_Tshirt_015
FM_Ind_F_Tshirt_016	mpIndependance_overlays	x64w.rpf/dlcpacks/mpindependence/dlc.rpf/common/data/effects/peds/mpindependence_overlays.xml	ZONE_TORSO	TYPE_BADGE	GENDER_FEMALE	0.726000	0.600000	0.180000	0.150000	0.000000	MP_Ind_Tshirt_016	MP_Ind_Tshirt_016
FM_Ind_F_Tshirt_017	mpIndependance_overlays	x64w.rpf/dlcpacks/mpindependence/dlc.rpf/common/data/effects/peds/mpindependence_overlays.xml	ZONE_TORSO	TYPE_BADGE	GENDER_FEMALE	0.715000	0.580000	0.180000	0.150000	0.000000	MP_Ind_Tshirt_017	MP_Ind_Tshirt_017
FM_Ind_F_Tshirt_018	mpIndependance_overlays	x64w.rpf/dlcpacks/mpindependence/dlc.rpf/common/data/effects/peds/mpindependence_overlays.xml	ZONE_TORSO	TYPE_BADGE	GENDER_FEMALE	0.715000	0.580000	0.180000	0.150000	0.000000	MP_Ind_Tshirt_018	MP_Ind_Tshirt_018
FM_Ind_F_Tshirt_019	mpIndependance_overlays	x64w.rpf/dlcpacks/mpindependence/dlc.rpf/common/data/effects/peds/mpindependence_overlays.xml	ZONE_TORSO	TYPE_BADGE	GENDER_FEMALE	0.690000	0.620000	0.180000	0.150000	0.000000	MP_Ind_Tshirt_019	MP_Ind_Tshirt_019
FM_Ind_F_Tshirt_020	mpIndependance_overlays	x64w.rpf/dlcpacks/mpindependence/dlc.rpf/common/data/effects/peds/mpindependence_overlays.xml	ZONE_TORSO	TYPE_BADGE	GENDER_FEMALE	0.700000	0.690000	0.180000	0.150000	0.000000	MP_Ind_Tshirt_020	MP_Ind_Tshirt_020
FM_Ind_F_Tshirt_021	mpIndependance_overlays	x64w.rpf/dlcpacks/mpindependence/dlc.rpf/common/data/effects/peds/mpindependence_overlays.xml	ZONE_TORSO	TYPE_BADGE	GENDER_FEMALE	0.710000	0.620000	0.140000	0.140000	0.000000	MP_Ind_Tshirt_021	MP_Ind_Tshirt_021
FM_Ind_F_Tshirt_022	mpIndependance_overlays	x64w.rpf/dlcpacks/mpindependence/dlc.rpf/common/data/effects/peds/mpindependence_overlays.xml	ZONE_TORSO	TYPE_BADGE	GENDER_FEMALE	0.726000	0.650000	0.150000	0.150000	0.000000	MP_Ind_Tshirt_022	MP_Ind_Tshirt_022
FM_Ind_F_Tshirt_023	mpIndependance_overlays	x64w.rpf/dlcpacks/mpindependence/dlc.rpf/common/data/effects/peds/mpindependence_overlays.xml	ZONE_TORSO	TYPE_BADGE	GENDER_FEMALE	0.726000	0.600000	0.150000	0.150000	0.000000	MP_Ind_Tshirt_023	MP_Ind_Tshirt_023
FM_Ind_F_Tshirt_024	mpIndependance_overlays	x64w.rpf/dlcpacks/mpindependence/dlc.rpf/common/data/effects/peds/mpindependence_overlays.xml	ZONE_TORSO	TYPE_BADGE	GENDER_FEMALE	0.726000	0.600000	0.150000	0.150000	0.000000	MP_Ind_Tshirt_024	MP_Ind_Tshirt_024
FM_Ind_F_Tshirt_025	mpIndependance_overlays	x64w.rpf/dlcpacks/mpindependence/dlc.rpf/common/data/effects/peds/mpindependence_overlays.xml	ZONE_TORSO	TYPE_BADGE	GENDER_FEMALE	0.726000	0.640000	0.150000	0.150000	0.000000	MP_Ind_Tshirt_025	MP_Ind_Tshirt_025
FM_Ind_F_Tshirt_026	mpIndependance_overlays	x64w.rpf/dlcpacks/mpindependence/dlc.rpf/common/data/effects/peds/mpindependence_overlays.xml	ZONE_TORSO	TYPE_BADGE	GENDER_FEMALE	0.743000	0.600000	0.150000	0.150000	0.000000	MP_Ind_Tshirt_026	MP_Ind_Tshirt_026
FM_LTS_M_Tshirt_000	mpLTS_overlays	x64w.rpf/dlcpacks/mplts/dlc.rpf/common/data/effects/peds/mplts_overlays.xml	ZONE_TORSO	TYPE_BADGE	GENDER_MALE	0.738000	0.590000	0.300000	0.300000	0.000000	MP_LTS_Tshirt_000	MP_LTS_Tshirt_000
FM_LTS_F_Tshirt_000	mpLTS_overlays	x64w.rpf/dlcpacks/mplts/dlc.rpf/common/data/effects/peds/mplts_overlays.xml	ZONE_TORSO	TYPE_BADGE	GENDER_FEMALE	0.710000	0.560000	0.300000	0.300000	0.000000	MP_LTS_Tshirt_000	MP_LTS_Tshirt_000
MP_Fli_M_Tshirt_000	mpPilot_overlays	x64w.rpf/dlcpacks/mppilot/dlc.rpf/common/data/effects/peds/mppilot_overlays.xml	ZONE_TORSO	TYPE_BADGE	GENDER_MALE	0.737000	0.650000	0.170000	0.160000	0.000000	MP_Fli_Tshirt_000	MP_Fli_Tshirt_000
MP_Fli_F_Tshirt_000	mpPilot_overlays	x64w.rpf/dlcpacks/mppilot/dlc.rpf/common/data/effects/peds/mppilot_overlays.xml	ZONE_TORSO	TYPE_BADGE	GENDER_FEMALE	0.720000	0.650000	0.150000	0.150000	0.000000	MP_Fli_Tshirt_000	MP_Fli_Tshirt_000
MP_Val_M_Tshirt_A	mpValentines_overlays	x64w.rpf/dlcpacks/mpvalentines/dlc.rpf/common/data/effects/peds/mpvalentines_overlays.xml	ZONE_TORSO	TYPE_BADGE	GENDER_MALE	0.735000	0.650000	0.150000	0.150000	0.000000	mp_val_tshirt_012	mp_val_tshirt_012
MP_Val_M_Tshirt_B	mpValentines_overlays	x64w.rpf/dlcpacks/mpvalentines/dlc.rpf/common/data/effects/peds/mpvalentines_overlays.xml	ZONE_TORSO	TYPE_BADGE	GENDER_MALE	0.735000	0.650000	0.100000	0.100000	0.000000	mp_val_tshirt_004	mp_val_tshirt_004
MP_Val_M_Tshirt_C	mpValentines_overlays	x64w.rpf/dlcpacks/mpvalentines/dlc.rpf/common/data/effects/peds/mpvalentines_overlays.xml	ZONE_TORSO	TYPE_BADGE	GENDER_MALE	0.735000	0.650000	0.150000	0.150000	0.000000	mp_val_tshirt_010	mp_val_tshirt_010
MP_Val_M_Tshirt_D	mpValentines_overlays	x64w.rpf/dlcpacks/mpvalentines/dlc.rpf/common/data/effects/peds/mpvalentines_overlays.xml	ZONE_TORSO	TYPE_BADGE	GENDER_MALE	0.735000	0.630000	0.120000	0.120000	0.000000	mp_val_tshirt_016	mp_val_tshirt_016
MP_Val_M_Tshirt_E	mpValentines_overlays	x64w.rpf/dlcpacks/mpvalentines/dlc.rpf/common/data/effects/peds/mpvalentines_overlays.xml	ZONE_TORSO	TYPE_BADGE	GENDER_MALE	0.735000	0.630000	0.120000	0.120000	0.000000	mp_val_tshirt_014	mp_val_tshirt_014
MP_Val_M_Tshirt_F	mpValentines_overlays	x64w.rpf/dlcpacks/mpvalentines/dlc.rpf/common/data/effects/peds/mpvalentines_overlays.xml	ZONE_TORSO	TYPE_BADGE	GENDER_MALE	0.735000	0.650000	0.150000	0.150000	0.000000	mp_val_tshirt_006	mp_val_tshirt_006
MP_Val_M_Tshirt_G	mpValentines_overlays	x64w.rpf/dlcpacks/mpvalentines/dlc.rpf/common/data/effects/peds/mpvalentines_overlays.xml	ZONE_TORSO	TYPE_BADGE	GENDER_MALE	0.710000	0.650000	0.150000	0.150000	0.000000	mp_val_tshirt_000	mp_val_tshirt_000
MP_Val_M_Tshirt_H	mpValentines_overlays	x64w.rpf/dlcpacks/mpvalentines/dlc.rpf/common/data/effects/peds/mpvalentines_overlays.xml	ZONE_TORSO	TYPE_BADGE	GENDER_MALE	0.745000	0.650000	0.150000	0.150000	0.000000	mp_val_tshirt_008	mp_val_tshirt_008
MP_Val_M_Tshirt_I	mpValentines_overlays	x64w.rpf/dlcpacks/mpvalentines/dlc.rpf/common/data/effects/peds/mpvalentines_overlays.xml	ZONE_TORSO	TYPE_BADGE	GENDER_MALE	0.735000	0.640000	0.150000	0.150000	0.000000	mp_val_tshirt_002	mp_val_tshirt_002
MP_Val_M_Tshirt_J	mpValentines_overlays	x64w.rpf/dlcpacks/mpvalentines/dlc.rpf/common/data/effects/peds/mpvalentines_overlays.xml	ZONE_TORSO	TYPE_BADGE	GENDER_MALE	0.735000	0.630000	0.200000	0.200000	0.000000	mp_val_tshirt_018	mp_val_tshirt_018
MP_Val_M_Tshirt_K	mpValentines_overlays	x64w.rpf/dlcpacks/mpvalentines/dlc.rpf/common/data/effects/peds/mpvalentines_overlays.xml	ZONE_TORSO	TYPE_BADGE	GENDER_MALE	0.735000	0.650000	0.150000	0.150000	0.000000	mp_val_tshirt_013	mp_val_tshirt_013
MP_Val_M_Tshirt_L	mpValentines_overlays	x64w.rpf/dlcpacks/mpvalentines/dlc.rpf/common/data/effects/peds/mpvalentines_overlays.xml	ZONE_TORSO	TYPE_BADGE	GENDER_MALE	0.735000	0.650000	0.100000	0.100000	0.000000	mp_val_tshirt_007	mp_val_tshirt_007
MP_Val_M_Tshirt_M	mpValentines_overlays	x64w.rpf/dlcpacks/mpvalentines/dlc.rpf/common/data/effects/peds/mpvalentines_overlays.xml	ZONE_TORSO	TYPE_BADGE	GENDER_MALE	0.735000	0.650000	0.150000	0.150000	0.000000	mp_val_tshirt_011	mp_val_tshirt_011
MP_Val_M_Tshirt_N	mpValentines_overlays	x64w.rpf/dlcpacks/mpvalentines/dlc.rpf/common/data/effects/peds/mpvalentines_overlays.xml	ZONE_TORSO	TYPE_BADGE	GENDER_MALE	0.735000	0.630000	0.120000	0.120000	0.000000	mp_val_tshirt_017	mp_val_tshirt_017
MP_Val_M_Tshirt_O	mpValentines_overlays	x64w.rpf/dlcpacks/mpvalentines/dlc.rpf/common/data/effects/peds/mpvalentines_overlays.xml	ZONE_TORSO	TYPE_BADGE	GENDER_MALE	0.735000	0.630000	0.120000	0.120000	0.000000	mp_val_tshirt_015	mp_val_tshirt_015
MP_Val_M_Tshirt_P	mpValentines_overlays	x64w.rpf/dlcpacks/mpvalentines/dlc.rpf/common/data/effects/peds/mpvalentines_overlays.xml	ZONE_TORSO	TYPE_BADGE	GENDER_MALE	0.735000	0.650000	0.150000	0.150000	0.000000	mp_val_tshirt_005	mp_val_tshirt_005
MP_Val_M_Tshirt_Q	mpValentines_overlays	x64w.rpf/dlcpacks/mpvalentines/dlc.rpf/common/data/effects/peds/mpvalentines_overlays.xml	ZONE_TORSO	TYPE_BADGE	GENDER_MALE	0.710000	0.650000	0.150000	0.150000	0.000000	mp_val_tshirt_001	mp_val_tshirt_001
MP_Val_M_Tshirt_R	mpValentines_overlays	x64w.rpf/dlcpacks/mpvalentines/dlc.rpf/common/data/effects/peds/mpvalentines_overlays.xml	ZONE_TORSO	TYPE_BADGE	GENDER_MALE	0.745000	0.650000	0.150000	0.150000	0.000000	mp_val_tshirt_009	mp_val_tshirt_009
MP_Val_M_Tshirt_S	mpValentines_overlays	x64w.rpf/dlcpacks/mpvalentines/dlc.rpf/common/data/effects/peds/mpvalentines_overlays.xml	ZONE_TORSO	TYPE_BADGE	GENDER_MALE	0.735000	0.640000	0.150000	0.150000	0.000000	mp_val_tshirt_003	mp_val_tshirt_003
MP_Val_M_Tshirt_T	mpValentines_overlays	x64w.rpf/dlcpacks/mpvalentines/dlc.rpf/common/data/effects/peds/mpvalentines_overlays.xml	ZONE_TORSO	TYPE_BADGE	GENDER_MALE	0.735000	0.630000	0.200000	0.200000	0.000000	mp_val_tshirt_019	mp_val_tshirt_019
MP_Val_F_Tshirt_A	mpValentines_overlays	x64w.rpf/dlcpacks/mpvalentines/dlc.rpf/common/data/effects/peds/mpvalentines_overlays.xml	ZONE_TORSO	TYPE_BADGE	GENDER_FEMALE	0.720000	0.650000	0.150000	0.170000	0.000000	mp_val_tshirt_012	mp_val_tshirt_012
MP_Val_F_Tshirt_B	mpValentines_overlays	x64w.rpf/dlcpacks/mpvalentines/dlc.rpf/common/data/effects/peds/mpvalentines_overlays.xml	ZONE_TORSO	TYPE_BADGE	GENDER_FEMALE	0.720000	0.650000	0.100000	0.100000	0.000000	mp_val_tshirt_004	mp_val_tshirt_004
MP_Val_F_Tshirt_C	mpValentines_overlays	x64w.rpf/dlcpacks/mpvalentines/dlc.rpf/common/data/effects/peds/mpvalentines_overlays.xml	ZONE_TORSO	TYPE_BADGE	GENDER_FEMALE	0.720000	0.650000	0.135000	0.120000	0.000000	mp_val_tshirt_010	mp_val_tshirt_010
MP_Val_F_Tshirt_D	mpValentines_overlays	x64w.rpf/dlcpacks/mpvalentines/dlc.rpf/common/data/effects/peds/mpvalentines_overlays.xml	ZONE_TORSO	TYPE_BADGE	GENDER_FEMALE	0.720000	0.650000	0.120000	0.120000	0.000000	mp_val_tshirt_016	mp_val_tshirt_016
MP_Val_F_Tshirt_E	mpValentines_overlays	x64w.rpf/dlcpacks/mpvalentines/dlc.rpf/common/data/effects/peds/mpvalentines_overlays.xml	ZONE_TORSO	TYPE_BADGE	GENDER_FEMALE	0.720000	0.650000	0.120000	0.120000	0.000000	mp_val_tshirt_014	mp_val_tshirt_014
MP_Val_F_Tshirt_F	mpValentines_overlays	x64w.rpf/dlcpacks/mpvalentines/dlc.rpf/common/data/effects/peds/mpvalentines_overlays.xml	ZONE_TORSO	TYPE_BADGE	GENDER_FEMALE	0.720000	0.650000	0.130000	0.130000	0.000000	mp_val_tshirt_006	mp_val_tshirt_006
MP_Val_F_Tshirt_G	mpValentines_overlays	x64w.rpf/dlcpacks/mpvalentines/dlc.rpf/common/data/effects/peds/mpvalentines_overlays.xml	ZONE_TORSO	TYPE_BADGE	GENDER_FEMALE	0.700000	0.650000	0.140000	0.140000	0.000000	mp_val_tshirt_000	mp_val_tshirt_000
MP_Val_F_Tshirt_H	mpValentines_overlays	x64w.rpf/dlcpacks/mpvalentines/dlc.rpf/common/data/effects/peds/mpvalentines_overlays.xml	ZONE_TORSO	TYPE_BADGE	GENDER_FEMALE	0.720000	0.650000	0.120000	0.120000	0.000000	mp_val_tshirt_008	mp_val_tshirt_008
MP_Val_F_Tshirt_I	mpValentines_overlays	x64w.rpf/dlcpacks/mpvalentines/dlc.rpf/common/data/effects/peds/mpvalentines_overlays.xml	ZONE_TORSO	TYPE_BADGE	GENDER_FEMALE	0.720000	0.650000	0.140000	0.140000	0.000000	mp_val_tshirt_002	mp_val_tshirt_002
MP_Val_F_Tshirt_J	mpValentines_overlays	x64w.rpf/dlcpacks/mpvalentines/dlc.rpf/common/data/effects/peds/mpvalentines_overlays.xml	ZONE_TORSO	TYPE_BADGE	GENDER_FEMALE	0.720000	0.670000	0.180000	0.180000	0.000000	mp_val_tshirt_018	mp_val_tshirt_018
MP_Val_F_Tshirt_K	mpValentines_overlays	x64w.rpf/dlcpacks/mpvalentines/dlc.rpf/common/data/effects/peds/mpvalentines_overlays.xml	ZONE_TORSO	TYPE_BADGE	GENDER_FEMALE	0.720000	0.650000	0.150000	0.170000	0.000000	mp_val_tshirt_013	mp_val_tshirt_013
MP_Val_F_Tshirt_L	mpValentines_overlays	x64w.rpf/dlcpacks/mpvalentines/dlc.rpf/common/data/effects/peds/mpvalentines_overlays.xml	ZONE_TORSO	TYPE_BADGE	GENDER_FEMALE	0.720000	0.650000	0.100000	0.100000	0.000000	mp_val_tshirt_007	mp_val_tshirt_007
MP_Val_F_Tshirt_M	mpValentines_overlays	x64w.rpf/dlcpacks/mpvalentines/dlc.rpf/common/data/effects/peds/mpvalentines_overlays.xml	ZONE_TORSO	TYPE_BADGE	GENDER_FEMALE	0.720000	0.650000	0.135000	0.120000	0.000000	mp_val_tshirt_011	mp_val_tshirt_011
MP_Val_F_Tshirt_N	mpValentines_overlays	x64w.rpf/dlcpacks/mpvalentines/dlc.rpf/common/data/effects/peds/mpvalentines_overlays.xml	ZONE_TORSO	TYPE_BADGE	GENDER_FEMALE	0.720000	0.650000	0.120000	0.120000	0.000000	mp_val_tshirt_017	mp_val_tshirt_017
MP_Val_F_Tshirt_O	mpValentines_overlays	x64w.rpf/dlcpacks/mpvalentines/dlc.rpf/common/data/effects/peds/mpvalentines_overlays.xml	ZONE_TORSO	TYPE_BADGE	GENDER_FEMALE	0.720000	0.650000	0.120000	0.120000	0.000000	mp_val_tshirt_015	mp_val_tshirt_015
MP_Val_F_Tshirt_P	mpValentines_overlays	x64w.rpf/dlcpacks/mpvalentines/dlc.rpf/common/data/effects/peds/mpvalentines_overlays.xml	ZONE_TORSO	TYPE_BADGE	GENDER_FEMALE	0.720000	0.650000	0.130000	0.130000	0.000000	mp_val_tshirt_005	mp_val_tshirt_005
MP_Val_F_Tshirt_Q	mpValentines_overlays	x64w.rpf/dlcpacks/mpvalentines/dlc.rpf/common/data/effects/peds/mpvalentines_overlays.xml	ZONE_TORSO	TYPE_BADGE	GENDER_FEMALE	0.700000	0.650000	0.140000	0.140000	0.000000	mp_val_tshirt_001	mp_val_tshirt_001
MP_Val_F_Tshirt_R	mpValentines_overlays	x64w.rpf/dlcpacks/mpvalentines/dlc.rpf/common/data/effects/peds/mpvalentines_overlays.xml	ZONE_TORSO	TYPE_BADGE	GENDER_FEMALE	0.720000	0.650000	0.120000	0.120000	0.000000	mp_val_tshirt_009	mp_val_tshirt_009
MP_Val_F_Tshirt_S	mpValentines_overlays	x64w.rpf/dlcpacks/mpvalentines/dlc.rpf/common/data/effects/peds/mpvalentines_overlays.xml	ZONE_TORSO	TYPE_BADGE	GENDER_FEMALE	0.720000	0.650000	0.140000	0.140000	0.000000	mp_val_tshirt_003	mp_val_tshirt_003
MP_Val_F_Tshirt_T	mpValentines_overlays	x64w.rpf/dlcpacks/mpvalentines/dlc.rpf/common/data/effects/peds/mpvalentines_overlays.xml	ZONE_TORSO	TYPE_BADGE	GENDER_FEMALE	0.720000	0.670000	0.180000	0.180000	0.000000	mp_val_tshirt_019	mp_val_tshirt_019
